UsageID,DateKey,TimeKey,ClientKey,ModelKey,FeatureKey,RegionKey,SubscriptionTierKey,TokensInput,TokensOutput,TotalTokens,LatencyMs,CostUSD,SuccessFlag,SatisfactionScore,RequestType
1,20250103,1529,10,3,1,1,3,1166,1113,2279,996,0.0202,1,,Chat
2,20250304,1323,9,3,3,1,2,1059,2697,3756,824,0.0436,1,,Chat
3,20250318,1259,71,2,7,4,3,1083,222,1305,234,0.0003,1,,Chat
4,20250223,1445,78,1,1,2,2,197,116,313,522,0.0027,1,,Embedding
5,20250312,902,55,3,1,5,1,1833,254,2087,328,0.0093,1,,Completion
6,20250129,1904,2,1,5,2,2,1068,641,1709,325,0.015,1,,Chat
7,20250320,1123,6,1,2,2,2,1496,201,1697,735,0.0105,1,,Embedding
8,20250415,1139,72,5,1,1,1,511,198,709,461,0.0016,1,,Chat
9,20250327,1350,23,1,5,1,2,465,1314,1779,372,0.022,1,,Embedding
10,20250501,1414,5,5,1,4,1,114,106,220,299,0.0007,1,,Chat
11,20250326,1617,52,5,6,1,3,776,299,1075,250,0.0025,1,,Chat
12,20250130,856,4,3,2,6,3,652,388,1040,890,0.0078,1,4.9,Chat
13,20250511,1507,78,1,2,3,2,229,818,1047,562,0.0134,1,,Chat
14,20250404,1127,26,4,1,5,3,1153,793,1946,371,0.0013,1,,Chat
15,20250620,1026,40,2,6,3,2,503,437,940,375,0.0003,1,,Completion
16,20250607,1236,23,1,4,1,3,1112,210,1322,377,0.0087,1,,Chat
17,20250424,1728,60,2,2,2,3,2254,310,2564,378,0.0005,1,,Completion
18,20250327,1505,80,6,5,3,2,372,449,821,430,0.0002,1,,Completion
19,20250606,1354,61,1,1,1,2,6403,49,6452,836,0.0328,1,,Embedding
20,20250617,1444,19,3,4,2,2,993,656,1649,197,0.0128,1,,Completion
21,20250429,1303,67,1,2,1,4,1914,2450,4364,532,0.0463,1,,Chat
22,20250424,1039,41,1,2,2,3,810,1436,2246,724,0.0256,1,,Chat
23,20250308,1148,58,5,2,1,4,1055,358,1413,374,0.0031,1,,Completion
24,20250302,1117,37,3,4,1,1,965,414,1379,317,0.0091,1,,Chat
25,20250415,1521,54,1,2,1,2,1738,604,2342,596,0.0177,1,,Chat
26,20250408,830,74,2,6,2,3,455,246,701,201,0.0002,1,,Completion
27,20250604,1357,70,5,7,2,3,956,1641,2597,297,0.0094,1,4.0,Chat
28,20250202,1539,60,2,4,2,2,622,64,686,277,0.0001,1,,Completion
29,20250113,1416,24,3,1,2,4,12000,501,12501,718,0.0435,1,3.8,Completion
30,20250501,1301,11,2,5,4,2,232,872,1104,353,0.0006,1,4.9,Chat
31,20250221,1753,32,1,7,1,1,539,2281,2820,331,0.0369,1,3.4,Completion
32,20250605,1638,22,3,1,3,3,11973,234,12207,521,0.0394,1,,Completion
33,20250623,1458,74,1,1,2,4,809,137,946,665,0.0061,1,,Completion
34,20250625,938,39,1,4,3,1,2150,251,2401,1002,0.0145,1,,Completion
35,20250104,1054,44,1,3,3,1,970,1303,2273,369,0.0244,1,,Chat
36,20250514,1441,23,2,6,2,2,2156,84,2240,298,0.0004,1,,Chat
37,20250123,1517,32,2,2,3,2,1344,115,1459,150,0.0003,1,4.0,Completion
38,20250401,1651,28,2,1,4,2,868,408,1276,313,0.0004,1,4.3,Embedding
39,20250506,1135,53,3,3,1,2,1689,795,2484,487,0.017,1,,Completion
40,20250320,2142,32,2,5,1,2,1018,119,1137,344,0.0002,1,,Chat
41,20250320,1016,35,2,5,1,3,1350,884,2234,199,0.0007,1,,Chat
42,20250312,1746,62,4,7,3,2,964,664,1628,465,0.0011,1,,Completion
43,20250104,1345,39,6,6,1,2,337,155,492,200,0.0001,1,5.0,Completion
44,20250527,1318,2,4,1,4,3,904,417,1321,361,0.0007,1,,Chat
45,20250506,1404,52,1,7,2,4,5730,468,6198,1268,0.0357,1,,Chat
46,20250417,1638,72,5,7,1,2,307,132,439,327,0.001,1,,Completion
47,20250320,1336,55,2,6,1,3,1264,493,1757,272,0.0005,1,,Completion
48,20250303,1011,21,6,1,1,3,170,225,395,363,0.0001,1,3.9,Completion
49,20250119,1443,59,2,1,1,2,216,382,598,317,0.0003,1,4.6,Completion
50,20250310,1052,20,5,1,1,2,763,347,1110,167,0.0027,1,4.6,Completion
51,20250629,1525,39,5,6,2,3,1101,829,1930,383,0.0055,1,,Chat
52,20250107,805,33,1,1,2,2,524,981,1505,766,0.0173,1,,Embedding
53,20250111,1648,74,3,1,4,4,12000,1035,13035,908,0.0515,1,,Completion
54,20250124,1730,63,5,1,2,3,1195,252,1447,354,0.0028,1,4.4,Embedding
55,20250110,1029,71,2,4,1,4,537,218,755,288,0.0002,1,3.4,Completion
56,20250416,2303,60,5,5,1,4,123,591,714,121,0.0031,1,,Completion
57,20250423,1256,37,3,5,1,3,3979,639,4618,404,0.0215,1,5.0,Completion
58,20250227,1153,12,1,1,2,3,2642,300,2942,699,0.0177,1,,Chat
59,20250417,1453,35,5,2,3,3,370,2043,2413,342,0.0107,1,,Chat
60,20250118,517,18,1,1,2,3,1613,320,1933,843,0.0129,1,,Chat
61,20250529,1042,76,4,1,1,3,599,507,1106,364,0.0008,1,4.2,Chat
62,20250628,915,25,3,3,2,2,958,383,1341,501,0.0086,1,4.6,Chat
63,20250507,2102,20,4,4,4,2,957,113,1070,369,0.0004,1,,Chat
64,20250206,2226,2,1,6,1,4,3761,142,3903,539,0.0209,1,,Chat
65,20250326,1954,11,4,1,3,2,351,481,832,355,0.0007,1,,Vision
66,20250118,1015,80,3,6,2,3,1262,27,1289,416,0.0042,1,,Vision
67,20250424,1210,13,4,2,1,3,216,1322,1538,139,0.0017,1,,Chat
68,20250416,1236,68,4,1,1,1,748,1124,1872,139,0.0016,1,3.5,Completion
69,20250429,1840,30,2,4,2,3,671,143,814,325,0.0002,1,3.2,Embedding
70,20250531,1419,45,5,4,1,2,387,350,737,242,0.0022,1,,Chat
71,20250408,1436,31,5,1,2,3,1207,1271,2478,158,0.0079,1,4.5,Chat
72,20250605,2247,7,5,2,1,4,114,290,404,337,0.0016,1,,Chat
73,20250306,1543,80,4,3,1,3,379,276,655,231,0.0004,1,,Completion
74,20250109,1137,57,1,1,3,1,3132,844,3976,492,0.0283,1,4.8,Chat
75,20250516,1732,47,2,1,4,4,877,659,1536,341,0.0005,1,,Chat
76,20250130,1029,44,5,2,4,3,401,623,1024,339,0.0036,1,4.9,Embedding
77,20250124,1350,47,4,7,6,4,739,978,1717,222,0.0014,1,3.4,Chat
78,20250128,1643,48,4,1,2,3,554,274,828,387,0.0005,1,4.8,Completion
79,20250616,1726,39,5,1,1,4,1383,1001,2384,282,0.0067,1,3.3,Vision
80,20250621,1647,48,1,1,2,2,982,818,1800,620,0.0172,1,,Completion
81,20250415,1417,79,4,6,3,4,1136,164,1300,485,0.0005,1,,Chat
82,20250615,922,70,6,6,1,3,223,883,1106,357,0.0003,1,4.9,Vision
83,20250113,1650,3,5,1,1,3,1170,326,1496,192,0.0031,1,,Completion
84,20250326,1449,30,1,5,2,3,680,1519,2199,616,0.0262,1,,Chat
85,20250129,1042,23,5,1,1,2,498,469,967,224,0.003,1,3.8,Completion
86,20250515,1007,54,3,1,1,1,1709,759,2468,534,0.0165,1,,Completion
87,20250618,1233,6,3,1,2,4,1689,152,1841,329,0.0073,1,,Chat
88,20250119,1157,57,6,6,2,1,548,430,978,424,0.0002,1,,Chat
89,20250516,1718,77,1,4,2,2,1141,591,1732,421,0.0146,1,,Chat
90,20250421,1328,28,4,6,3,3,512,434,946,198,0.0007,1,,Embedding
91,20250406,1609,33,2,4,1,2,2642,301,2943,319,0.0006,1,,Chat
92,20250523,1603,17,1,2,3,2,896,744,1640,652,0.0156,1,,Chat
93,20250315,1438,7,1,2,3,3,618,616,1234,763,0.0123,1,4.1,Chat
94,20250313,1936,15,2,6,1,3,1577,2059,3636,204,0.0015,1,,Completion
95,20250618,1753,78,4,4,3,3,784,2124,2908,200,0.0029,1,3.7,Completion
96,20250118,1009,52,6,2,1,1,387,54,441,228,0.0,1,,Chat
97,20250325,1049,40,3,2,2,2,1556,832,2388,1076,0.0171,1,,Embedding
98,20250619,1727,57,1,5,1,1,752,256,1008,761,0.0076,1,,Chat
99,20250505,833,76,4,1,2,2,3457,900,4357,234,0.002,1,3.9,Completion
100,20250316,720,33,1,1,1,1,5186,539,5725,931,0.034,1,,Chat
101,20250119,725,46,1,3,1,3,735,604,1339,660,0.0127,1,3.2,Vision
102,20250316,1207,54,5,3,2,3,1165,133,1298,266,0.0021,1,,Chat
103,20250128,1415,56,6,2,3,2,1056,604,1660,169,0.0003,1,,Chat
104,20250511,740,10,5,5,1,3,2100,438,2538,206,0.0048,1,,Embedding
105,20250127,2009,31,2,4,4,4,738,900,1638,286,0.0007,1,3.5,Completion
106,20250529,2228,73,1,7,3,3,7749,475,8224,871,0.0459,1,,Completion
107,20250118,1630,57,6,2,6,2,2279,145,2424,347,0.0002,1,3.7,Chat
108,20250120,1841,37,3,1,2,1,230,195,425,186,0.0036,1,,Completion
109,20250426,1258,6,3,2,2,3,2745,2507,5252,666,0.0458,1,,Chat
110,20250122,2032,44,2,1,1,1,192,77,269,274,0.0001,1,4.5,Vision
111,20250415,1549,50,3,3,1,4,1296,84,1380,629,0.0051,1,,Completion
112,20250306,846,37,3,1,1,3,2616,852,3468,436,0.0206,1,,Completion
113,20250617,1144,40,1,1,3,4,464,567,1031,867,0.0108,1,4.5,Chat
114,20250124,1041,68,3,4,1,1,2217,363,2580,469,0.0121,1,,Chat
115,20250227,1308,25,2,7,1,3,261,206,467,162,0.0002,1,4.6,Chat
116,20250203,2138,80,3,5,2,3,1387,309,1696,698,0.0088,1,4.7,Completion
117,20250424,1339,31,5,1,2,2,545,556,1101,354,0.0035,1,,Chat
118,20250405,1143,25,3,1,4,3,753,463,1216,126,0.0092,1,,Chat
119,20250604,708,26,2,2,2,4,2276,1337,3613,255,0.0011,1,4.1,Chat
120,20250211,1617,11,6,4,2,1,880,4000,4880,389,0.0013,1,,Embedding
121,20250417,1303,4,1,6,4,4,515,130,645,696,0.0045,1,,Chat
122,20250207,1008,43,1,1,1,1,323,325,648,403,0.0065,1,,Chat
123,20250105,2016,11,5,5,2,3,1470,328,1798,425,0.0035,1,4.9,Completion
124,20250418,1440,31,2,5,1,1,306,1205,1511,332,0.0008,1,,Chat
125,20250206,918,31,5,3,1,3,560,156,716,144,0.0015,1,,Chat
126,20250515,1734,9,2,4,1,4,3708,100,3808,335,0.0006,1,,Completion
127,20250105,1122,33,2,2,3,4,429,199,628,195,0.0002,1,4.5,Completion
128,20250328,1452,70,4,5,1,1,314,415,729,275,0.0006,1,,Completion
129,20250110,1318,59,6,2,1,1,293,202,495,354,0.0001,1,,Embedding
130,20250306,1602,61,2,1,2,4,275,359,634,353,0.0003,1,3.8,Completion
131,20250423,757,52,5,2,1,2,1084,188,1272,335,0.0023,1,3.5,Completion
132,20250121,1027,55,2,5,1,1,131,82,213,284,0.0001,1,,Chat
133,20250420,1510,78,2,1,3,2,294,568,862,120,0.0004,1,,Chat
134,20250120,1342,8,5,2,6,2,223,189,412,284,0.0012,1,,Embedding
135,20250109,1008,57,3,7,1,3,911,1565,2476,518,0.0262,1,,Chat
136,20250406,1728,48,2,3,3,3,240,518,758,421,0.0003,1,,Chat
137,20250508,433,24,2,4,1,1,324,539,863,260,0.0004,1,,Chat
138,20250221,1507,63,1,2,6,2,732,653,1385,614,0.0135,1,3.5,Completion
139,20250117,1835,45,6,5,6,4,836,440,1276,239,0.0002,1,,Embedding
140,20250227,1207,66,4,6,3,3,450,461,911,238,0.0007,0,,Chat
141,20250203,1539,71,2,2,2,3,4306,692,4998,248,0.0011,1,3.9,Completion
142,20250323,1841,17,2,2,2,3,460,58,518,181,0.0001,1,,Chat
143,20250421,632,17,1,5,2,3,942,612,1554,1031,0.0139,1,3.4,Chat
144,20250314,1554,67,1,2,3,2,1075,1323,2398,146,0.0252,1,4.9,Chat
145,20250529,1409,76,3,3,1,3,2895,147,3042,910,0.0109,1,,Embedding
146,20250112,1541,11,2,6,1,4,457,565,1022,502,0.0004,1,3.6,Completion
147,20250504,1415,39,3,1,5,3,1716,389,2105,456,0.011,1,,Chat
148,20250329,1738,27,1,1,2,3,569,644,1213,541,0.0125,1,,Chat
149,20250524,1506,66,6,2,2,3,898,797,1695,230,0.0003,1,,Chat
150,20250418,1215,79,1,1,1,2,503,394,897,735,0.0084,1,,Embedding
151,20250430,1731,66,6,4,1,2,290,691,981,412,0.0002,1,,Chat
152,20250113,1518,7,2,2,1,3,3601,171,3772,158,0.0006,1,,Completion
153,20250404,648,34,2,3,4,2,2556,576,3132,274,0.0007,1,3.3,Completion
154,20250313,1552,71,2,1,2,3,241,2640,2881,292,0.0016,0,,Chat
155,20250206,1412,47,6,2,4,2,1278,497,1775,301,0.0002,1,,Chat
156,20250605,1057,20,1,4,4,3,2146,3597,5743,956,0.0647,1,4.3,Chat
157,20250517,2031,66,6,5,1,2,419,142,561,267,0.0001,1,4.7,Chat
158,20250602,1430,4,3,7,2,3,4000,120,4120,997,0.0138,1,,Vision
159,20250611,1346,68,3,1,1,3,874,230,1104,273,0.0061,1,,Chat
160,20250423,1720,3,4,1,5,1,710,110,820,153,0.0003,1,,Chat
161,20250630,1208,8,3,3,2,4,7108,470,7578,308,0.0284,1,,Vision
162,20250329,1334,69,2,2,6,3,520,33,553,274,0.0001,1,,Completion
163,20250313,1335,32,3,4,3,2,2687,3485,6172,906,0.0603,1,,Vision
164,20250331,1235,62,4,4,3,3,245,2943,3188,285,0.0037,1,,Chat
165,20250207,1418,45,1,4,1,4,1307,726,2033,617,0.0174,1,,Chat
166,20250311,1159,69,6,4,3,2,406,321,727,226,0.0001,1,3.4,Completion
167,20250114,1106,30,1,1,5,2,1489,472,1961,992,0.0145,1,,Chat
168,20250617,359,53,4,1,2,4,1776,952,2728,120,0.0016,1,,Completion
169,20250616,1236,12,4,1,1,1,476,99,575,203,0.0002,1,,Embedding
170,20250412,950,5,1,6,2,4,7725,1463,9188,939,0.0606,1,,Vision
171,20250327,1618,14,6,6,1,3,240,211,451,327,0.0001,1,,Chat
172,20250326,910,15,5,1,2,2,1263,269,1532,243,0.0029,1,,Completion
173,20250214,1639,25,1,2,1,3,2088,427,2515,913,0.0168,1,,Embedding
174,20250503,920,18,3,1,3,2,2479,1057,3536,579,0.0233,1,3.9,Chat
175,20250617,1523,34,1,2,2,3,383,1447,1830,607,0.0236,1,3.4,Chat
176,20250626,1107,40,2,3,5,3,1709,181,1890,141,0.0004,1,,Chat
177,20250406,726,78,1,7,2,3,2455,178,2633,1049,0.0149,1,,Completion
178,20250121,533,77,5,5,4,3,3061,395,3456,270,0.0058,1,,Chat
179,20250518,1109,74,3,1,2,3,1996,580,2576,901,0.0147,1,,Chat
180,20250115,1429,58,4,4,2,4,761,242,1003,274,0.0005,1,,Completion
181,20250101,1547,33,3,4,1,1,242,167,409,819,0.0032,1,4.0,Completion
182,20250109,1418,61,3,1,5,4,1114,612,1726,729,0.0125,1,,Completion
183,20250425,1155,49,6,4,2,4,330,390,720,184,0.0001,1,,Chat
184,20250215,1534,16,6,6,1,4,143,792,935,326,0.0002,1,5.0,Embedding
185,20250517,1524,55,4,7,2,3,1610,1360,2970,379,0.0021,1,3.8,Chat
186,20250607,649,54,6,4,1,4,210,194,404,282,0.0001,1,,Chat
187,20250304,1647,7,1,3,2,3,648,718,1366,478,0.014,1,,Chat
188,20250528,1120,30,4,5,1,4,187,150,337,147,0.0002,1,,Embedding
189,20250318,1017,53,1,6,6,3,3841,244,4085,1248,0.0229,1,,Embedding
190,20250614,1542,45,5,4,2,3,785,159,944,348,0.0018,1,,Completion
191,20250227,1119,31,2,1,1,3,742,2910,3652,270,0.0019,1,4.0,Chat
192,20250222,1821,33,2,2,2,2,353,320,673,453,0.0002,1,,Embedding
193,20250604,1102,78,1,4,1,2,8204,1178,9382,522,0.0587,1,4.6,Completion
194,20250224,1659,2,3,2,4,2,3542,1086,4628,292,0.0269,1,,Completion
195,20250303,1135,51,4,6,3,3,532,310,842,340,0.0005,1,4.0,Completion
196,20250323,1458,61,2,2,5,3,199,456,655,339,0.0003,1,3.3,Embedding
197,20250317,1609,54,4,1,2,3,1759,671,2430,324,0.0013,1,4.2,Chat
198,20250614,1347,63,3,7,1,3,254,905,1159,697,0.0143,1,4.6,Chat
199,20250515,1502,8,4,2,5,3,210,131,341,383,0.0002,1,4.7,Chat
200,20250103,1313,20,1,1,3,1,2647,618,3265,656,0.0225,1,,Completion
201,20250517,1735,1,3,3,2,3,799,659,1458,544,0.0123,1,4.5,Chat
202,20250128,1258,23,2,3,3,2,503,398,901,233,0.0003,1,3.5,Chat
203,20250428,1936,52,5,1,2,2,297,281,578,236,0.0018,1,,Chat
204,20250124,1925,5,5,1,6,3,793,793,1586,134,0.005,1,,Chat
205,20250525,1554,43,1,1,2,2,3260,650,3910,892,0.026,1,,Embedding
206,20250112,1159,35,1,6,3,3,5482,4000,9482,567,0.0874,1,,Embedding
207,20250531,1209,27,3,1,5,2,5729,2698,8427,531,0.0577,1,,Chat
208,20250623,1257,50,1,1,1,4,1010,167,1177,441,0.0076,1,,Completion
209,20250114,906,45,4,4,1,3,333,320,653,302,0.0005,1,,Chat
210,20250612,2017,4,4,7,2,3,270,762,1032,259,0.001,1,,Chat
211,20250122,1349,49,3,2,1,3,2630,207,2837,736,0.011,1,,Completion
212,20250323,1423,50,1,1,3,3,2191,792,2983,1208,0.0228,1,3.8,Chat
213,20250512,1126,72,1,1,1,2,787,332,1119,523,0.0089,1,4.2,Completion
214,20250524,1157,11,4,6,1,2,1939,1104,3043,224,0.0019,0,4.1,Completion
215,20250422,1017,22,1,1,1,1,2146,356,2502,793,0.0161,1,,Chat
216,20250428,1406,26,1,1,3,3,294,2617,2911,1058,0.0407,1,3.9,Embedding
217,20250204,1119,77,2,6,2,2,469,421,890,312,0.0003,1,,Chat
218,20250528,1650,63,2,7,6,2,4060,284,4344,201,0.0008,1,,Embedding
219,20250216,843,70,2,1,2,3,344,321,665,455,0.0002,1,4.5,Vision
220,20250622,1131,53,1,5,4,1,1675,592,2267,920,0.0173,1,3.7,Chat
221,20250413,34,75,2,2,2,3,412,217,629,382,0.0002,1,,Completion
222,20250602,1640,69,3,5,1,4,8490,1048,9538,568,0.0412,1,3.6,Completion
223,20250326,1650,52,1,3,2,3,4059,1312,5371,765,0.04,1,3.7,Chat
224,20250429,1849,51,3,3,2,2,4312,2237,6549,797,0.0465,1,,Chat
225,20250130,1353,11,6,2,1,4,759,921,1680,199,0.0003,1,3.8,Chat
226,20250323,1504,58,1,2,2,2,903,618,1521,940,0.0138,1,,Chat
227,20250513,1411,32,5,4,3,2,693,103,796,353,0.0014,1,4.0,Chat
228,20250108,1647,51,4,4,1,3,4660,254,4914,301,0.0015,1,4.3,Chat
229,20250528,1406,9,4,1,4,4,2750,304,3054,307,0.0011,1,,Chat
230,20250602,1624,41,1,1,3,3,1614,393,2007,694,0.014,1,,Chat
231,20250607,1837,39,5,3,4,3,264,369,633,211,0.0022,1,3.4,Chat
232,20250528,1824,18,1,4,2,2,292,353,645,735,0.0068,1,,Chat
233,20250205,2011,37,5,7,1,2,626,206,832,464,0.0018,1,,Chat
234,20250510,841,72,2,1,1,4,91,480,571,230,0.0003,1,,Chat
235,20250316,902,29,5,2,1,1,1258,406,1664,224,0.0036,1,,Chat
236,20250527,807,15,2,5,4,3,1458,574,2032,270,0.0006,1,,Vision
237,20250419,2106,28,3,5,4,2,459,141,600,492,0.0035,1,,Chat
238,20250423,1355,12,5,1,1,4,827,269,1096,314,0.0024,0,,Chat
239,20250212,839,55,5,3,1,3,2439,308,2747,389,0.0046,1,3.6,Chat
240,20250316,1536,38,2,1,2,2,1003,536,1539,323,0.0005,1,,Vision
241,20250312,1655,8,3,1,6,3,5060,725,5785,811,0.0261,1,,Chat
242,20250506,1309,51,1,2,1,4,5653,316,5969,1059,0.033,1,3.9,Chat
243,20250627,1359,36,3,6,1,3,320,679,999,495,0.0111,1,,Chat
244,20250612,1742,59,3,6,4,1,697,393,1090,220,0.008,1,,Completion
245,20250314,1221,42,2,7,4,3,75,85,160,354,0.0001,1,4.7,Completion
246,20250105,1707,59,5,5,1,3,975,145,1120,275,0.0019,1,4.0,Vision
247,20250210,1355,39,2,7,5,4,234,1185,1419,365,0.0007,1,4.4,Chat
248,20250629,1348,40,2,6,1,2,681,394,1075,120,0.0003,1,,Completion
249,20250103,1300,57,1,2,1,2,677,232,909,586,0.0069,1,,Vision
250,20250127,2120,14,2,1,1,2,1184,203,1387,336,0.0003,1,3.9,Embedding
251,20250103,1939,73,5,4,3,1,1528,347,1875,216,0.0036,1,,Completion
252,20250123,1657,28,3,1,2,3,1985,1408,3393,794,0.0271,1,,Completion
253,20250615,1805,36,2,7,1,1,410,1012,1422,299,0.0007,1,,Completion
254,20250222,2233,39,2,7,1,4,357,1444,1801,299,0.0009,1,3.9,Completion
255,20250508,1140,31,4,5,1,2,430,251,681,321,0.0004,1,,Vision
256,20250418,1623,73,6,7,1,4,396,323,719,489,0.0001,1,4.0,Vision
257,20250412,2032,8,1,3,1,2,2072,623,2695,677,0.0197,1,,Completion
258,20250313,1605,20,2,2,3,3,264,265,529,120,0.0002,1,,Chat
259,20250321,1544,9,5,3,2,3,1190,219,1409,434,0.0026,1,,Chat
260,20250321,942,8,1,6,1,3,309,744,1053,888,0.0127,1,,Chat
261,20250513,2050,67,4,4,1,4,440,826,1266,276,0.0011,1,3.9,Completion
262,20250420,1317,43,5,5,1,4,1473,575,2048,125,0.0047,1,5.0,Completion
263,20250405,1910,22,2,3,1,4,2303,194,2497,318,0.0005,1,4.2,Completion
264,20250112,1530,32,1,3,1,4,1738,356,2094,497,0.014,1,,Chat
265,20250227,1320,54,6,1,4,3,1911,524,2435,243,0.0003,1,,Chat
266,20250215,1714,7,5,3,1,3,51,876,927,120,0.0044,1,,Vision
267,20250123,1235,42,1,2,1,4,437,175,612,914,0.0048,1,,Chat
268,20250220,1246,64,4,5,1,2,908,317,1225,326,0.0006,1,,Chat
269,20250327,1400,2,1,2,1,2,371,1550,1921,537,0.0251,1,,Completion
270,20250206,745,8,2,1,6,2,452,1182,1634,363,0.0008,1,3.6,Embedding
271,20250125,1232,75,2,6,2,3,485,251,736,483,0.0002,1,,Chat
272,20250322,1559,34,3,2,6,2,2059,1601,3660,704,0.0302,1,,Completion
273,20250128,1209,75,2,1,1,2,557,310,867,276,0.0003,1,,Chat
274,20250309,1654,60,1,2,4,3,1410,1207,2617,631,0.0252,1,4.4,Embedding
275,20250305,1422,12,4,1,4,2,110,719,829,313,0.0009,1,3.7,Embedding
276,20250305,1706,71,1,7,4,3,73,4000,4073,618,0.0604,1,,Chat
277,20250406,1843,52,1,6,6,1,473,1077,1550,410,0.0185,1,,Completion
278,20250202,1105,57,1,5,1,1,9081,502,9583,699,0.0529,1,,Chat
279,20250508,1701,51,1,2,1,3,2198,694,2892,733,0.0214,1,,Chat
280,20250608,2339,79,5,1,2,1,631,391,1022,382,0.0027,1,3.9,Completion
281,20250305,1840,68,1,1,1,2,4389,1104,5493,389,0.0385,0,,Chat
282,20250525,2032,45,2,4,2,3,237,427,664,206,0.0003,1,3.2,Completion
283,20250516,1322,61,1,5,1,4,1860,816,2676,745,0.0215,1,,Vision
284,20250226,2036,8,1,4,1,4,2108,477,2585,869,0.0177,1,,Chat
285,20250601,1801,46,5,6,1,3,220,548,768,348,0.003,1,,Completion
286,20250519,1219,64,1,7,4,4,5301,521,5822,678,0.0343,1,3.3,Completion
287,20250329,1345,17,1,2,1,3,1360,212,1572,322,0.01,1,,Embedding
288,20250515,2055,15,1,1,3,1,574,234,808,160,0.0064,1,4.5,Completion
289,20250613,1131,56,3,2,1,4,356,2863,3219,879,0.044,1,4.9,Completion
290,20250407,1119,23,6,5,1,3,5050,760,5810,248,0.0006,1,3.5,Chat
291,20250109,411,73,4,3,4,3,5228,101,5329,120,0.0014,1,,Vision
292,20250302,1822,10,1,3,5,1,12000,2241,14241,778,0.0936,1,4.8,Chat
293,20250223,1615,34,4,4,5,2,1433,629,2062,307,0.0011,1,,Completion
294,20250416,1431,22,4,1,2,2,628,174,802,252,0.0004,1,,Chat
295,20250211,728,29,5,5,2,3,608,142,750,171,0.0015,1,,Chat
296,20250211,1446,49,2,7,1,2,2328,720,3048,126,0.0008,1,,Vision
297,20250617,1010,56,2,7,5,3,1551,143,1694,257,0.0003,1,,Chat
298,20250309,1642,70,2,7,2,3,278,361,639,149,0.0003,1,3.3,Completion
299,20250619,1140,38,5,1,1,2,886,85,971,323,0.0015,1,3.2,Chat
300,20250501,1331,51,2,1,4,2,1093,399,1492,413,0.0004,1,4.4,Chat
301,20250430,1416,57,2,2,1,1,451,366,817,333,0.0003,1,3.3,Completion
302,20250228,1435,76,3,1,1,3,1394,308,1702,499,0.0088,1,,Chat
303,20250502,819,31,6,4,5,3,3211,114,3325,212,0.0003,1,,Completion
304,20250207,1107,80,3,6,4,3,3277,454,3731,933,0.0166,1,,Vision
305,20250624,1127,11,1,1,1,1,1770,272,2042,1138,0.0129,1,,Chat
306,20250410,935,12,3,1,3,4,1825,1098,2923,744,0.0219,1,3.7,Chat
307,20250129,1326,54,5,5,3,3,591,342,933,265,0.0024,1,,Completion
308,20250518,1756,37,6,1,1,3,4863,205,5068,145,0.0004,1,,Chat
309,20250608,1338,19,2,3,1,2,6780,166,6946,440,0.0011,1,,Chat
310,20250406,2001,35,5,4,1,3,404,535,939,439,0.0032,1,,Chat
311,20250204,1219,30,5,6,3,4,553,201,754,180,0.0017,1,,Embedding
312,20250415,1147,28,1,2,3,2,393,621,1014,474,0.0113,1,,Chat
313,20250204,1449,52,1,5,1,3,282,824,1106,839,0.0138,1,,Chat
314,20250113,658,59,1,6,4,2,1947,1931,3878,374,0.0387,1,3.9,Chat
315,20250602,2028,63,2,6,3,2,969,181,1150,274,0.0003,1,,Completion
316,20250314,1601,12,2,1,5,3,712,522,1234,189,0.0004,1,4.2,Vision
317,20250512,1401,53,5,4,3,2,186,300,486,191,0.0017,1,,Completion
318,20250306,1138,29,2,1,1,4,2023,835,2858,339,0.0008,1,4.9,Completion
319,20250319,943,60,2,2,1,2,500,926,1426,293,0.0006,1,,Completion
320,20250615,2338,72,1,7,6,4,1984,722,2706,579,0.0207,1,3.4,Chat
321,20250218,1409,39,6,4,4,2,579,602,1181,373,0.0002,1,3.3,Embedding
322,20250617,1031,4,5,2,1,1,200,69,269,329,0.0006,0,4.0,Chat
323,20250625,934,29,1,4,2,2,155,870,1025,1217,0.0138,1,,Vision
324,20250216,1318,72,2,1,1,3,1414,354,1768,270,0.0004,1,3.7,Embedding
325,20250226,1722,12,4,1,3,2,512,414,926,311,0.0006,1,,Chat
326,20250501,1103,16,5,2,2,3,1624,284,1908,205,0.0034,1,,Vision
327,20250516,1619,49,1,6,2,4,545,618,1163,647,0.012,1,,Chat
328,20250206,1820,59,6,2,6,4,1019,323,1342,360,0.0002,1,3.3,Chat
329,20250213,1936,27,6,1,1,3,1098,333,1431,151,0.0002,1,,Completion
330,20250409,900,62,1,3,3,2,987,337,1324,607,0.01,1,3.9,Chat
331,20250227,1444,32,2,6,1,3,1071,311,1382,327,0.0003,1,3.4,Chat
332,20250514,1438,59,2,1,1,4,112,148,260,265,0.0001,1,,Completion
333,20250414,901,22,1,7,2,3,2440,2576,5016,927,0.0508,1,,Chat
334,20250407,1356,5,4,3,1,2,2544,374,2918,246,0.0011,1,,Completion
335,20250626,1107,7,3,1,1,4,989,416,1405,688,0.0092,1,,Chat
336,20250418,1442,39,2,1,3,3,666,478,1144,396,0.0004,1,,Completion
337,20250131,1718,80,4,2,5,3,174,37,211,371,0.0001,1,3.6,Chat
338,20250211,802,38,1,3,1,3,1069,198,1267,240,0.0083,1,,Completion
339,20250527,1642,15,2,1,1,1,1317,202,1519,120,0.0003,1,,Completion
340,20250317,1116,59,1,4,5,3,1981,147,2128,691,0.0121,1,3.5,Chat
341,20250112,1300,13,2,5,1,3,1120,365,1485,184,0.0004,1,,Chat
342,20250406,1852,12,2,2,3,4,576,322,898,188,0.0003,1,3.9,Chat
343,20250129,1208,22,5,4,2,2,299,285,584,447,0.0018,1,4.9,Chat
344,20250606,824,24,2,3,4,3,155,1153,1308,259,0.0007,1,,Embedding
345,20250129,1156,63,5,4,5,3,1695,197,1892,458,0.0031,1,3.7,Chat
346,20250227,1642,73,4,4,4,3,428,2066,2494,220,0.0027,1,,Completion
347,20250208,1653,50,3,2,3,3,1806,2072,3878,1005,0.0365,1,,Completion
348,20250212,1404,64,1,7,2,3,630,931,1561,495,0.0171,1,3.8,Chat
349,20250428,2228,11,3,3,1,4,1535,425,1960,692,0.011,1,,Embedding
350,20250414,826,14,2,1,2,3,277,916,1193,215,0.0006,1,,Embedding
351,20250222,941,72,4,7,3,4,1078,904,1982,350,0.0014,1,,Chat
352,20250603,1730,80,1,1,2,3,628,155,783,991,0.0055,1,,Chat
353,20250521,1233,38,1,4,1,2,1042,2125,3167,776,0.0371,1,4.8,Chat
354,20250218,1507,26,5,5,2,2,4668,191,4859,370,0.0068,1,,Chat
355,20250201,1449,76,4,4,1,2,847,1210,2057,329,0.0017,1,,Completion
356,20250421,1653,71,3,7,1,3,3914,425,4339,459,0.0181,1,,Completion
357,20250410,942,14,5,4,1,4,113,1896,2009,171,0.0096,1,,Chat
358,20250412,1321,36,2,7,5,3,518,428,946,359,0.0003,1,,Chat
359,20250322,1745,71,2,4,3,2,393,286,679,307,0.0002,1,,Chat
360,20250616,1311,17,1,4,3,4,6683,959,7642,817,0.0478,1,,Chat
361,20250622,1647,54,1,2,2,3,4330,714,5044,354,0.0324,1,,Embedding
362,20250621,1503,7,2,1,1,2,370,210,580,337,0.0002,1,,Chat
363,20250222,1848,38,2,1,4,3,677,429,1106,446,0.0004,1,,Chat
364,20250410,1415,72,3,4,2,2,12000,1029,13029,249,0.0514,1,,Completion
365,20250522,1703,41,4,1,2,2,937,988,1925,345,0.0015,1,4.3,Completion
366,20250531,1334,48,5,5,5,3,220,276,496,196,0.0017,1,4.5,Chat
367,20250131,1124,66,2,7,1,4,1129,1365,2494,318,0.001,1,3.7,Chat
368,20250209,959,6,5,1,2,4,992,913,1905,220,0.0058,1,4.9,Completion
369,20250515,1314,41,3,2,2,2,1359,285,1644,797,0.0084,1,,Completion
370,20250619,1321,28,1,3,2,2,2037,259,2296,550,0.0141,1,4.9,Completion
371,20250621,1622,15,2,3,4,3,475,1433,1908,240,0.0009,1,,Completion
372,20250409,1416,15,3,7,3,2,3403,156,3559,249,0.0125,1,4.8,Embedding
373,20250324,732,25,2,5,2,1,2072,206,2278,530,0.0004,1,4.9,Completion
374,20250625,1127,28,3,4,1,3,1610,2604,4214,1106,0.0439,1,4.7,Embedding
375,20250107,2229,20,4,2,4,1,1973,788,2761,338,0.0015,1,3.3,Chat
376,20250410,1728,53,1,1,4,4,771,276,1047,649,0.008,1,,Chat
377,20250112,1344,75,3,3,3,3,851,1166,2017,867,0.02,1,,Chat
378,20250408,1425,57,2,4,3,2,2514,125,2639,261,0.0005,1,3.5,Chat
379,20250318,1143,19,4,5,4,2,123,307,430,268,0.0004,1,,Embedding
380,20250201,2002,19,3,7,1,4,2516,227,2743,1071,0.011,1,,Chat
381,20250224,1826,45,6,1,3,4,1123,272,1395,185,0.0002,1,,Chat
382,20250114,1254,73,1,3,1,1,3978,3606,7584,1001,0.074,1,,Chat
383,20250529,1231,26,3,1,3,2,437,688,1125,247,0.0116,1,,Completion
384,20250426,1521,63,1,1,1,2,1155,386,1541,287,0.0116,1,4.3,Completion
385,20250226,1645,32,2,1,2,1,411,122,533,120,0.0001,1,,Embedding
386,20250320,1331,46,1,5,5,3,7881,2916,10797,546,0.0831,1,4.3,Embedding
387,20250120,1157,10,5,1,2,2,1014,141,1155,309,0.002,1,,Chat
388,20250308,1734,71,3,2,2,4,4568,547,5115,603,0.0219,1,,Completion
389,20250204,1029,38,1,2,5,3,585,485,1070,733,0.0102,1,3.9,Chat
390,20250205,1728,66,1,7,6,3,599,2485,3084,588,0.0403,1,,Completion
391,20250226,1348,6,5,1,3,4,339,42,381,366,0.0006,1,3.9,Chat
392,20250112,1602,59,1,6,1,3,1010,641,1651,767,0.0147,1,4.5,Chat
393,20250407,741,23,5,6,1,3,413,648,1061,157,0.0038,1,,Embedding
394,20250401,1552,52,1,1,6,2,344,937,1281,641,0.0158,1,,Chat
395,20250512,741,10,3,3,1,2,4292,299,4591,465,0.0174,1,3.5,Completion
396,20250504,1443,15,5,4,2,2,1870,139,2009,286,0.003,1,3.5,Embedding
397,20250111,1557,66,1,1,2,2,2678,711,3389,566,0.0241,1,3.7,Chat
398,20250122,1013,37,6,3,2,1,718,132,850,120,0.0001,1,,Embedding
399,20250609,1542,24,1,6,3,3,3307,63,3370,420,0.0175,1,4.4,Vision
400,20250221,1633,3,3,1,1,1,10482,613,11095,484,0.0406,1,,Chat
401,20250517,1332,5,1,1,2,3,5296,325,5621,468,0.0314,1,4.4,Embedding
402,20250514,1226,56,3,1,5,3,516,676,1192,1019,0.0117,1,4.2,Chat
403,20250126,1527,74,5,5,2,3,530,257,787,126,0.0019,1,,Chat
404,20250102,1745,25,5,1,5,2,620,283,903,592,0.0022,1,4.1,Chat
405,20250209,1527,14,2,1,4,2,338,229,567,392,0.0002,1,4.7,Chat
406,20250522,1450,53,2,1,3,3,182,721,903,214,0.0005,1,4.2,Chat
407,20250618,2107,18,6,3,4,2,1758,225,1983,405,0.0002,1,,Completion
408,20250607,1444,71,1,1,2,2,3142,953,4095,457,0.03,1,3.9,Completion
409,20250117,1116,12,5,5,2,3,1680,248,1928,240,0.0033,1,3.3,Chat
410,20250115,1049,77,6,3,2,3,973,1906,2879,175,0.0006,1,,Chat
411,20250603,1432,5,1,4,4,2,5498,557,6055,752,0.0358,1,3.5,Chat
412,20250401,942,52,1,1,1,4,2055,503,2558,874,0.0178,1,,Chat
413,20250530,1822,72,4,1,1,2,6840,540,7380,311,0.0024,1,,Chat
414,20250415,1432,23,6,2,2,1,484,440,924,251,0.0002,1,3.7,Vision
415,20250306,1444,74,5,7,5,4,2177,140,2317,391,0.0034,1,,Chat
416,20250108,1930,76,1,2,4,3,1190,80,1270,511,0.0071,1,4.3,Vision
417,20250518,1900,67,3,1,1,4,1309,232,1541,535,0.0074,1,3.7,Chat
418,20250401,1713,41,4,2,2,2,1087,269,1356,244,0.0006,1,4.9,Completion
419,20250222,1214,34,5,2,1,3,289,1303,1592,248,0.0069,1,4.3,Chat
420,20250102,1848,79,1,6,3,3,6132,1553,7685,551,0.054,1,,Embedding
421,20250312,1531,74,2,1,5,4,650,153,803,311,0.0002,1,,Chat
422,20250503,934,55,2,5,1,3,1937,222,2159,299,0.0004,1,4.7,Completion
423,20250104,1543,2,2,1,2,2,526,543,1069,233,0.0004,1,,Chat
424,20250606,1721,61,3,1,2,2,348,678,1026,1091,0.0112,1,,Chat
425,20250527,908,24,4,2,4,2,361,511,872,297,0.0007,1,,Embedding
426,20250207,1551,26,4,5,2,4,1033,566,1599,388,0.001,1,4.7,Chat
427,20250505,1519,41,2,7,4,3,535,585,1120,466,0.0004,1,,Chat
428,20250426,1347,13,1,1,1,2,505,1722,2227,622,0.0284,1,,Completion
429,20250220,536,78,6,1,1,1,1426,209,1635,271,0.0002,1,,Chat
430,20250121,1524,58,4,2,3,3,789,603,1392,237,0.001,1,,Vision
431,20250527,1625,79,5,4,5,2,526,618,1144,340,0.0037,1,3.5,Chat
432,20250424,1049,35,2,1,1,3,1767,209,1976,359,0.0004,1,,Completion
433,20250619,1516,31,6,2,1,1,3478,273,3751,245,0.0003,1,,Chat
434,20250114,1301,71,1,1,1,4,989,1286,2275,282,0.0242,1,,Vision
435,20250321,914,50,1,3,1,4,460,1484,1944,1039,0.0246,1,4.3,Chat
436,20250502,1329,42,5,1,3,4,571,350,921,393,0.0025,1,,Chat
437,20250427,1040,77,2,7,3,2,824,756,1580,329,0.0006,1,,Chat
438,20250123,1428,30,3,3,5,3,3644,46,3690,804,0.0116,1,,Chat
439,20250501,1134,37,1,3,4,1,214,978,1192,962,0.0157,1,,Vision
440,20250102,1335,30,2,1,2,2,1568,1300,2868,408,0.001,1,,Completion
441,20250226,2016,49,2,1,3,2,1297,352,1649,123,0.0004,1,,Chat
442,20250310,1326,69,4,3,3,2,311,2090,2401,262,0.0027,1,3.4,Chat
443,20250105,1409,42,2,2,3,3,1092,342,1434,446,0.0004,1,,Chat
444,20250124,1109,30,1,1,3,3,1627,297,1924,349,0.0126,1,4.0,Completion
445,20250207,1103,11,2,2,3,1,643,229,872,212,0.0002,1,,Chat
446,20250201,849,2,1,6,1,2,1232,144,1376,822,0.0083,1,,Vision
447,20250514,1442,13,1,7,1,3,311,448,759,478,0.0083,1,,Completion
448,20250514,1507,71,2,2,3,1,2222,67,2289,291,0.0004,1,,Chat
449,20250325,1300,56,5,6,1,1,1217,395,1612,206,0.0035,1,3.4,Completion
450,20250209,1223,77,1,1,4,3,604,1672,2276,654,0.0281,1,4.1,Completion
451,20250615,2109,46,2,7,4,1,629,180,809,131,0.0002,1,,Chat
452,20250219,601,57,1,7,4,3,274,775,1049,765,0.013,1,,Chat
453,20250218,736,63,5,2,2,2,1488,219,1707,294,0.003,1,4.5,Chat
454,20250426,2018,20,5,6,2,1,1490,262,1752,192,0.0032,1,,Chat
455,20250404,549,80,4,3,3,4,348,276,624,183,0.0004,1,3.3,Vision
456,20250606,1318,20,5,1,3,3,712,272,984,216,0.0023,1,,Chat
457,20250221,1406,5,3,1,4,1,2083,213,2296,970,0.0094,1,4.2,Embedding
458,20250226,1338,47,3,3,3,2,1364,1179,2543,703,0.0218,1,4.9,Completion
459,20250523,1747,47,6,6,2,3,861,196,1057,315,0.0001,1,,Chat
460,20250319,904,10,4,5,1,1,733,321,1054,259,0.0006,1,,Chat
461,20250526,1340,32,4,3,1,3,122,207,329,289,0.0003,1,,Completion
462,20250127,1410,55,4,5,2,3,263,968,1231,195,0.0013,1,,Chat
463,20250521,1720,41,3,3,2,4,2053,325,2378,1053,0.011,1,,Completion
464,20250521,959,49,5,2,1,3,1521,773,2294,214,0.0058,1,,Chat
465,20250513,1908,3,6,1,1,2,531,422,953,305,0.0002,0,3.7,Chat
466,20250522,1332,36,5,1,4,3,1379,648,2027,120,0.005,1,,Chat
467,20250305,1914,75,1,2,1,2,254,1605,1859,906,0.0253,1,4.2,Completion
468,20250626,944,63,1,1,1,3,888,210,1098,601,0.0076,1,,Completion
469,20250327,1222,8,2,5,2,1,1341,1006,2347,416,0.0008,1,,Vision
470,20250612,1149,2,1,5,3,4,1086,121,1207,466,0.0072,1,4.1,Chat
471,20250425,1748,51,3,2,3,2,6738,186,6924,515,0.023,1,,Chat
472,20250113,1335,74,2,2,1,1,855,165,1020,321,0.0002,1,4.1,Completion
473,20250220,1235,74,1,1,2,3,1320,1011,2331,651,0.0218,1,,Chat
474,20250129,1242,12,1,5,1,4,1200,553,1753,565,0.0143,1,,Chat
475,20250607,1252,45,2,4,4,2,2803,532,3335,251,0.0007,0,,Chat
476,20250129,1647,11,1,5,1,2,959,1834,2793,734,0.0323,1,,Vision
477,20250320,1328,15,5,5,1,3,995,86,1081,169,0.0017,1,4.5,Chat
478,20250627,944,19,3,5,2,3,1545,3120,4665,1157,0.0514,1,,Embedding
479,20250311,1603,80,3,1,1,2,2210,108,2318,526,0.0083,1,,Chat
480,20250105,1018,14,3,4,5,2,719,512,1231,542,0.0098,1,,Chat
481,20250517,605,77,2,7,1,2,1303,132,1435,303,0.0003,1,,Chat
482,20250506,2225,43,6,1,1,3,290,38,328,251,0.0,1,4.4,Chat
483,20250610,1816,8,2,7,6,2,3875,116,3991,328,0.0007,1,,Embedding
484,20250618,1208,51,1,3,1,2,1204,4000,5204,308,0.066,1,,Vision
485,20250420,1519,20,3,4,1,2,2138,1688,3826,672,0.0317,1,4.2,Chat
486,20250626,1545,40,1,3,4,4,905,777,1682,571,0.0162,1,,Chat
487,20250323,1604,21,5,5,3,3,476,455,931,277,0.0029,1,,Chat
488,20250416,1819,53,2,6,3,3,635,73,708,403,0.0001,1,,Embedding
489,20250107,1048,24,6,1,4,1,369,199,568,414,0.0001,0,,Completion
490,20250626,549,11,3,3,1,1,12000,1641,13641,700,0.0606,1,,Completion
491,20250211,1312,18,4,2,4,3,860,514,1374,343,0.0009,1,,Vision
492,20250222,1604,26,6,7,1,3,720,279,999,265,0.0001,1,,Chat
493,20250414,1349,55,3,4,4,4,4162,1057,5219,120,0.0283,1,,Chat
494,20250614,1656,68,2,3,3,3,792,325,1117,241,0.0003,1,3.4,Chat
495,20250523,1824,6,5,6,1,3,1560,171,1731,319,0.0028,1,,Chat
496,20250212,1027,60,2,2,1,4,192,193,385,364,0.0001,1,,Completion
497,20250129,1711,65,5,2,3,1,1055,611,1666,330,0.0044,1,,Completion
498,20250221,1156,76,1,2,2,2,2063,1287,3350,821,0.0296,1,4.4,Embedding
499,20250612,1823,58,4,4,1,1,1258,445,1703,384,0.0009,1,,Completion
500,20250213,1358,6,6,3,1,3,300,287,587,206,0.0001,1,,Embedding
501,20250321,1146,40,1,1,4,1,1159,283,1442,579,0.01,1,,Completion
502,20250104,629,33,1,1,1,3,1657,602,2259,464,0.0173,1,,Embedding
503,20250415,1628,59,3,2,1,3,3420,130,3550,476,0.0122,1,,Chat
504,20250217,1009,7,3,3,2,4,523,1323,1846,605,0.0214,1,3.5,Chat
505,20250417,1211,14,3,3,1,1,180,1100,1280,368,0.017,1,4.4,Completion
506,20250110,1405,47,3,3,6,3,1767,2192,3959,352,0.0382,1,4.8,Embedding
507,20250627,155,16,4,6,1,3,784,1526,2310,401,0.0021,1,,Chat
508,20250123,1430,68,4,3,1,3,427,655,1082,184,0.0009,1,,Completion
509,20250609,1522,74,4,2,4,2,1048,813,1861,550,0.0013,1,,Chat
510,20250316,1512,30,4,2,4,4,420,323,743,120,0.0005,1,4.3,Chat
511,20250331,1135,43,5,5,6,2,460,211,671,294,0.0016,1,4.4,Completion
512,20250130,1043,1,1,1,1,3,4109,601,4710,647,0.0296,1,,Completion
513,20250502,1251,62,6,6,1,4,764,666,1430,195,0.0003,1,3.5,Chat
514,20250514,1119,8,5,6,2,4,506,105,611,199,0.0012,1,,Completion
515,20250117,1209,46,1,3,1,4,3211,772,3983,694,0.0276,1,5.0,Completion
516,20250630,1754,40,5,3,2,3,587,460,1047,269,0.003,1,3.9,Chat
517,20250214,1507,39,1,2,6,2,747,59,806,619,0.0046,1,3.6,Chat
518,20250504,1946,44,3,5,5,2,3381,1505,4886,931,0.0327,1,3.8,Completion
519,20250110,1429,27,1,7,2,4,1631,334,1965,578,0.0132,1,,Chat
520,20250430,1656,43,2,1,4,4,1965,293,2258,235,0.0005,1,,Completion
521,20250221,1412,42,2,3,1,4,1142,96,1238,120,0.0002,1,,Completion
522,20250524,1132,80,3,1,1,1,395,371,766,616,0.0067,1,,Chat
523,20250119,1219,22,1,7,4,3,5724,820,6544,718,0.0409,1,4.0,Chat
524,20250411,1611,55,2,4,1,1,238,798,1036,272,0.0005,1,,Completion
525,20250621,1651,26,4,2,1,2,253,88,341,360,0.0002,1,,Completion
526,20250125,1529,60,2,1,4,4,295,157,452,390,0.0001,1,,Completion
527,20250404,925,34,2,7,1,4,2917,153,3070,342,0.0005,1,,Chat
528,20250331,1230,15,5,2,2,1,1144,207,1351,264,0.0025,1,4.6,Completion
529,20250523,1441,42,1,1,4,3,491,1216,1707,533,0.0207,1,4.0,Completion
530,20250329,1313,9,1,1,1,3,495,52,547,606,0.0033,1,,Completion
531,20250527,2353,10,2,5,2,2,1347,324,1671,254,0.0004,1,,Chat
532,20250603,1406,9,3,5,1,4,2314,196,2510,903,0.0099,1,,Embedding
533,20250529,1657,18,2,4,1,2,1269,479,1748,281,0.0005,1,,Completion
534,20250220,1613,58,3,2,1,3,2420,429,2849,519,0.0137,1,4.2,Embedding
535,20250123,1437,45,2,7,2,4,2681,115,2796,136,0.0005,1,,Chat
536,20250101,1445,7,1,1,1,3,1409,709,2118,705,0.0177,1,,Chat
537,20250408,1325,41,2,1,2,3,2542,84,2626,198,0.0004,1,,Completion
538,20250209,1318,54,2,1,2,4,151,284,435,442,0.0002,0,,Chat
539,20250204,1405,56,1,1,3,3,1686,181,1867,509,0.0111,1,,Embedding
540,20250511,1227,59,5,4,5,3,499,981,1480,334,0.0055,1,,Chat
541,20250509,917,31,1,3,2,4,1713,966,2679,909,0.0231,1,,Chat
542,20250626,2005,62,6,3,3,1,266,165,431,156,0.0001,1,,Vision
543,20250123,1315,79,6,5,2,1,1012,764,1776,272,0.0003,1,,Vision
544,20250329,1234,7,1,4,4,2,1558,272,1830,1125,0.0119,1,,Chat
545,20250316,710,38,2,5,2,4,785,1844,2629,280,0.0012,1,,Completion
546,20250527,1303,22,4,3,1,3,482,283,765,414,0.0005,1,4.5,Chat
547,20250203,539,33,2,1,1,3,2644,98,2742,253,0.0005,1,,Chat
548,20250405,1251,58,1,1,2,2,2412,131,2543,755,0.014,1,,Chat
549,20250602,2259,19,1,3,1,4,342,720,1062,499,0.0125,1,,Completion
550,20250223,1536,22,2,2,3,3,676,191,867,327,0.0002,1,4.4,Completion
551,20250301,2124,69,1,1,2,2,1106,1192,2298,355,0.0234,1,,Chat
552,20250623,1020,49,3,2,1,3,2148,2464,4612,730,0.0434,1,,Chat
553,20250327,1217,35,5,4,6,2,664,114,778,339,0.0014,1,4.4,Chat
554,20250514,1721,25,4,5,3,3,442,221,663,306,0.0004,1,,Chat
555,20250127,1243,68,1,1,1,2,1253,4000,5253,593,0.0663,1,3.7,Chat
556,20250603,1240,28,1,1,5,3,700,1220,1920,608,0.0218,1,,Chat
557,20250129,1144,24,3,2,4,3,5020,2318,7338,513,0.0498,1,4.4,Chat
558,20250307,610,42,2,7,4,3,1647,184,1831,357,0.0004,1,3.3,Chat
559,20250506,659,9,6,1,4,2,1485,117,1602,351,0.0001,1,,Completion
560,20250424,1445,14,1,3,2,3,515,408,923,806,0.0087,1,3.3,Completion
561,20250110,1442,1,4,1,2,3,1125,1772,2897,126,0.0025,1,3.8,Chat
562,20250118,2034,52,1,4,4,3,1486,256,1742,347,0.0113,1,,Completion
563,20250624,1319,43,4,1,2,4,1524,296,1820,428,0.0008,1,,Vision
564,20250316,841,59,1,3,6,1,1323,183,1506,732,0.0094,1,,Vision
565,20250505,1705,46,3,1,2,1,879,50,929,695,0.0034,1,,Chat
566,20250117,1550,50,1,1,6,2,2006,1946,3952,406,0.0392,1,4.2,Embedding
567,20250414,1607,6,2,7,1,1,1945,72,2017,311,0.0003,1,,Chat
568,20250119,1102,30,6,6,2,3,618,443,1061,232,0.0002,1,,Chat
569,20250214,1140,2,5,3,1,3,685,131,816,173,0.0015,1,4.6,Chat
570,20250602,1651,64,1,3,4,1,424,1133,1557,755,0.0191,1,3.6,Chat
571,20250520,708,74,5,5,2,1,361,911,1272,183,0.005,1,,Chat
572,20250213,1244,54,1,1,1,2,2126,1266,3392,592,0.0296,1,3.6,Completion
573,20250105,1156,21,1,5,3,2,5554,3139,8693,872,0.0749,1,3.5,Chat
574,20250627,1408,61,3,6,2,4,596,273,869,768,0.0059,1,,Chat
575,20250508,1539,24,2,7,3,1,2348,574,2922,132,0.0007,1,,Completion
576,20250125,1839,68,2,1,1,1,270,238,508,304,0.0002,1,,Chat
577,20250129,2150,25,1,5,3,2,12000,1071,13071,608,0.0761,1,,Embedding
578,20250314,1613,47,2,1,5,1,1478,251,1729,455,0.0004,1,4.6,Completion
579,20250505,1432,4,1,5,5,2,2203,1133,3336,745,0.028,1,,Completion
580,20250228,1749,42,3,2,1,3,722,354,1076,399,0.0075,1,3.6,Chat
581,20250422,1509,7,1,6,1,3,2918,929,3847,1030,0.0285,1,,Chat
582,20250221,1321,35,2,2,1,2,1214,130,1344,242,0.0003,1,,Chat
583,20250226,1656,44,1,6,2,2,3130,455,3585,633,0.0225,1,4.6,Vision
584,20250514,731,53,5,3,2,2,482,704,1186,336,0.0041,1,4.1,Chat
585,20250529,1614,56,1,2,5,2,1407,605,2012,499,0.0161,1,,Chat
586,20250510,1602,61,3,1,6,1,2040,960,3000,530,0.0205,1,,Embedding
587,20250627,546,2,4,1,2,1,1785,219,2004,195,0.0007,1,3.8,Chat
588,20250527,1647,59,6,1,3,2,467,813,1280,340,0.0003,1,,Chat
589,20250630,1640,60,1,4,1,4,341,1903,2244,709,0.0303,1,,Chat
590,20250519,1236,79,4,3,1,3,756,72,828,320,0.0003,1,,Chat
591,20250114,907,47,5,5,1,4,196,90,286,389,0.0007,1,,Chat
592,20250205,1121,27,2,4,3,3,2644,209,2853,120,0.0005,1,4.1,Vision
593,20250324,922,29,3,7,1,3,4609,518,5127,525,0.0216,1,,Chat
594,20250501,1445,16,1,2,2,3,2212,1739,3951,979,0.0371,1,,Embedding
595,20250218,1257,9,2,2,3,3,201,232,433,305,0.0002,1,3.9,Chat
596,20250508,1009,19,6,1,1,1,281,442,723,275,0.0002,1,,Completion
597,20250418,1428,45,2,7,2,1,336,271,607,189,0.0002,1,3.5,Chat
598,20250329,1741,75,5,6,2,2,1688,68,1756,188,0.0024,1,4.3,Completion
599,20250213,850,40,5,2,1,1,370,307,677,137,0.002,1,,Vision
600,20250608,1059,22,4,1,1,3,269,393,662,286,0.0006,1,,Chat
601,20250302,1107,21,1,4,5,3,1598,358,1956,588,0.0134,1,3.4,Chat
602,20250207,2023,45,1,3,1,2,5117,175,5292,838,0.0282,1,,Chat
603,20250323,1709,59,1,1,5,3,424,1310,1734,999,0.0218,1,,Vision
604,20250620,909,74,2,4,2,2,291,784,1075,306,0.0005,1,,Vision
605,20250130,1619,71,2,1,2,1,903,460,1363,150,0.0004,1,,Chat
606,20250226,1850,68,2,2,3,2,1905,271,2176,275,0.0004,1,3.2,Chat
607,20250506,720,25,2,4,1,3,1056,537,1593,273,0.0005,1,,Chat
608,20250406,1800,50,3,2,3,2,959,1029,1988,418,0.0183,1,,Vision
609,20250424,1318,54,5,1,3,2,568,400,968,243,0.0027,1,,Embedding
610,20250223,1319,19,4,2,4,3,1398,227,1625,122,0.0006,1,,Vision
611,20250613,2058,53,1,7,4,1,5331,176,5507,806,0.0293,1,4.0,Completion
612,20250111,1152,63,5,1,4,2,843,424,1267,257,0.0032,1,,Chat
613,20250318,1040,34,3,2,1,1,671,252,923,460,0.0058,1,,Completion
614,20250108,1307,32,5,2,2,3,349,589,938,425,0.0034,1,,Vision
615,20250610,1143,34,3,2,2,2,1701,967,2668,757,0.0196,1,,Chat
616,20250207,1420,8,3,3,4,2,2814,951,3765,368,0.0227,1,,Chat
617,20250316,1718,7,1,2,3,4,3252,291,3543,658,0.0206,1,,Chat
618,20250324,1655,70,4,1,1,3,550,822,1372,511,0.0012,1,,Completion
619,20250206,1000,46,1,4,1,3,336,803,1139,814,0.0137,1,4.6,Chat
620,20250524,1339,25,6,1,1,3,2460,105,2565,347,0.0002,1,,Embedding
621,20250130,1152,10,4,4,4,2,3125,1796,4921,204,0.003,1,3.8,Completion
622,20250214,1145,44,1,2,6,3,3163,416,3579,639,0.0221,1,,Chat
623,20250203,1405,27,1,4,3,2,196,593,789,493,0.0099,1,,Chat
624,20250618,1232,5,1,2,2,2,5673,182,5855,835,0.0311,1,,Embedding
625,20250604,1213,16,1,1,1,1,1012,1275,2287,727,0.0242,1,4.4,Chat
626,20250211,1654,46,1,5,1,3,3526,439,3965,510,0.0242,1,,Chat
627,20250219,918,28,3,1,2,1,586,4000,4586,933,0.0618,1,,Chat
628,20250404,844,61,4,6,5,4,202,497,699,333,0.0007,1,,Vision
629,20250415,1607,30,1,2,1,2,1037,534,1571,724,0.0132,1,4.0,Chat
630,20250325,1431,11,2,2,1,3,90,271,361,196,0.0002,1,4.3,Chat
631,20250218,1454,55,6,2,2,2,9766,451,10217,249,0.0009,1,,Chat
632,20250412,1728,14,3,1,6,3,2170,897,3067,788,0.02,1,,Chat
633,20250117,2223,22,2,4,6,3,240,494,734,189,0.0003,1,4.3,Vision
634,20250601,1617,75,1,6,3,2,534,404,938,582,0.0087,1,,Vision
635,20250313,1709,66,2,4,6,4,1520,114,1634,285,0.0003,1,3.7,Chat
636,20250508,1143,9,3,1,1,1,380,489,869,579,0.0085,1,4.3,Chat
637,20250507,2350,67,2,4,4,3,982,102,1084,224,0.0002,1,4.1,Chat
638,20250421,1856,5,3,5,2,1,10812,133,10945,222,0.0344,1,,Chat
639,20250630,2110,39,2,2,1,3,944,157,1101,332,0.0002,1,4.5,Chat
640,20250501,330,74,1,4,3,3,1343,821,2164,860,0.019,1,3.3,Chat
641,20250324,903,37,3,2,3,3,1459,249,1708,708,0.0081,1,4.7,Chat
642,20250420,1022,13,4,1,5,2,460,141,601,343,0.0003,0,,Chat
643,20250320,1707,9,1,1,1,1,1059,624,1683,320,0.0147,1,3.8,Chat
644,20250531,1201,61,5,3,5,2,635,3064,3699,171,0.0161,0,,Chat
645,20250508,1932,44,3,5,1,3,3629,785,4414,1050,0.0227,1,,Chat
646,20250518,1513,10,2,7,1,3,944,315,1259,399,0.0003,1,5.0,Chat
647,20250601,1821,13,1,5,1,4,716,171,887,603,0.0061,1,,Chat
648,20250318,1027,65,2,2,1,4,628,945,1573,235,0.0007,1,3.9,Chat
649,20250217,1336,67,3,4,2,4,1419,1347,2766,138,0.0245,1,,Embedding
650,20250525,1146,56,6,1,3,4,804,916,1720,231,0.0003,1,,Chat
651,20250416,620,56,1,1,3,2,2489,329,2818,379,0.0174,1,,Completion
652,20250302,1125,77,5,1,1,2,563,197,760,120,0.0017,1,3.2,Completion
653,20250221,1710,5,2,2,6,2,2095,574,2669,168,0.0007,1,4.6,Chat
654,20250115,1355,3,3,4,1,3,1330,1063,2393,802,0.0199,1,3.7,Chat
655,20250205,1115,51,6,6,3,4,716,487,1203,422,0.0002,1,,Vision
656,20250508,1656,33,3,5,5,4,2948,651,3599,970,0.0186,1,,Completion
657,20250419,1513,31,2,6,3,4,306,1088,1394,348,0.0007,1,4.9,Chat
658,20250323,1234,15,1,3,2,2,829,797,1626,755,0.0161,1,,Vision
659,20250106,1441,40,5,7,1,3,880,1401,2281,385,0.0081,1,,Embedding
660,20250306,1435,31,3,7,3,3,3433,225,3658,740,0.0137,1,,Completion
661,20250410,2100,57,5,4,2,2,546,160,706,216,0.0015,1,,Vision
662,20250211,958,27,1,1,4,2,611,423,1034,330,0.0094,1,4.7,Completion
663,20250501,1447,63,4,1,1,3,1498,152,1650,428,0.0006,1,,Completion
664,20250117,1622,65,5,5,4,3,1681,188,1869,363,0.003,1,,Chat
665,20250611,928,24,2,4,4,3,1482,382,1864,334,0.0005,1,3.9,Completion
666,20250602,943,17,2,1,1,3,297,548,845,187,0.0004,1,,Chat
667,20250314,1512,42,5,1,1,3,194,679,873,159,0.0036,1,,Chat
668,20250523,1641,3,2,6,2,1,1168,182,1350,337,0.0003,1,3.4,Chat
669,20250308,1509,77,1,6,1,3,781,230,1011,203,0.0074,1,,Vision
670,20250622,1531,59,1,4,2,4,280,658,938,590,0.0113,1,,Chat
671,20250421,1654,17,5,5,1,3,506,249,755,351,0.0019,1,4.7,Completion
672,20250302,1539,34,1,1,4,1,1837,939,2776,300,0.0233,1,4.2,Completion
673,20250625,1713,51,1,2,5,4,2471,229,2700,594,0.0158,1,,Completion
674,20250501,1358,31,1,1,1,2,1170,826,1996,975,0.0182,1,,Completion
675,20250608,1824,65,5,4,4,1,204,560,764,410,0.0031,1,,Chat
676,20250507,1559,65,6,3,2,2,1775,1826,3601,380,0.0007,1,,Chat
677,20250508,1455,17,4,2,1,2,1703,373,2076,282,0.0009,1,3.8,Chat
678,20250322,1227,67,5,1,4,4,2716,164,2880,430,0.0042,1,5.0,Completion
679,20250218,1509,7,1,6,3,3,330,853,1183,172,0.0144,1,4.0,Chat
680,20250402,1645,57,2,1,5,3,1475,199,1674,292,0.0003,1,,Chat
681,20250216,2153,37,4,1,1,2,421,134,555,425,0.0003,1,,Chat
682,20250527,2111,68,5,3,2,4,667,780,1447,411,0.0047,1,4.6,Completion
683,20250406,1137,51,5,1,3,3,429,940,1369,445,0.0052,1,3.8,Chat
684,20250602,1642,35,2,4,2,3,301,1788,2089,227,0.0011,1,,Completion
685,20250203,1213,73,6,2,3,3,905,1237,2142,363,0.0004,1,,Chat
686,20250413,1516,12,4,5,2,3,1009,342,1351,334,0.0007,1,,Embedding
687,20250615,348,37,1,6,1,3,995,756,1751,388,0.0163,1,3.7,Embedding
688,20250620,1506,46,4,6,5,3,553,1468,2021,434,0.002,1,,Chat
689,20250405,1239,55,5,2,2,2,580,310,890,235,0.0023,1,,Chat
690,20250507,1433,20,3,7,3,3,627,205,832,791,0.005,1,,Chat
691,20250625,1657,17,2,6,2,1,322,707,1029,218,0.0005,1,4.0,Completion
692,20250125,1529,53,3,6,2,3,3042,582,3624,753,0.0179,1,,Chat
693,20250215,1150,60,1,1,2,1,1100,494,1594,480,0.0129,1,,Chat
694,20250609,1351,58,5,1,2,3,165,217,382,252,0.0013,1,,Embedding
695,20250422,1234,14,1,1,3,3,1052,567,1619,759,0.0138,1,,Chat
696,20250505,1719,78,3,2,2,3,699,191,890,412,0.005,1,,Chat
697,20250204,1200,17,3,4,2,2,942,289,1231,355,0.0072,1,,Completion
698,20250422,1253,31,1,1,2,1,1605,1059,2664,523,0.0239,1,,Chat
699,20250209,1247,22,2,2,2,1,288,321,609,196,0.0002,1,,Chat
700,20250114,1621,51,5,3,1,3,133,243,376,309,0.0014,1,,Completion
701,20250316,1402,71,6,6,3,3,7508,444,7952,181,0.0007,1,,Completion
702,20250516,1301,8,3,4,4,3,226,557,783,460,0.009,1,3.3,Embedding
703,20250425,1744,45,2,2,2,4,405,299,704,217,0.0002,1,4.5,Chat
704,20250618,2029,78,2,3,2,3,498,1568,2066,359,0.001,1,4.5,Vision
705,20250609,1513,21,5,4,3,3,926,461,1387,120,0.0035,1,,Completion
706,20250507,1219,54,1,1,3,1,3118,574,3692,330,0.0242,1,,Vision
707,20250109,1351,65,2,1,3,2,3083,953,4036,273,0.001,1,,Completion
708,20250112,1749,46,1,1,1,2,928,119,1047,439,0.0064,1,3.5,Completion
709,20250428,2053,57,3,4,3,4,1018,477,1495,581,0.0102,1,,Completion
710,20250127,2110,65,3,6,1,3,6808,4000,10808,613,0.0804,1,,Embedding
711,20250209,1541,13,1,1,2,3,293,2448,2741,384,0.0382,1,,Chat
712,20250329,1418,61,1,7,4,1,447,343,790,459,0.0074,1,3.9,Completion
713,20250228,1108,54,2,4,1,3,409,207,616,361,0.0002,1,,Chat
714,20250424,909,4,2,6,4,2,811,930,1741,229,0.0007,1,,Chat
715,20250116,1125,56,1,2,2,3,1063,1845,2908,694,0.033,1,,Completion
716,20250317,1126,67,5,1,3,3,1028,129,1157,346,0.0019,1,,Completion
717,20250516,1539,36,2,5,5,1,504,161,665,193,0.0002,1,,Chat
718,20250616,1625,45,1,3,4,3,4577,328,4905,754,0.0278,1,,Chat
719,20250519,518,67,3,2,3,4,746,584,1330,443,0.011,1,,Chat
720,20250601,1016,70,2,4,1,4,364,423,787,261,0.0003,1,,Completion
721,20250401,507,65,6,1,1,2,98,197,295,324,0.0001,1,,Chat
722,20250525,345,75,2,5,2,4,424,211,635,416,0.0002,1,,Chat
723,20250622,1208,74,3,2,1,3,1964,688,2652,165,0.0162,1,,Chat
724,20250207,1745,13,2,3,4,2,807,508,1315,664,0.0004,1,,Chat
725,20250414,537,68,2,1,1,1,3140,258,3398,308,0.0006,1,,Embedding
726,20250417,1352,63,3,4,6,3,876,350,1226,724,0.0079,1,,Chat
727,20250427,730,28,2,7,2,3,1307,231,1538,169,0.0003,1,4.2,Vision
728,20250111,1233,38,1,6,1,2,4708,361,5069,731,0.029,1,,Vision
729,20250418,1103,76,2,2,4,1,1315,591,1906,461,0.0006,1,3.7,Chat
730,20250417,1330,6,4,1,2,1,1214,359,1573,406,0.0008,1,,Embedding
731,20250510,1140,18,4,2,3,3,1300,279,1579,273,0.0007,1,,Chat
732,20250410,1414,53,5,2,4,3,834,299,1133,301,0.0025,1,3.3,Completion
733,20250527,2040,4,2,1,1,2,1614,691,2305,235,0.0007,1,,Completion
734,20250114,1036,74,1,3,1,3,3481,1383,4864,985,0.0382,1,,Chat
735,20250222,1115,36,1,4,2,4,1064,126,1190,560,0.0072,1,,Completion
736,20250106,1721,63,1,3,1,3,840,1105,1945,606,0.0208,1,,Embedding
737,20250315,1509,22,2,1,1,1,236,355,591,120,0.0002,1,,Chat
738,20250107,1345,24,6,4,1,4,153,920,1073,356,0.0003,1,,Chat
739,20250114,1512,16,2,2,1,4,2614,147,2761,451,0.0005,1,,Chat
740,20250429,1735,41,3,3,5,2,1057,1770,2827,398,0.0297,1,,Chat
741,20250305,1048,13,1,6,1,4,728,364,1092,409,0.0091,1,,Chat
742,20250406,1834,19,2,1,3,2,526,445,971,224,0.0003,0,,Chat
743,20250608,618,60,2,6,2,1,848,65,913,273,0.0002,1,3.3,Vision
744,20250530,853,28,1,1,3,4,9771,1430,11201,674,0.0703,1,4.5,Completion
745,20250313,1956,72,2,2,1,1,310,524,834,299,0.0004,1,,Vision
746,20250311,1515,58,2,4,1,2,2090,615,2705,308,0.0007,1,3.6,Vision
747,20250502,700,78,2,6,1,4,280,297,577,289,0.0002,1,,Chat
748,20250518,901,10,5,4,4,3,5828,1198,7026,339,0.0133,1,,Chat
749,20250215,1453,50,1,7,1,3,1083,243,1326,667,0.0091,1,,Chat
750,20250313,1543,3,2,7,2,2,217,438,655,264,0.0003,1,,Chat
751,20250403,602,64,3,1,3,2,566,406,972,1079,0.0078,1,,Completion
752,20250526,1632,36,1,1,4,2,352,955,1307,297,0.0161,1,,Completion
753,20250117,1808,17,3,4,2,1,836,550,1386,951,0.0108,1,,Chat
754,20250607,816,69,3,5,1,3,331,345,676,886,0.0062,1,,Chat
755,20250421,754,42,2,4,3,4,51,225,276,334,0.0001,0,4.4,Chat
756,20250418,1834,36,2,5,5,2,438,232,670,393,0.0002,1,3.6,Chat
757,20250120,658,55,3,1,3,4,908,721,1629,752,0.0135,1,3.8,Completion
758,20250306,1115,43,1,2,4,3,1386,56,1442,500,0.0078,1,3.8,Chat
759,20250423,1548,80,2,5,5,3,274,347,621,323,0.0002,1,,Chat
760,20250202,1203,9,6,6,1,4,775,145,920,259,0.0001,1,,Chat
761,20250408,1625,38,3,1,3,3,1567,344,1911,701,0.0099,1,,Chat
762,20250608,1639,55,3,4,1,2,172,1810,1982,573,0.0277,1,,Completion
763,20250602,1545,2,1,3,2,1,4434,163,4597,488,0.0246,1,,Chat
764,20250424,1211,80,3,4,1,2,611,3128,3739,455,0.0488,1,,Chat
765,20250530,1156,40,2,2,6,3,799,118,917,241,0.0002,1,4.0,Completion
766,20250115,1515,19,2,7,2,3,492,305,797,228,0.0003,1,,Embedding
767,20250329,712,9,2,1,1,4,888,1468,2356,281,0.001,1,,Vision
768,20250318,1426,79,3,2,2,4,2677,180,2857,1037,0.0107,1,4.8,Embedding
769,20250609,1413,60,2,6,3,3,2889,177,3066,458,0.0005,1,,Vision
770,20250403,1700,1,2,5,1,2,1094,402,1496,255,0.0004,1,3.4,Chat
771,20250220,1812,4,1,3,4,1,1541,92,1633,395,0.0091,1,3.7,Chat
772,20250126,1301,34,5,1,1,2,879,314,1193,399,0.0027,1,4.4,Embedding
773,20250619,610,48,2,1,2,2,756,70,826,354,0.0002,1,,Vision
774,20250218,1312,17,5,6,1,1,970,158,1128,405,0.002,1,,Chat
775,20250218,1854,76,2,4,5,3,1124,295,1419,336,0.0003,1,,Chat
776,20250506,1113,75,1,5,5,4,3151,2884,6035,893,0.059,1,,Completion
777,20250406,1131,66,3,1,2,4,1922,176,2098,780,0.0084,1,4.5,Chat
778,20250616,1502,75,2,7,2,3,123,123,246,252,0.0001,1,,Chat
779,20250406,1216,21,1,1,2,2,399,870,1269,707,0.015,1,3.4,Chat
780,20250426,1329,55,2,3,2,3,336,805,1141,442,0.0005,1,,Chat
781,20250402,1257,10,1,1,2,2,726,959,1685,568,0.018,1,,Chat
782,20250403,1302,10,3,5,5,1,2806,98,2904,949,0.0099,1,4.4,Chat
783,20250205,1454,78,4,5,4,2,459,306,765,276,0.0005,1,,Embedding
784,20250414,752,52,1,1,4,3,5972,625,6597,750,0.0392,1,,Chat
785,20250223,1730,30,3,5,1,2,482,943,1425,589,0.0156,1,,Completion
786,20250420,1749,25,2,5,1,1,98,303,401,220,0.0002,1,,Chat
787,20250103,1531,40,5,1,1,4,1015,181,1196,210,0.0022,1,,Chat
788,20250318,1320,69,2,4,2,3,296,675,971,243,0.0004,1,,Chat
789,20250605,236,78,1,7,6,3,920,224,1144,278,0.008,1,,Chat
790,20250426,940,73,2,3,1,1,733,1021,1754,310,0.0007,1,3.4,Completion
791,20250409,1118,9,1,4,2,2,2113,389,2502,491,0.0164,1,4.1,Chat
792,20250210,907,51,2,1,1,4,137,237,374,295,0.0002,1,,Completion
793,20250421,1352,40,2,6,1,4,457,147,604,339,0.0002,1,,Completion
794,20250221,800,36,6,3,2,3,1337,140,1477,206,0.0001,0,,Embedding
795,20250428,829,63,3,1,1,3,811,1520,2331,767,0.0252,1,,Chat
796,20250411,1739,39,5,2,3,3,1064,129,1193,247,0.002,1,,Chat
797,20250628,1036,24,1,3,2,2,5067,193,5260,853,0.0282,1,,Chat
798,20250628,1746,9,5,1,5,3,3451,233,3684,349,0.0055,1,4.1,Vision
799,20250415,2328,42,3,7,1,1,722,140,862,222,0.0043,1,3.3,Chat
800,20250219,1625,52,3,4,2,2,203,422,625,749,0.0069,1,4.5,Chat
801,20250423,1408,32,3,2,2,1,2049,743,2792,940,0.0173,1,3.5,Embedding
802,20250120,1042,22,3,1,1,3,680,288,968,838,0.0064,1,,Chat
803,20250424,1744,28,2,1,1,3,998,903,1901,164,0.0007,1,,Chat
804,20250114,2038,57,3,4,1,3,6144,1210,7354,1055,0.0366,1,,Completion
805,20250108,700,54,6,2,1,1,414,176,590,350,0.0001,1,4.4,Chat
806,20250112,926,22,5,5,4,2,1315,1058,2373,348,0.0069,1,,Chat
807,20250131,1514,55,3,4,5,2,498,269,767,934,0.0055,1,,Chat
808,20250618,1752,9,2,1,2,3,642,231,873,120,0.0002,1,,Chat
809,20250518,950,14,5,2,4,3,3715,111,3826,298,0.0052,0,,Chat
810,20250327,1811,18,6,3,6,3,214,386,600,371,0.0001,1,,Chat
811,20250425,1424,75,5,2,1,3,8791,79,8870,383,0.0114,1,,Chat
812,20250321,1315,16,4,1,1,3,1332,480,1812,208,0.0009,1,,Completion
813,20250614,1402,27,1,2,1,2,208,1067,1275,717,0.017,1,,Vision
814,20250514,1650,6,2,6,1,2,1723,451,2174,294,0.0005,1,,Chat
815,20250114,1058,70,1,6,1,2,657,1858,2515,976,0.0312,1,,Embedding
816,20250424,1340,24,4,1,5,3,693,153,846,394,0.0004,1,,Chat
817,20250214,1637,12,1,4,1,2,9332,261,9593,564,0.0506,1,,Chat
818,20250304,1427,26,3,2,2,2,2556,490,3046,451,0.015,1,3.7,Chat
819,20250412,1724,47,3,1,4,1,2754,252,3006,958,0.012,1,,Chat
820,20250408,1827,3,4,5,4,3,750,353,1103,334,0.0006,1,,Vision
821,20250320,1029,60,3,1,3,2,1380,77,1457,849,0.0053,1,,Chat
822,20250104,755,1,2,4,1,4,2573,249,2822,259,0.0005,1,,Chat
823,20250320,1141,63,6,7,6,2,513,1102,1615,120,0.0004,0,4.8,Vision
824,20250331,1932,33,1,7,1,3,1878,191,2069,405,0.0123,1,,Chat
825,20250109,2058,62,1,2,2,2,520,201,721,908,0.0056,1,,Completion
826,20250307,1515,19,4,4,1,3,285,397,682,179,0.0006,1,,Embedding
827,20250630,1837,51,1,5,3,4,3871,997,4868,732,0.0343,1,4.8,Embedding
828,20250618,2156,69,1,2,3,3,1339,195,1534,752,0.0096,1,3.9,Embedding
829,20250206,2217,45,4,1,3,3,266,242,508,320,0.0004,1,,Chat
830,20250628,1326,9,2,7,4,1,274,857,1131,507,0.0006,1,,Completion
831,20250509,1407,24,1,2,3,2,542,138,680,708,0.0048,1,,Chat
832,20250423,1840,53,1,1,4,2,2154,600,2754,515,0.0198,1,4.3,Chat
833,20250503,931,31,1,1,1,1,0,0,0,298,0.0,1,3.3,Completion
834,20250102,2024,67,1,3,6,1,2378,2274,4652,344,0.046,1,,Completion
835,20250624,856,48,6,2,1,2,581,506,1087,456,0.0002,1,3.6,Chat
836,20250101,1629,13,2,3,6,4,534,138,672,400,0.0002,1,,Embedding
837,20250405,1028,32,6,1,1,3,2880,259,3139,435,0.0003,1,,Chat
838,20250105,1640,42,2,1,6,4,587,212,799,246,0.0002,1,4.7,Chat
839,20250331,1527,11,2,3,2,3,712,199,911,263,0.0002,1,,Chat
840,20250219,1445,78,3,4,1,2,159,930,1089,427,0.0144,1,,Completion
841,20250622,935,39,5,3,1,3,145,71,216,147,0.0005,0,,Embedding
842,20250618,1144,22,6,2,2,2,3858,211,4069,297,0.0004,1,,Completion
843,20250307,1542,29,1,6,5,3,1527,559,2086,378,0.016,1,,Chat
844,20250227,1959,43,1,3,3,1,8161,121,8282,417,0.0426,1,,Chat
845,20250422,1251,72,2,6,3,3,279,507,786,208,0.0003,1,3.7,Chat
846,20250405,2208,74,2,3,1,4,1942,395,2337,380,0.0005,1,,Completion
847,20250323,1849,55,1,1,2,4,762,277,1039,667,0.008,1,,Completion
848,20250428,1720,69,3,3,1,2,1539,134,1673,467,0.0066,1,,Embedding
849,20250603,1320,5,2,2,3,1,621,1766,2387,144,0.0012,1,,Chat
850,20250316,1645,64,6,4,2,4,2540,2277,4817,240,0.0009,1,4.7,Chat
851,20250215,1554,7,4,6,5,2,1110,390,1500,270,0.0008,1,,Vision
852,20250419,1543,44,3,6,6,3,106,1150,1256,678,0.0176,1,3.9,Chat
853,20250411,1306,71,4,1,5,3,4197,186,4383,240,0.0013,1,,Completion
854,20250528,2108,21,5,6,3,3,314,206,520,265,0.0014,1,,Embedding
855,20250528,1706,47,1,5,1,3,1648,176,1824,528,0.0109,1,,Chat
856,20250402,1130,13,6,2,4,4,620,474,1094,320,0.0002,1,5.0,Completion
857,20250131,615,5,3,7,3,2,3881,765,4646,964,0.0231,1,4.3,Chat
858,20250429,1555,12,4,5,6,3,1792,491,2283,411,0.0011,1,,Completion
859,20250227,1601,66,2,1,1,1,609,2279,2888,367,0.0015,1,,Chat
860,20250318,1636,56,4,1,2,2,210,110,320,308,0.0002,1,4.5,Embedding
861,20250516,1431,69,3,2,3,2,724,688,1412,1011,0.0125,1,,Chat
862,20250216,1655,16,5,4,4,2,238,300,538,201,0.0018,1,4.2,Embedding
863,20250307,1254,72,1,1,1,2,885,382,1267,364,0.0102,1,3.4,Chat
864,20250318,1302,32,6,1,6,3,401,27,428,481,0.0,1,,Completion
865,20250401,1838,67,3,2,2,3,919,612,1531,383,0.0119,1,3.4,Embedding
866,20250604,2035,18,1,1,1,4,8931,698,9629,882,0.0551,1,,Chat
867,20250413,1429,21,3,1,1,2,351,406,757,680,0.0071,1,4.0,Completion
868,20250406,1236,25,3,1,3,4,1076,551,1627,631,0.0115,1,,Completion
869,20250604,1415,4,2,1,6,2,256,179,435,154,0.0001,1,3.4,Chat
870,20250207,1755,35,1,4,1,2,163,1800,1963,965,0.0278,1,3.4,Vision
871,20250320,1237,68,1,7,4,1,99,426,525,635,0.0069,1,,Chat
872,20250213,920,7,4,6,2,3,418,1212,1630,345,0.0016,1,,Chat
873,20250503,1037,52,4,7,2,3,157,250,407,259,0.0004,1,4.1,Chat
874,20250305,1543,48,1,2,3,1,784,978,1762,1090,0.0186,1,,Chat
875,20250514,1745,55,6,5,2,2,636,282,918,245,0.0001,1,,Chat
876,20250612,1805,12,5,7,2,2,378,343,721,285,0.0022,1,3.4,Completion
877,20250419,1143,2,1,1,5,4,339,817,1156,636,0.0139,1,,Chat
878,20250104,1639,52,3,7,5,3,785,1919,2704,450,0.0311,1,,Chat
879,20250625,2038,68,2,3,1,4,137,477,614,326,0.0003,1,,Chat
880,20250204,1032,47,6,5,5,2,974,980,1954,120,0.0004,1,4.1,Chat
881,20250316,1619,16,6,2,3,4,70,145,215,439,0.0,1,3.2,Completion
882,20250110,1159,66,2,6,5,4,231,279,510,482,0.0002,1,,Chat
883,20250331,656,1,2,3,1,2,258,1179,1437,462,0.0007,1,,Chat
884,20250201,1358,53,2,1,2,4,218,1961,2179,436,0.0012,1,4.4,Chat
885,20250128,1628,35,2,1,2,2,320,316,636,264,0.0002,1,,Chat
886,20250218,1518,15,4,1,5,3,2455,697,3152,174,0.0015,1,,Completion
887,20250131,1926,35,5,1,1,3,881,592,1473,423,0.0041,1,,Completion
888,20250203,907,50,1,5,4,2,1292,363,1655,293,0.0119,1,,Chat
889,20250420,1538,44,2,1,3,1,6376,69,6445,276,0.001,1,,Chat
890,20250217,1615,66,2,5,1,2,743,300,1043,152,0.0003,1,3.7,Completion
891,20250629,1446,14,3,2,2,3,628,75,703,921,0.003,1,5.0,Completion
892,20250207,1727,25,3,1,1,1,1410,748,2158,894,0.0154,1,4.8,Chat
893,20250503,1403,55,3,4,6,2,3307,453,3760,948,0.0167,1,,Chat
894,20250113,1511,41,1,1,1,2,1626,180,1806,715,0.0108,1,4.5,Chat
895,20250404,1021,63,2,6,1,2,374,165,539,175,0.0002,1,3.2,Completion
896,20250516,2238,76,5,2,3,2,2204,1689,3893,160,0.0112,1,,Chat
897,20250111,1437,16,2,6,1,3,207,182,389,190,0.0001,1,,Embedding
898,20250329,1819,80,1,2,1,4,901,1660,2561,787,0.0294,1,,Chat
899,20250524,2322,33,4,1,1,3,175,963,1138,392,0.0012,1,,Completion
900,20250106,1010,65,5,1,2,4,1646,439,2085,257,0.0043,1,,Chat
901,20250507,1043,51,1,3,4,3,652,4000,4652,650,0.0633,1,,Chat
902,20250311,1713,78,2,3,2,2,326,170,496,386,0.0002,1,3.6,Completion
903,20250308,819,68,5,5,2,3,457,339,796,290,0.0023,1,3.7,Chat
904,20250204,1317,36,1,3,1,3,1989,1162,3151,817,0.0274,1,5.0,Vision
905,20250325,1005,48,1,1,3,3,1008,1872,2880,853,0.0331,1,,Chat
906,20250402,814,2,1,6,1,4,1903,91,1994,660,0.0109,1,3.7,Chat
907,20250617,2116,49,3,6,5,3,519,272,791,823,0.0056,1,,Completion
908,20250209,728,51,5,1,1,3,376,548,924,217,0.0032,1,,Chat
909,20250218,1336,23,5,1,1,2,1299,472,1771,306,0.004,1,,Completion
910,20250218,1204,78,1,1,1,2,1939,535,2474,754,0.0177,1,,Chat
911,20250604,1206,2,3,2,3,1,1115,234,1349,642,0.0069,1,4.7,Completion
912,20250610,1038,19,3,1,1,1,439,769,1208,698,0.0129,1,,Vision
913,20250205,1730,26,1,5,1,3,870,886,1756,775,0.0176,1,,Embedding
914,20250610,1534,35,2,2,1,3,316,375,691,315,0.0003,1,,Chat
915,20250107,1414,29,2,3,4,1,101,378,479,496,0.0002,1,4.4,Chat
916,20250506,1210,15,5,2,5,4,345,453,798,310,0.0027,0,4.9,Chat
917,20250112,1838,11,1,2,1,4,380,1205,1585,784,0.02,1,,Chat
918,20250315,1322,80,1,2,5,3,1879,1600,3479,848,0.0334,1,4.1,Chat
919,20250617,909,20,1,6,4,3,3041,565,3606,666,0.0237,1,,Completion
920,20250207,1405,36,4,2,1,3,581,909,1490,271,0.0013,1,4.6,Chat
921,20250205,951,43,2,2,6,3,466,384,850,400,0.0003,1,,Chat
922,20250409,1605,30,3,3,2,3,572,4000,4572,710,0.0617,1,,Completion
923,20250222,1954,1,4,5,3,2,580,519,1099,362,0.0008,1,,Vision
924,20250317,1829,18,6,1,1,4,1722,693,2415,249,0.0003,1,,Vision
925,20250131,1144,18,5,1,4,1,897,730,1627,258,0.0048,1,,Chat
926,20250503,1853,10,6,2,3,3,2458,151,2609,197,0.0002,1,3.5,Chat
927,20250501,1347,24,1,1,4,2,1821,365,2186,957,0.0146,1,,Vision
928,20250315,1507,2,2,4,2,3,689,97,786,151,0.0002,1,,Chat
929,20250522,1545,59,4,3,1,4,97,781,878,264,0.001,1,,Chat
930,20250407,208,67,4,2,1,4,5308,283,5591,269,0.0017,1,,Chat
931,20250627,1729,10,2,5,6,3,3080,82,3162,120,0.0005,1,,Chat
932,20250128,1106,35,2,1,1,2,1123,503,1626,384,0.0005,1,,Embedding
933,20250103,948,77,1,1,2,1,132,1359,1491,461,0.021,1,3.6,Vision
934,20250112,503,62,1,1,2,1,1548,1278,2826,622,0.0269,1,,Chat
935,20250402,1208,51,2,1,2,2,576,241,817,147,0.0002,1,3.9,Completion
936,20250503,1137,49,1,5,1,3,2255,816,3071,688,0.0235,1,3.5,Completion
937,20250624,1041,28,1,4,6,2,1117,76,1193,690,0.0067,1,,Vision
938,20250425,1950,44,3,7,3,3,306,344,650,724,0.0061,1,4.3,Vision
939,20250605,1904,79,1,4,3,2,855,311,1166,202,0.0089,1,,Vision
940,20250508,1406,12,1,1,4,2,10322,783,11105,644,0.0634,1,3.7,Chat
941,20250308,1530,59,3,2,1,3,1324,278,1602,837,0.0081,1,,Chat
942,20250315,1425,47,6,7,6,3,675,144,819,407,0.0001,1,,Completion
943,20250624,1626,11,2,3,3,2,404,773,1177,231,0.0005,1,4.8,Completion
944,20250103,1009,72,3,4,3,2,626,111,737,757,0.0035,1,3.5,Chat
945,20250430,641,60,1,2,2,1,392,83,475,630,0.0032,1,,Chat
946,20250221,1325,56,1,1,6,2,966,223,1189,383,0.0082,1,5.0,Chat
947,20250501,1509,20,4,2,1,1,405,432,837,193,0.0006,1,3.3,Completion
948,20250224,1403,61,2,7,1,2,2149,543,2692,239,0.0006,1,4.6,Chat
949,20250318,1555,11,1,1,1,2,1052,606,1658,575,0.0143,1,,Chat
950,20250329,1348,55,3,1,4,1,1655,234,1889,418,0.0085,1,4.9,Chat
951,20250410,852,74,3,5,6,2,270,189,459,686,0.0036,1,,Completion
952,20250104,1009,41,1,4,3,2,2238,622,2860,202,0.0205,1,,Chat
953,20250426,1653,1,2,5,3,2,1379,141,1520,321,0.0003,1,,Completion
954,20250212,1038,70,3,1,3,2,1476,181,1657,242,0.0071,1,4.9,Vision
955,20250509,1252,40,3,1,4,1,1183,412,1595,380,0.0097,1,,Completion
956,20250327,1207,67,2,2,1,3,847,317,1164,297,0.0003,1,,Chat
957,20250612,1118,56,3,1,2,2,4323,196,4519,760,0.0159,1,,Embedding
958,20250607,1859,3,1,1,4,1,2166,496,2662,529,0.0183,1,,Completion
959,20250620,1818,5,6,1,2,3,184,144,328,241,0.0001,1,4.6,Completion
960,20250416,1858,60,1,6,6,2,1958,239,2197,579,0.0134,1,,Completion
961,20250320,1153,34,1,2,1,2,658,1525,2183,337,0.0262,1,,Completion
962,20250513,2052,48,1,6,1,1,3066,1696,4762,544,0.0408,1,3.5,Completion
963,20250114,1351,51,2,3,2,3,183,211,394,328,0.0002,1,,Vision
964,20250422,1914,21,2,4,2,2,245,242,487,265,0.0002,1,,Chat
965,20250522,810,34,3,5,4,3,2419,302,2721,605,0.0118,1,3.4,Chat
966,20250527,1224,11,3,3,1,3,608,597,1205,600,0.0108,1,,Vision
967,20250318,1212,29,3,5,1,3,646,815,1461,1026,0.0142,1,4.6,Completion
968,20250613,1437,3,4,4,1,4,1630,101,1731,295,0.0005,1,4.9,Chat
969,20250223,925,47,1,1,1,1,305,298,603,921,0.006,1,,Chat
970,20250612,1758,41,2,4,1,2,827,89,916,260,0.0002,1,3.7,Embedding
971,20250330,1530,44,3,4,4,1,1596,104,1700,447,0.0063,0,,Chat
972,20250106,1333,69,3,1,1,3,2289,74,2363,613,0.008,1,4.8,Chat
973,20250310,1417,17,1,2,1,3,3132,1162,4294,782,0.0331,1,,Chat
974,20250413,1059,66,3,1,3,3,198,414,612,877,0.0068,1,4.4,Embedding
975,20250212,1950,40,2,2,2,3,1260,475,1735,317,0.0005,1,,Chat
976,20250605,1124,14,2,3,1,2,591,1364,1955,187,0.0009,1,,Chat
977,20250306,2037,66,3,1,1,1,970,2119,3089,329,0.0347,1,,Embedding
978,20250420,1650,42,6,3,2,1,342,99,441,301,0.0001,1,3.6,Chat
979,20250224,1829,43,1,1,1,3,575,144,719,629,0.005,1,3.6,Chat
980,20250621,1304,78,2,1,1,3,1089,740,1829,274,0.0006,1,,Completion
981,20250508,2102,64,2,5,1,1,813,246,1059,122,0.0003,0,,Chat
982,20250105,1241,37,1,2,2,3,956,1498,2454,755,0.0272,1,,Chat
983,20250516,902,69,2,1,6,1,776,584,1360,429,0.0005,1,4.0,Embedding
984,20250523,1749,11,2,1,1,2,1319,347,1666,318,0.0004,1,,Chat
985,20250406,1839,16,4,2,4,4,200,245,445,204,0.0004,1,4.7,Chat
986,20250218,1546,12,6,6,3,2,2012,198,2210,120,0.0002,1,,Embedding
987,20250129,1203,6,6,7,4,2,1513,521,2034,321,0.0003,1,3.8,Completion
988,20250131,1208,59,5,1,1,1,210,511,721,198,0.0028,1,4.3,Embedding
989,20250528,2230,31,5,4,3,3,1111,201,1312,220,0.0024,1,,Chat
990,20250401,1335,11,4,1,1,2,536,853,1389,298,0.0012,1,4.4,Embedding
991,20250430,1152,28,4,1,2,2,3646,344,3990,355,0.0013,1,,Chat
992,20250427,1141,40,5,5,2,2,922,430,1352,120,0.0033,1,,Embedding
993,20250221,2249,66,1,2,6,4,4869,412,5281,399,0.0305,1,4.0,Completion
994,20250129,1515,14,6,3,1,3,719,446,1165,298,0.0002,1,,Chat
995,20250122,1622,71,2,3,1,1,2446,535,2981,177,0.0007,1,4.1,Chat
996,20250219,1918,55,1,1,1,3,6909,4000,10909,394,0.0945,1,3.7,Completion
997,20250226,1407,15,3,1,1,2,166,1017,1183,525,0.0158,1,3.7,Chat
998,20250411,2106,51,1,1,3,3,617,120,737,542,0.0049,1,,Completion
999,20250315,646,77,2,1,1,3,1307,57,1364,282,0.0002,1,4.8,Completion
1000,20250212,511,9,4,6,3,2,498,1335,1833,315,0.0018,1,,Vision
1001,20250213,1043,10,3,2,1,4,1298,612,1910,757,0.0131,1,3.8,Chat
1002,20250526,843,3,1,6,2,1,2422,46,2468,506,0.0128,0,,Chat
1003,20250426,1231,43,1,1,1,2,2523,614,3137,330,0.0218,1,,Chat
1004,20250513,1049,43,2,2,1,2,795,308,1103,223,0.0003,1,,Embedding
1005,20250416,1254,19,2,1,2,3,1244,212,1456,271,0.0003,1,,Chat
1006,20250123,2212,27,1,3,3,2,322,103,425,828,0.0032,1,,Chat
1007,20250214,1116,68,1,4,2,4,974,286,1260,590,0.0092,1,3.8,Completion
1008,20250606,2007,44,6,1,1,3,1369,687,2056,141,0.0003,1,,Vision
1009,20250430,943,19,4,1,6,3,51,166,217,373,0.0002,1,,Completion
1010,20250427,1602,2,3,1,1,3,1073,589,1662,493,0.0121,1,,Chat
1011,20250306,1408,7,2,1,1,4,1325,83,1408,309,0.0002,1,4.7,Completion
1012,20250421,1737,26,4,1,1,2,457,599,1056,555,0.0009,1,3.3,Vision
1013,20250308,1358,13,1,4,2,2,1984,298,2282,691,0.0144,1,4.2,Completion
1014,20250417,1535,18,2,3,3,2,792,138,930,300,0.0002,1,3.7,Vision
1015,20250205,1933,13,2,1,4,4,996,748,1744,256,0.0006,1,4.9,Completion
1016,20250524,1601,4,2,2,2,2,855,147,1002,311,0.0002,1,,Completion
1017,20250608,1034,17,3,1,1,3,711,720,1431,717,0.0129,1,,Chat
1018,20250428,953,67,5,1,3,3,1717,537,2254,210,0.0048,1,4.7,Completion
1019,20250116,707,43,2,1,1,3,583,226,809,291,0.0002,1,,Completion
1020,20250204,1214,64,1,1,1,3,179,416,595,580,0.0071,1,,Chat
1021,20250626,1612,80,3,4,5,4,666,2965,3631,215,0.0465,1,4.3,Chat
1022,20250411,1903,57,1,1,2,4,1070,1361,2431,668,0.0258,1,4.1,Chat
1023,20250618,1839,57,1,6,1,3,909,211,1120,973,0.0077,1,3.2,Chat
1024,20250502,1330,26,4,1,2,3,811,943,1754,178,0.0014,1,,Vision
1025,20250429,1626,14,2,4,2,3,391,295,686,287,0.0002,1,3.7,Chat
1026,20250424,702,80,2,3,1,3,329,1041,1370,366,0.0007,1,,Chat
1027,20250509,1313,65,5,2,1,2,827,257,1084,412,0.0023,1,,Chat
1028,20250428,1345,44,1,4,1,3,1688,1787,3475,473,0.0352,1,4.6,Completion
1029,20250605,2042,61,6,1,4,3,167,1319,1486,243,0.0004,1,,Chat
1030,20250331,1337,75,3,1,3,3,202,390,592,413,0.0065,1,,Chat
1031,20250324,1148,61,5,1,1,1,587,745,1332,300,0.0045,1,,Embedding
1032,20250418,1559,50,4,1,5,3,248,156,404,456,0.0003,1,,Chat
1033,20250214,1120,4,5,1,4,3,2953,268,3221,280,0.005,1,,Chat
1034,20250227,1812,37,3,3,1,3,4778,541,5319,561,0.0224,1,,Chat
1035,20250222,1302,13,4,1,1,4,901,704,1605,280,0.0011,1,,Chat
1036,20250508,1612,68,2,3,1,2,2905,456,3361,310,0.0007,1,,Chat
1037,20250423,727,9,2,3,2,1,62,459,521,270,0.0003,1,,Completion
1038,20250603,1134,7,1,3,1,3,1708,568,2276,906,0.0171,1,4.9,Vision
1039,20250120,1434,37,1,4,1,4,634,1541,2175,600,0.0263,1,,Vision
1040,20250530,1630,15,3,2,1,3,830,324,1154,669,0.0073,1,,Completion
1041,20250205,1413,8,1,2,1,4,2164,466,2630,232,0.0178,1,,Vision
1042,20250606,1244,73,3,6,1,1,2962,453,3415,593,0.0157,1,,Chat
1043,20250503,1708,71,1,2,3,4,657,138,795,4904,0.0054,1,3.3,Chat
1044,20250106,1259,30,3,2,1,4,509,509,1018,761,0.0092,1,,Embedding
1045,20250504,1303,71,3,6,3,3,1820,3370,5190,571,0.056,1,,Chat
1046,20250405,1522,79,4,3,1,1,420,160,580,222,0.0003,1,,Chat
1047,20250526,1202,69,1,3,1,3,1918,4000,5918,487,0.0696,0,4.5,Embedding
1048,20250604,1241,45,1,1,1,1,1257,876,2133,709,0.0194,1,,Chat
1049,20250222,1931,70,2,4,3,1,74,43,117,231,0.0,1,,Embedding
1050,20250316,1855,71,5,2,1,2,162,25,187,335,0.0003,1,,Chat
1051,20250505,1417,80,4,3,1,4,249,142,391,184,0.0002,1,,Embedding
1052,20250110,1415,19,3,1,2,1,716,962,1678,120,0.0166,1,,Chat
1053,20250318,1052,50,1,2,1,2,434,471,905,527,0.0092,1,4.7,Chat
1054,20250217,1742,49,1,2,2,2,208,628,836,777,0.0105,1,3.7,Chat
1055,20250601,2113,34,2,1,3,4,431,435,866,120,0.0003,1,4.7,Chat
1056,20250522,424,14,2,4,3,1,1422,328,1750,395,0.0004,1,,Chat
1057,20250308,810,67,6,3,2,3,1062,1617,2679,321,0.0006,1,,Vision
1058,20250122,1515,36,1,6,1,3,1350,135,1485,958,0.0088,1,4.2,Chat
1059,20250104,1107,78,1,1,1,3,2218,136,2354,381,0.0131,1,,Embedding
1060,20250402,1930,5,5,2,1,1,486,1136,1622,272,0.0063,1,,Chat
1061,20250423,611,9,3,1,5,3,3268,343,3611,808,0.0149,1,,Chat
1062,20250301,1407,7,2,1,1,4,165,379,544,495,0.0003,1,4.1,Chat
1063,20250307,1501,34,2,3,1,4,631,823,1454,300,0.0006,1,,Chat
1064,20250129,1432,57,4,3,1,1,249,402,651,381,0.0006,1,4.2,Embedding
1065,20250325,1038,4,4,1,2,2,2397,305,2702,192,0.001,1,3.9,Completion
1066,20250316,1759,6,2,7,3,2,513,629,1142,251,0.0005,1,,Chat
1067,20250330,1313,75,1,1,3,3,2194,793,2987,196,0.0229,1,,Completion
1068,20250525,932,29,1,5,3,4,3392,530,3922,530,0.0249,0,,Completion
1069,20250501,842,78,3,1,5,3,454,88,542,626,0.0027,1,,Chat
1070,20250301,1129,47,5,1,1,2,278,311,589,315,0.0019,1,,Completion
1071,20250510,2204,72,2,7,2,1,170,884,1054,375,0.0006,1,,Completion
1072,20250518,1015,17,2,2,2,4,798,223,1021,298,0.0003,1,,Completion
1073,20250415,2026,11,1,1,1,2,2454,975,3429,552,0.0269,1,4.1,Embedding
1074,20250309,848,54,1,1,2,2,1087,1893,2980,302,0.0338,1,,Completion
1075,20250203,932,10,1,1,2,3,1519,236,1755,469,0.0111,1,,Embedding
1076,20250328,1257,16,2,2,2,3,194,144,338,348,0.0001,1,4.3,Chat
1077,20250611,828,53,4,1,5,4,157,193,350,351,0.0003,1,,Completion
1078,20250122,1309,66,4,5,3,3,437,342,779,120,0.0005,1,,Chat
1079,20250313,1549,76,3,2,2,3,1965,407,2372,7024,0.012,1,3.8,Completion
1080,20250409,920,42,5,3,4,2,1835,376,2211,247,0.0042,1,,Chat
1081,20250528,1356,36,6,6,3,2,603,931,1534,174,0.0003,1,3.7,Chat
1082,20250605,1048,34,1,2,5,2,3775,341,4116,854,0.024,1,3.7,Chat
1083,20250519,2034,6,3,3,1,3,896,1149,2045,387,0.0199,1,4.7,Chat
1084,20250202,1753,67,1,7,2,3,1635,943,2578,503,0.0223,1,,Completion
1085,20250205,717,12,5,1,5,3,1046,57,1103,1984,0.0016,1,3.8,Chat
1086,20250427,1740,36,4,4,1,3,790,1730,2520,380,0.0024,1,,Chat
1087,20250323,1112,67,4,6,1,1,681,317,998,124,0.0006,1,,Embedding
1088,20250226,1043,49,1,4,1,1,764,86,850,660,0.0051,1,,Chat
1089,20250513,1354,12,1,2,1,3,251,883,1134,812,0.0145,1,4.0,Chat
1090,20250408,1440,79,3,4,1,3,968,1055,2023,804,0.0187,1,,Chat
1091,20250621,1531,38,3,1,1,2,587,782,1369,921,0.0135,1,,Completion
1092,20250418,1128,37,3,1,1,4,10915,365,11280,657,0.0382,1,,Chat
1093,20250504,1153,17,2,1,1,3,813,75,888,226,0.0002,1,,Chat
1094,20250116,935,53,1,1,2,4,1533,1548,3081,796,0.0309,1,3.8,Chat
1095,20250328,440,29,2,2,5,2,4179,424,4603,203,0.0009,1,3.9,Completion
1096,20250606,1421,79,1,1,3,4,1597,319,1916,695,0.0128,1,,Vision
1097,20250522,1104,46,1,2,4,2,893,313,1206,324,0.0092,1,,Chat
1098,20250316,1451,30,1,1,2,4,2404,981,3385,836,0.0267,1,,Chat
1099,20250127,1532,68,3,1,1,4,786,1336,2122,341,0.0224,1,,Chat
1100,20250201,1052,35,2,1,4,2,279,827,1106,372,0.0005,1,,Chat
1101,20250106,1500,54,4,1,1,1,1745,156,1901,314,0.0006,1,,Embedding
1102,20250324,1327,40,1,3,2,4,3124,539,3663,562,0.0237,1,3.7,Chat
1103,20250226,1626,12,1,4,2,2,3216,318,3534,636,0.0209,1,,Embedding
1104,20250406,948,51,3,1,1,3,110,728,838,788,0.0112,1,3.6,Vision
1105,20250327,1509,40,2,1,1,3,115,245,360,120,0.0002,1,,Chat
1106,20250414,1939,19,1,6,2,2,452,1983,2435,865,0.032,1,,Embedding
1107,20250208,1002,44,4,1,2,2,239,444,683,197,0.0006,1,,Chat
1108,20250508,1420,70,1,4,4,3,826,110,936,142,0.0058,1,4.0,Chat
1109,20250629,1404,55,3,5,3,4,763,355,1118,808,0.0076,1,,Chat
1110,20250419,1831,5,4,1,2,4,520,247,767,329,0.0004,1,,Chat
1111,20250317,846,56,4,3,2,2,813,528,1341,346,0.0009,1,,Chat
1112,20250625,613,67,3,2,3,1,625,261,886,672,0.0058,1,,Chat
1113,20250212,1533,18,3,2,1,2,5983,376,6359,536,0.0236,1,,Chat
1114,20250221,1844,25,1,2,6,1,1801,2006,3807,715,0.0391,1,,Chat
1115,20250330,940,29,3,3,1,3,353,137,490,800,0.0031,1,3.7,Embedding
1116,20250524,1834,33,2,4,1,3,3513,676,4189,393,0.0009,1,4.3,Chat
1117,20250531,1141,67,1,1,2,1,421,1349,1770,745,0.0223,1,4.6,Completion
1118,20250223,1410,61,1,5,5,3,1973,818,2791,942,0.0221,1,3.6,Vision
1119,20250114,1908,10,3,1,2,1,2308,1344,3652,766,0.0271,1,,Completion
1120,20250409,1245,49,2,3,1,3,1314,100,1414,383,0.0003,1,4.1,Chat
1121,20250206,953,36,5,6,6,4,860,161,1021,334,0.0019,1,,Completion
1122,20250107,1355,23,1,1,5,3,271,897,1168,518,0.0148,1,,Completion
1123,20250408,1723,25,4,1,2,4,665,462,1127,186,0.0007,1,,Chat
1124,20250405,1158,13,2,3,1,2,440,684,1124,444,0.0005,1,,Completion
1125,20250312,1040,33,1,1,2,1,3931,76,4007,378,0.0208,1,,Chat
1126,20250502,1047,23,4,2,3,3,196,85,281,320,0.0002,1,,Embedding
1127,20250203,1305,23,1,1,5,2,1957,1159,3116,710,0.0272,1,,Chat
1128,20250617,1639,25,3,1,1,3,1249,194,1443,890,0.0067,1,4.4,Embedding
1129,20250513,1100,47,5,1,6,3,286,283,569,190,0.0018,1,,Embedding
1130,20250122,1211,35,3,1,4,3,1889,837,2726,445,0.0182,1,3.6,Chat
1131,20250524,1222,36,1,5,4,1,3921,964,4885,1122,0.0341,1,,Embedding
1132,20250123,1811,24,1,7,1,4,4206,161,4367,823,0.0234,1,,Chat
1133,20250320,1353,32,1,1,3,3,772,705,1477,865,0.0144,1,,Embedding
1134,20250215,1617,37,4,5,1,2,301,620,921,217,0.0009,1,3.6,Chat
1135,20250124,1431,34,5,1,1,3,506,274,780,355,0.002,1,,Completion
1136,20250409,909,75,3,5,3,2,9369,106,9475,514,0.0297,1,4.5,Chat
1137,20250522,1553,65,5,5,1,3,1125,303,1428,274,0.0029,1,4.1,Chat
1138,20250502,1508,24,1,1,5,3,1063,2260,3323,840,0.0392,1,4.2,Completion
1139,20250210,1726,2,5,2,1,2,278,308,586,250,0.0019,1,4.8,Chat
1140,20250607,929,57,2,1,2,3,919,209,1128,344,0.0003,1,,Completion
1141,20250623,925,62,2,1,3,3,3124,154,3278,301,0.0006,1,,Embedding
1142,20250528,1725,35,4,6,2,2,397,681,1078,159,0.001,1,3.5,Chat
1143,20250205,1908,73,3,4,2,4,1358,341,1699,581,0.0092,1,,Chat
1144,20250212,1729,51,1,5,1,2,746,295,1041,599,0.0082,1,4.8,Chat
1145,20250209,943,32,1,1,1,1,8271,351,8622,839,0.0466,1,,Chat
1146,20250501,1442,28,1,1,2,2,500,598,1098,828,0.0115,1,,Chat
1147,20250325,1357,52,5,2,1,4,1946,787,2733,370,0.0064,1,,Embedding
1148,20250107,1214,76,3,3,1,3,454,335,789,694,0.0064,1,3.6,Chat
1149,20250615,1614,10,3,1,2,2,152,597,749,685,0.0094,1,3.6,Chat
1150,20250622,1252,50,2,4,2,2,2126,472,2598,408,0.0006,1,4.9,Chat
1151,20250625,1346,45,2,3,1,4,1546,1325,2871,408,0.001,1,,Embedding
1152,20250103,931,59,1,1,2,2,1039,433,1472,761,0.0117,1,,Chat
1153,20250509,1623,58,1,2,3,1,578,641,1219,190,0.0125,1,,Embedding
1154,20250622,1905,50,6,1,1,2,419,346,765,249,0.0001,1,4.9,Completion
1155,20250429,1818,7,1,5,3,3,78,592,670,625,0.0093,1,,Chat
1156,20250107,1234,38,1,3,1,2,7526,259,7785,825,0.0415,1,4.0,Chat
1157,20250412,1515,69,2,1,1,3,2070,187,2257,208,0.0004,1,,Chat
1158,20250626,1839,59,1,2,5,2,2049,138,2187,527,0.0123,1,,Embedding
1159,20250110,1509,48,4,3,2,1,1413,185,1598,120,0.0006,1,,Embedding
1160,20250419,1625,39,1,3,3,2,395,88,483,120,0.0033,1,,Chat
1161,20250219,1736,15,3,6,4,2,1523,485,2008,966,0.0118,1,4.1,Embedding
1162,20250312,1647,56,1,5,1,3,6743,160,6903,642,0.0361,1,4.1,Chat
1163,20250105,750,27,2,1,1,1,541,267,808,341,0.0002,1,3.7,Completion
1164,20250226,1404,42,6,1,1,1,1165,600,1765,491,0.0003,1,,Completion
1165,20250523,1200,61,2,2,2,3,285,407,692,201,0.0003,1,4.7,Chat
1166,20250307,1925,50,5,2,2,2,515,204,719,233,0.0017,1,,Vision
1167,20250405,1619,68,3,3,1,2,1143,327,1470,1028,0.0083,1,4.4,Chat
1168,20250314,1035,3,3,1,1,2,1387,1118,2505,278,0.0209,1,,Chat
1169,20250225,1513,51,3,2,5,1,466,1315,1781,430,0.0211,0,,Chat
1170,20250401,1648,53,1,5,3,2,4047,1364,5411,707,0.0407,1,,Chat
1171,20250509,1334,41,4,4,3,3,395,1153,1548,211,0.0015,1,3.9,Completion
1172,20250315,900,52,2,6,1,4,1210,167,1377,186,0.0003,1,4.0,Chat
1173,20250218,840,53,5,2,3,4,430,307,737,303,0.0021,1,4.3,Chat
1174,20250305,1710,79,1,3,2,1,2268,502,2770,604,0.0189,1,,Chat
1175,20250511,1655,71,2,5,5,3,2090,367,2457,234,0.0005,1,,Chat
1176,20250324,1008,26,4,1,2,3,181,581,762,336,0.0008,1,,Chat
1177,20250429,1632,23,2,1,3,4,592,1092,1684,232,0.0007,1,,Embedding
1178,20250102,1747,9,5,6,1,3,642,196,838,338,0.0018,1,,Embedding
1179,20250518,1507,34,6,6,1,2,917,353,1270,276,0.0002,1,,Vision
1180,20250111,2323,51,4,2,4,1,1931,610,2541,290,0.0012,1,,Completion
1181,20250129,1846,75,2,5,1,4,1060,337,1397,250,0.0004,1,,Chat
1182,20250428,1357,10,5,5,1,1,50,395,445,232,0.002,1,,Completion
1183,20250526,2017,34,2,4,1,3,676,120,796,275,0.0002,1,,Chat
1184,20250320,945,38,2,1,1,2,1018,422,1440,373,0.0004,1,,Chat
1185,20250605,1018,19,2,1,3,3,685,103,788,348,0.0002,1,3.6,Embedding
1186,20250513,1625,66,3,1,1,2,2199,602,2801,744,0.0156,1,,Vision
1187,20250505,2041,49,3,3,2,3,1007,686,1693,402,0.0133,1,,Chat
1188,20250222,1014,40,5,1,5,2,726,844,1570,254,0.0051,1,,Completion
1189,20250515,1357,2,1,1,2,3,891,362,1253,717,0.0099,1,4.4,Chat
1190,20250518,855,69,1,2,1,3,4821,319,5140,814,0.0289,1,,Chat
1191,20250228,844,32,3,1,4,2,2614,1139,3753,737,0.0249,1,5.0,Chat
1192,20250514,1019,17,1,5,3,4,1719,195,1914,592,0.0115,1,4.3,Completion
1193,20250220,1830,10,2,3,4,2,1362,334,1696,184,0.0004,1,3.6,Chat
1194,20250424,1649,15,1,2,2,3,1365,66,1431,828,0.0078,1,,Completion
1195,20250507,1340,35,4,7,1,2,1962,130,2092,120,0.0007,1,,Chat
1196,20250623,1535,36,6,1,4,2,864,78,942,184,0.0001,1,,Chat
1197,20250501,131,66,4,1,1,4,505,614,1119,216,0.0009,1,4.0,Chat
1198,20250219,549,24,6,2,3,3,570,263,833,240,0.0001,1,3.8,Chat
1199,20250527,1343,27,4,2,3,4,843,290,1133,156,0.0006,1,4.6,Completion
1200,20250617,1538,61,5,3,1,4,115,57,172,352,0.0004,1,,Chat
1201,20250320,1621,19,6,2,4,2,631,100,731,210,0.0001,1,,Chat
1202,20250115,1226,52,2,3,4,1,158,176,334,343,0.0001,1,,Vision
1203,20250317,1953,33,4,1,3,2,456,628,1084,120,0.0009,1,4.6,Chat
1204,20250128,1604,36,3,1,1,3,599,805,1404,593,0.0139,1,4.1,Completion
1205,20250305,1917,63,2,7,1,3,302,563,865,252,0.0004,0,,Chat
1206,20250129,1330,37,1,2,2,2,1114,269,1383,646,0.0096,1,,Chat
1207,20250527,1312,39,4,2,1,2,826,354,1180,358,0.0006,1,,Chat
1208,20250205,1749,3,3,4,2,4,468,1373,1841,380,0.022,1,,Completion
1209,20250217,1620,28,4,7,1,3,1161,65,1226,289,0.0004,1,,Chat
1210,20250205,1207,3,3,4,1,3,627,2171,2798,501,0.0344,1,,Embedding
1211,20250105,1036,48,4,6,1,4,712,591,1303,266,0.0009,1,4.1,Completion
1212,20250525,1805,10,4,2,2,3,1072,51,1123,228,0.0003,1,,Chat
1213,20250616,1112,79,4,6,1,4,1023,35,1058,529,0.0003,1,,Chat
1214,20250119,1611,43,1,2,5,3,1554,1849,3403,1183,0.0355,1,4.1,Completion
1215,20250609,1753,1,5,2,1,3,1562,369,1931,266,0.0038,1,3.8,Chat
1216,20250528,1259,26,5,3,4,3,316,184,500,147,0.0013,1,,Embedding
1217,20250517,1338,4,1,5,1,2,248,721,969,641,0.0121,1,3.4,Chat
1218,20250319,1410,26,1,6,5,3,794,4000,4794,959,0.064,1,4.9,Chat
1219,20250107,928,49,2,1,5,2,820,196,1016,180,0.0002,1,,Chat
1220,20250201,805,76,1,2,1,3,2063,315,2378,870,0.015,1,,Completion
1221,20250402,1747,78,3,1,1,4,5291,267,5558,758,0.0199,0,,Chat
1222,20250105,1600,59,1,3,2,3,833,289,1122,1016,0.0085,1,,Vision
1223,20250228,1444,39,1,2,1,1,2529,275,2804,372,0.0168,1,,Chat
1224,20250112,1109,42,2,7,1,3,594,133,727,279,0.0002,1,3.2,Chat
1225,20250619,718,27,1,2,1,3,437,1138,1575,787,0.0193,1,,Chat
1226,20250404,1256,24,1,7,6,3,484,226,710,565,0.0058,1,,Chat
1227,20250324,1601,80,1,2,1,4,3388,375,3763,387,0.0226,1,4.8,Chat
1228,20250515,1510,77,5,6,1,2,316,212,528,409,0.0015,1,4.8,Chat
1229,20250423,1708,69,6,1,2,4,766,112,878,300,0.0001,1,,Chat
1230,20250404,1839,70,2,6,1,2,474,1041,1515,406,0.0007,1,4.1,Embedding
1231,20250227,2042,19,3,1,2,4,1817,1051,2868,971,0.0212,1,3.9,Embedding
1232,20250429,1542,43,1,1,1,3,811,393,1204,704,0.01,1,,Vision
1233,20250529,847,19,1,6,1,2,1160,1705,2865,151,0.0314,1,4.8,Chat
1234,20250302,2010,5,1,1,1,1,4114,388,4502,773,0.0264,1,4.1,Embedding
1235,20250427,1439,28,1,6,6,2,4582,1530,6112,331,0.0459,1,,Completion
1236,20250307,1621,24,3,3,1,4,1090,651,1741,3872,0.013,1,,Chat
1237,20250404,2027,9,3,4,1,3,3789,298,4087,346,0.0158,1,,Chat
1238,20250202,1255,38,1,2,1,3,2068,756,2824,935,0.0217,1,,Completion
1239,20250219,1709,66,6,7,6,2,1591,436,2027,143,0.0003,1,3.2,Completion
1240,20250113,1351,68,2,3,1,4,1726,316,2042,329,0.0004,1,,Completion
1241,20250227,1253,80,6,1,1,3,263,297,560,310,0.0001,1,,Chat
1242,20250317,1124,52,6,2,1,1,538,148,686,389,0.0001,1,,Embedding
1243,20250523,1242,33,2,1,5,1,2458,1211,3669,272,0.0011,1,,Completion
1244,20250304,925,21,6,1,2,1,101,94,195,145,0.0,1,,Chat
1245,20250205,1957,36,1,6,1,4,1503,871,2374,144,0.0206,1,,Completion
1246,20250103,940,42,3,1,1,2,3252,790,4042,616,0.0216,1,3.4,Completion
1247,20250427,1609,79,2,4,1,1,2899,273,3172,286,0.0006,1,,Embedding
1248,20250129,1440,33,2,1,6,2,5726,55,5781,346,0.0009,1,,Embedding
1249,20250123,1346,14,4,5,4,2,1107,188,1295,275,0.0005,1,,Chat
1250,20250115,1640,54,5,4,4,4,10955,656,11611,196,0.017,1,,Embedding
1251,20250402,1205,33,4,6,3,2,442,71,513,247,0.0002,1,,Chat
1252,20250524,1638,63,3,1,2,2,374,1629,2003,760,0.0256,1,,Chat
1253,20250528,1106,13,6,2,3,3,585,1285,1870,351,0.0004,1,,Chat
1254,20250330,1441,6,3,6,2,2,1056,647,1703,533,0.0129,1,,Completion
1255,20250621,558,56,3,7,4,3,10323,697,11020,740,0.0414,1,,Chat
1256,20250306,1322,59,6,1,5,4,343,282,625,123,0.0001,1,5.0,Chat
1257,20250211,2313,34,2,1,2,4,218,137,355,236,0.0001,1,,Completion
1258,20250123,1921,64,4,5,4,2,673,115,788,402,0.0003,1,,Embedding
1259,20250613,1625,12,6,1,1,4,1079,606,1685,514,0.0003,1,,Chat
1260,20250403,2248,57,2,1,3,2,358,1313,1671,317,0.0008,1,3.2,Chat
1261,20250518,1511,72,2,3,3,2,145,285,430,200,0.0002,1,,Chat
1262,20250207,1745,34,1,3,5,2,3909,83,3992,644,0.0208,1,,Chat
1263,20250607,1836,38,2,6,3,4,562,613,1175,314,0.0005,1,3.6,Embedding
1264,20250627,1514,29,1,1,6,1,1021,189,1210,394,0.0079,1,4.4,Chat
1265,20250417,1635,57,1,1,1,3,1365,527,1892,553,0.0147,1,,Chat
1266,20250308,1245,50,5,3,3,4,1706,248,1954,148,0.0034,1,,Embedding
1267,20250402,1604,70,2,2,5,2,553,339,892,437,0.0003,1,4.7,Vision
1268,20250502,1334,65,1,3,1,4,1788,196,1984,600,0.0119,1,,Completion
1269,20250430,1617,29,4,4,3,3,164,391,555,289,0.0005,1,4.3,Chat
1270,20250616,1403,72,2,7,1,3,1691,438,2129,424,0.0005,1,,Completion
1271,20250108,1045,33,1,2,6,2,1534,652,2186,406,0.0175,1,,Completion
1272,20250326,1714,39,1,2,3,2,12000,592,12592,764,0.0689,1,,Vision
1273,20250606,1403,1,1,3,3,2,656,106,762,489,0.0049,1,,Chat
1274,20250305,838,25,6,3,2,3,3083,299,3382,246,0.0003,1,,Embedding
1275,20250414,1736,13,1,6,3,2,436,290,726,665,0.0065,1,,Embedding
1276,20250401,1811,40,2,2,4,2,1044,407,1451,287,0.0004,1,,Chat
1277,20250328,1528,11,1,2,1,4,1638,226,1864,660,0.0116,1,,Chat
1278,20250101,933,22,3,7,1,2,1452,381,1833,1227,0.0101,1,3.8,Embedding
1279,20250508,1311,80,3,2,1,2,328,529,857,768,0.0089,1,,Chat
1280,20250630,2054,57,4,1,1,2,391,86,477,360,0.0002,1,3.5,Embedding
1281,20250321,859,16,1,1,2,4,865,471,1336,634,0.0114,1,3.5,Chat
1282,20250427,1659,44,5,2,3,4,359,261,620,278,0.0018,1,,Completion
1283,20250303,1452,19,6,4,1,2,726,478,1204,362,0.0002,1,,Chat
1284,20250126,1554,76,1,7,2,4,2108,133,2241,661,0.0125,1,,Chat
1285,20250614,1512,70,3,3,2,2,2776,311,3087,500,0.013,1,4.6,Chat
1286,20250127,1120,63,3,2,1,3,2290,1607,3897,557,0.031,1,,Chat
1287,20250111,1712,68,6,5,4,3,743,297,1040,259,0.0001,1,4.3,Embedding
1288,20250319,1624,7,3,4,3,3,1854,4000,5854,456,0.0656,1,,Chat
1289,20250511,1623,23,5,6,3,3,413,157,570,278,0.0013,1,3.6,Chat
1290,20250222,1436,64,1,1,1,3,12000,505,12505,392,0.0676,1,4.9,Chat
1291,20250215,1524,43,4,6,1,2,102,305,407,281,0.0004,1,,Embedding
1292,20250624,1736,55,1,1,1,3,3546,373,3919,615,0.0233,1,,Chat
1293,20250417,1052,2,6,4,5,2,240,429,669,155,0.0001,1,4.8,Embedding
1294,20250202,1242,58,2,3,3,2,271,527,798,456,0.0004,1,3.4,Chat
1295,20250624,845,33,4,1,2,2,125,297,422,281,0.0004,1,,Chat
1296,20250123,1435,26,2,3,1,1,445,278,723,316,0.0002,1,4.1,Chat
1297,20250627,1851,11,2,1,1,2,114,241,355,300,0.0002,1,,Chat
1298,20250218,1049,65,4,2,4,3,3159,192,3351,275,0.001,1,4.2,Vision
1299,20250614,1603,26,2,7,5,2,390,68,458,237,0.0001,1,3.7,Chat
1300,20250118,1853,57,1,1,3,2,956,269,1225,860,0.0088,1,,Completion
1301,20250513,1234,53,1,7,1,3,804,693,1497,825,0.0144,1,,Completion
1302,20250408,2300,1,2,1,5,3,1400,885,2285,230,0.0007,1,,Completion
1303,20250106,941,10,1,1,3,3,1425,666,2091,404,0.0171,1,,Completion
1304,20250624,1331,31,2,4,2,4,952,448,1400,329,0.0004,1,5.0,Chat
1305,20250315,1540,19,5,1,2,2,421,213,634,162,0.0016,1,,Chat
1306,20250206,2102,39,1,1,3,2,1357,486,1843,438,0.0141,1,,Chat
1307,20250418,156,52,1,2,4,2,457,400,857,744,0.0083,1,,Chat
1308,20250222,1615,68,2,2,1,2,1575,1535,3110,329,0.0012,1,3.6,Embedding
1309,20250406,941,53,3,3,5,3,1035,806,1841,1120,0.0152,1,,Chat
1310,20250416,803,80,3,2,5,4,4458,714,5172,840,0.0241,1,4.8,Completion
1311,20250409,1336,27,6,2,5,1,311,625,936,344,0.0002,1,4.5,Completion
1312,20250323,1729,53,1,2,4,2,1321,340,1661,295,0.0117,1,,Completion
1313,20250623,1706,5,2,3,4,3,974,145,1119,227,0.0002,1,3.2,Embedding
1314,20250208,1213,26,1,6,1,4,303,276,579,392,0.0057,1,4.3,Chat
1315,20250126,1251,39,5,2,1,2,342,82,424,478,0.0008,1,,Chat
1316,20250610,1930,71,2,3,3,2,329,416,745,320,0.0003,1,4.7,Chat
1317,20250204,1856,6,1,7,5,1,590,1698,2288,525,0.0284,1,,Chat
1318,20250527,811,75,1,4,4,4,2763,2051,4814,1238,0.0446,1,4.1,Completion
1319,20250204,939,23,2,2,1,2,1247,233,1480,356,0.0003,1,,Chat
1320,20250316,845,42,6,5,3,4,213,170,383,287,0.0001,1,,Chat
1321,20250404,1154,22,6,2,3,3,1203,790,1993,338,0.0003,1,,Vision
1322,20250629,2019,31,5,1,1,2,967,117,1084,413,0.0018,1,,Chat
1323,20250522,1102,43,1,7,3,3,3328,2683,6011,753,0.0569,1,,Completion
1324,20250410,802,49,4,1,2,4,291,1016,1307,263,0.0013,1,3.9,Chat
1325,20250330,1446,17,3,7,2,3,2860,1166,4026,713,0.0261,1,3.7,Chat
1326,20250130,1301,66,2,4,4,4,501,684,1185,334,0.0005,1,,Chat
1327,20250120,1200,12,1,2,1,4,3952,532,4484,456,0.0277,1,,Chat
1328,20250611,1055,59,5,1,2,4,275,262,537,400,0.0017,1,,Completion
1329,20250124,1045,24,1,1,5,4,1617,322,1939,590,0.0129,1,4.6,Chat
1330,20250220,745,61,1,1,1,3,1074,500,1574,772,0.0129,0,,Chat
1331,20250510,1400,24,2,4,4,1,226,830,1056,300,0.0005,1,,Chat
1332,20250218,1411,10,5,3,1,1,659,212,871,301,0.0019,1,,Chat
1333,20250225,1527,37,2,6,1,2,138,208,346,255,0.0001,1,3.6,Chat
1334,20250117,1531,8,5,4,1,2,1946,171,2117,231,0.0033,1,,Completion
1335,20250622,1105,2,5,1,4,3,323,245,568,355,0.0016,1,,Embedding
1336,20250426,922,41,4,3,6,3,977,77,1054,224,0.0003,1,,Chat
1337,20250213,1202,76,4,1,6,2,3003,261,3264,120,0.0011,1,,Embedding
1338,20250426,609,60,2,5,5,2,685,556,1241,316,0.0004,1,,Chat
1339,20250413,1423,20,1,1,1,4,4282,360,4642,853,0.0268,1,,Completion
1340,20250501,709,51,1,3,1,1,541,108,649,587,0.0043,1,4.1,Chat
1341,20250508,1327,78,5,6,1,2,737,348,1085,189,0.0027,1,,Chat
1342,20250605,1318,62,3,2,1,4,299,2197,2496,580,0.0339,1,,Chat
1343,20250611,1219,44,1,2,6,3,6561,184,6745,393,0.0356,1,,Chat
1344,20250405,936,17,1,1,3,4,1251,906,2157,818,0.0198,1,4.0,Chat
1345,20250612,58,41,1,2,1,4,141,1073,1214,523,0.0168,1,,Chat
1346,20250611,1136,42,2,5,3,4,380,152,532,445,0.0001,1,4.3,Chat
1347,20250125,1724,66,5,2,2,1,679,1041,1720,131,0.0061,1,,Chat
1348,20250118,828,35,2,3,5,4,93,182,275,295,0.0001,1,4.6,Completion
1349,20250325,1422,1,2,5,2,2,760,99,859,358,0.0002,1,,Chat
1350,20250221,1452,69,1,2,6,3,2787,99,2886,720,0.0154,1,4.9,Completion
1351,20250314,915,65,2,1,5,3,465,520,985,288,0.0004,1,,Embedding
1352,20250121,1023,54,1,1,1,1,1347,140,1487,911,0.0088,1,,Chat
1353,20250312,1329,14,3,3,2,3,4099,364,4463,530,0.0178,1,,Chat
1354,20250522,1030,42,1,1,6,1,3216,306,3522,796,0.0207,1,4.5,Completion
1355,20250614,1218,5,3,4,2,2,185,350,535,381,0.0058,1,,Chat
1356,20250205,1409,9,3,4,3,3,407,1450,1857,629,0.023,1,4.5,Chat
1357,20250507,1325,9,2,2,1,2,1200,749,1949,278,0.0006,1,,Completion
1358,20250210,1007,58,2,1,4,4,134,184,318,219,0.0001,1,,Chat
1359,20250503,1402,29,1,4,1,3,948,1156,2104,510,0.0221,1,,Vision
1360,20250105,1332,51,6,1,1,2,1930,441,2371,274,0.0003,1,,Completion
1361,20250228,1137,27,4,3,1,3,376,160,536,226,0.0003,1,3.3,Embedding
1362,20250610,1747,1,3,5,2,2,1072,166,1238,1052,0.0057,1,3.9,Chat
1363,20250411,1507,34,5,5,1,2,187,226,413,290,0.0014,1,,Chat
1364,20250111,2024,15,6,4,4,2,245,757,1002,417,0.0002,1,,Embedding
1365,20250601,1152,28,1,3,3,4,1014,224,1238,603,0.0084,1,,Completion
1366,20250321,1300,4,1,6,4,2,2590,1695,4285,479,0.0384,1,3.8,Chat
1367,20250506,630,22,4,4,2,2,652,423,1075,304,0.0007,1,5.0,Embedding
1368,20250113,1254,80,1,3,5,4,1517,2539,4056,736,0.0457,1,3.2,Chat
1369,20250419,1247,25,4,7,1,2,424,285,709,440,0.0005,1,4.0,Chat
1370,20250131,1358,27,4,6,1,2,653,219,872,387,0.0004,1,,Completion
1371,20250427,2155,31,5,7,1,1,997,354,1351,283,0.003,1,,Chat
1372,20250117,425,28,1,3,1,3,2821,683,3504,747,0.0244,1,4.1,Embedding
1373,20250313,1145,9,2,7,2,1,470,232,702,380,0.0002,1,,Embedding
1374,20250101,1241,58,1,1,5,2,10749,906,11655,359,0.0673,1,,Embedding
1375,20250315,1323,7,3,4,4,3,698,74,772,1013,0.0032,1,,Embedding
1376,20250207,1620,70,3,2,5,3,2282,704,2986,335,0.0174,1,3.5,Chat
1377,20250622,1234,64,2,2,1,4,1418,135,1553,120,0.0003,1,,Chat
1378,20250519,1355,58,1,1,5,3,1162,684,1846,815,0.0161,1,,Chat
1379,20250527,1608,21,5,7,1,2,839,912,1751,131,0.0056,1,,Embedding
1380,20250111,1633,70,2,5,5,4,1168,115,1283,132,0.0002,1,4.9,Completion
1381,20250325,1146,15,1,1,3,2,691,1231,1922,510,0.0219,1,,Vision
1382,20250626,1048,53,3,5,1,2,726,1741,2467,652,0.0283,0,4.4,Chat
1383,20250128,1331,65,4,5,3,4,602,990,1592,206,0.0014,1,4.9,Chat
1384,20250107,1901,25,2,5,2,1,803,288,1091,525,0.0003,1,3.5,Completion
1385,20250619,925,46,1,1,6,2,940,186,1126,866,0.0075,1,,Chat
1386,20250601,2002,79,2,1,3,4,2989,934,3923,260,0.001,1,,Chat
1387,20250126,1227,69,2,1,2,3,147,1864,2011,325,0.0011,1,,Chat
1388,20250123,1230,63,6,2,1,1,2197,144,2341,319,0.0002,1,3.6,Embedding
1389,20250501,1302,78,3,1,1,2,2536,566,3102,319,0.0161,1,,Completion
1390,20250622,1449,76,2,3,1,3,1709,322,2031,355,0.0004,1,,Chat
1391,20250617,946,69,1,1,2,4,1304,332,1636,819,0.0115,1,,Completion
1392,20250603,1421,38,2,6,1,2,1237,832,2069,347,0.0007,1,,Vision
1393,20250407,1502,23,1,2,1,2,493,600,1093,528,0.0115,1,4.8,Completion
1394,20250126,1210,15,2,4,4,4,474,143,617,120,0.0002,1,,Vision
1395,20250515,1157,3,3,2,1,3,1625,167,1792,653,0.0074,1,,Chat
1396,20250123,2116,9,2,1,2,2,1670,1335,3005,318,0.0011,1,,Chat
1397,20250211,1805,4,3,1,5,1,649,326,975,120,0.0068,1,,Chat
1398,20250530,1826,24,6,2,1,1,2660,206,2866,255,0.0003,1,3.6,Chat
1399,20250129,1033,2,4,2,1,3,938,859,1797,120,0.0013,1,,Chat
1400,20250218,1542,28,5,1,5,4,518,363,881,324,0.0025,1,,Chat
1401,20250620,1308,19,2,4,2,4,605,275,880,375,0.0003,1,4.6,Chat
1402,20250610,1523,53,6,1,1,3,811,112,923,242,0.0001,1,,Chat
1403,20250621,1746,25,4,1,1,2,688,578,1266,453,0.0009,1,,Completion
1404,20250415,1841,66,5,5,1,3,723,213,936,120,0.002,1,,Chat
1405,20250117,1335,54,3,2,1,3,966,872,1838,614,0.016,1,,Chat
1406,20250319,1253,44,3,2,2,3,226,246,472,758,0.0044,1,3.8,Vision
1407,20250624,2038,72,3,2,5,3,1214,821,2035,866,0.016,1,,Chat
1408,20250611,1004,79,2,4,6,3,925,176,1101,364,0.0002,1,3.7,Chat
1409,20250218,1422,73,3,1,5,4,1805,286,2091,810,0.0097,1,3.8,Completion
1410,20250205,2251,79,1,3,3,2,488,435,923,702,0.009,1,4.4,Chat
1411,20250131,1746,23,3,2,4,3,765,40,805,959,0.0029,1,3.6,Completion
1412,20250304,1725,48,3,2,5,4,234,337,571,1006,0.0058,1,4.2,Chat
1413,20250411,1900,71,1,3,1,4,3424,509,3933,668,0.0248,1,,Chat
1414,20250526,1326,66,2,7,2,4,1836,156,1992,201,0.0004,1,4.0,Vision
1415,20250201,1823,24,3,2,2,1,1281,2229,3510,497,0.0373,1,,Chat
1416,20250625,1327,13,1,1,2,1,532,606,1138,313,0.0118,1,,Completion
1417,20250303,1214,56,1,2,3,2,318,1163,1481,813,0.019,1,,Completion
1418,20250323,748,75,6,2,1,1,2209,2759,4968,284,0.001,1,,Embedding
1419,20250311,1151,79,1,3,6,1,12000,171,12171,654,0.0626,1,4.7,Chat
1420,20250101,1415,14,2,1,1,2,2231,448,2679,231,0.0006,1,,Embedding
1421,20250424,1028,53,5,2,1,4,488,140,628,284,0.0013,1,,Embedding
1422,20250422,1150,63,4,1,4,2,173,959,1132,231,0.0012,1,3.2,Chat
1423,20250603,853,10,2,2,1,1,571,350,921,120,0.0003,1,,Completion
1424,20250301,1524,38,1,1,2,2,470,3057,3527,769,0.0482,1,,Chat
1425,20250410,1236,3,6,1,3,3,340,302,642,340,0.0001,1,,Chat
1426,20250310,1323,30,4,6,1,2,547,347,894,220,0.0006,1,3.5,Chat
1427,20250408,1223,5,3,3,2,2,166,1517,1683,717,0.0233,1,4.5,Chat
1428,20250426,1009,33,3,3,1,3,8943,653,9596,414,0.0366,1,,Chat
1429,20250124,1739,30,5,1,1,3,951,461,1412,238,0.0035,1,,Completion
1430,20250212,1515,55,6,7,1,3,525,529,1054,120,0.0002,1,,Completion
1431,20250201,1249,69,1,5,1,3,7496,290,7786,512,0.0418,1,,Completion
1432,20250311,1232,22,1,7,1,1,397,73,470,597,0.0031,1,,Embedding
1433,20250605,1453,31,2,1,2,4,634,292,926,284,0.0003,1,,Chat
1434,20250111,1804,78,2,4,3,2,560,202,762,252,0.0002,1,3.7,Chat
1435,20250430,1641,68,2,5,2,3,2370,193,2563,289,0.0005,1,,Completion
1436,20250212,1532,53,4,5,4,3,272,336,608,136,0.0005,1,3.3,Chat
1437,20250407,619,49,6,6,1,4,925,238,1163,299,0.0001,1,3.6,Chat
1438,20250616,1350,18,2,4,1,4,276,317,593,159,0.0002,1,3.2,Chat
1439,20250429,1908,27,2,2,2,3,196,279,475,177,0.0002,1,4.9,Embedding
1440,20250617,1655,50,6,1,1,3,493,212,705,363,0.0001,1,,Chat
1441,20250118,1422,62,3,2,5,4,2245,236,2481,330,0.0103,1,4.1,Chat
1442,20250225,1440,66,1,5,2,1,973,1091,2064,631,0.0212,1,3.9,Completion
1443,20250530,1407,67,2,4,1,1,154,1644,1798,263,0.001,1,,Chat
1444,20250118,1609,65,3,4,2,3,580,806,1386,353,0.0138,1,,Completion
1445,20250124,1539,26,2,4,1,1,482,338,820,348,0.0003,1,,Chat
1446,20250208,927,54,2,7,1,3,359,487,846,485,0.0003,1,4.8,Chat
1447,20250226,1329,9,1,6,1,3,2419,543,2962,1091,0.0202,1,4.4,Chat
1448,20250501,716,48,3,5,1,3,1472,128,1600,120,0.0063,1,,Embedding
1449,20250514,1543,76,4,4,1,2,754,259,1013,269,0.0005,1,,Embedding
1450,20250318,231,66,1,1,2,2,1034,977,2011,502,0.0198,1,,Chat
1451,20250227,1554,72,3,5,1,4,1055,407,1462,1063,0.0093,1,,Chat
1452,20250413,1826,53,5,6,3,3,752,46,798,244,0.0012,1,3.6,Completion
1453,20250422,25,8,6,4,4,4,540,843,1383,421,0.0003,1,4.1,Chat
1454,20250412,1437,63,6,1,1,4,311,41,352,347,0.0,1,,Chat
1455,20250407,1054,76,1,5,1,3,1597,183,1780,589,0.0107,1,4.6,Chat
1456,20250114,1400,20,3,2,1,4,1752,208,1960,922,0.0084,1,3.7,Embedding
1457,20250111,1110,12,3,6,3,3,251,542,793,657,0.0089,1,3.3,Completion
1458,20250411,1452,22,6,3,4,2,2266,270,2536,268,0.0003,0,4.3,Completion
1459,20250308,910,78,3,6,1,1,3042,717,3759,554,0.0199,1,,Chat
1460,20250627,630,21,3,4,1,4,5678,187,5865,515,0.0198,1,,Chat
1461,20250321,1542,31,2,4,2,4,226,92,318,120,0.0001,1,3.5,Chat
1462,20250202,1609,58,1,3,1,1,776,4000,4776,423,0.0639,1,3.8,Chat
1463,20250531,1019,71,1,2,2,4,760,758,1518,543,0.0152,1,4.1,Chat
1464,20250410,1611,33,1,1,1,1,503,161,664,240,0.0049,1,,Vision
1465,20250618,520,55,4,6,2,4,417,255,672,218,0.0004,1,,Embedding
1466,20250505,1856,12,1,6,1,2,4573,437,5010,241,0.0294,0,4.8,Chat
1467,20250110,1149,54,3,7,5,3,735,322,1057,491,0.007,1,,Chat
1468,20250221,1113,65,3,2,1,3,910,329,1239,697,0.0077,1,,Embedding
1469,20250606,1559,76,4,1,2,3,293,973,1266,183,0.0013,1,,Vision
1470,20250427,702,69,5,2,3,3,937,164,1101,311,0.002,1,4.3,Vision
1471,20250527,414,78,1,5,2,3,5390,1139,6529,308,0.044,1,,Chat
1472,20250307,825,75,1,6,4,4,7131,298,7429,460,0.0401,1,,Chat
1473,20250312,434,10,6,2,2,2,485,272,757,350,0.0001,1,,Chat
1474,20250603,842,40,3,7,4,3,292,923,1215,879,0.0147,1,,Chat
1475,20250524,746,50,3,1,1,2,3950,623,4573,898,0.0212,1,,Chat
1476,20250126,1308,3,4,1,3,4,68,290,358,383,0.0004,1,,Chat
1477,20250403,1006,21,2,1,1,2,469,284,753,120,0.0002,1,5.0,Completion
1478,20250303,2004,1,3,1,1,1,543,973,1516,630,0.0162,1,,Vision
1479,20250430,1932,69,6,1,2,1,958,270,1228,192,0.0002,1,,Chat
1480,20250520,1716,25,1,5,1,2,205,1111,1316,399,0.0177,1,,Completion
1481,20250211,1933,44,6,5,6,2,769,571,1340,288,0.0002,1,,Chat
1482,20250127,651,56,6,4,1,4,306,584,890,296,0.0002,1,,Chat
1483,20250228,1853,9,1,4,4,3,2004,240,2244,468,0.0136,1,,Chat
1484,20250110,1428,6,4,2,3,2,82,1369,1451,323,0.0017,1,,Chat
1485,20250322,1855,1,3,2,1,3,275,1963,2238,1157,0.0303,1,3.4,Chat
1486,20250329,807,71,4,3,2,3,1331,330,1661,128,0.0007,1,4.7,Chat
1487,20250318,1542,8,2,5,1,4,1408,198,1606,394,0.0003,1,3.7,Chat
1488,20250404,704,68,1,2,2,1,300,685,985,655,0.0118,1,,Chat
1489,20250515,1138,18,1,1,1,1,3009,996,4005,845,0.03,1,3.4,Vision
1490,20250121,1314,75,4,1,1,3,1144,226,1370,481,0.0006,1,4.6,Completion
1491,20250318,1058,70,5,1,3,4,4423,340,4763,145,0.0072,1,4.8,Completion
1492,20250114,1908,35,1,6,2,3,1519,1350,2869,928,0.0278,1,,Completion
1493,20250128,1516,70,1,2,2,2,740,1520,2260,650,0.0265,1,,Embedding
1494,20250611,1651,14,1,2,1,4,155,920,1075,504,0.0146,1,4.5,Chat
1495,20250624,2033,1,6,6,2,4,1165,404,1569,327,0.0002,1,,Completion
1496,20250620,1024,79,5,2,1,2,2866,1794,4660,318,0.0126,1,,Chat
1497,20250607,2054,32,2,3,5,2,398,167,565,284,0.0002,1,,Chat
1498,20250626,1508,33,3,1,1,3,903,1003,1906,719,0.0178,1,,Completion
1499,20250112,1046,32,6,1,3,2,1060,688,1748,296,0.0003,1,,Vision
1500,20250628,1800,15,1,1,1,2,396,938,1334,383,0.016,1,4.0,Chat
1501,20250618,933,49,3,1,1,4,712,245,957,525,0.0058,1,,Chat
1502,20250506,1331,32,3,1,1,4,3093,443,3536,289,0.0159,1,,Chat
1503,20250515,1818,59,2,1,4,4,313,314,627,323,0.0002,1,3.7,Chat
1504,20250531,1429,9,1,5,2,3,4000,948,4948,454,0.0342,1,,Chat
1505,20250503,2214,21,4,1,2,2,792,291,1083,374,0.0006,1,4.6,Completion
1506,20250129,1417,19,2,7,2,3,952,2747,3699,253,0.0018,1,,Completion
1507,20250117,1236,3,1,4,4,3,1505,1665,3170,307,0.0325,1,4.8,Chat
1508,20250516,658,74,1,7,5,4,744,127,871,553,0.0056,1,,Chat
1509,20250526,1621,54,1,1,4,3,549,155,704,665,0.0051,1,3.4,Chat
1510,20250621,1753,52,4,1,4,3,144,663,807,360,0.0009,1,,Chat
1511,20250402,1730,44,2,4,5,2,1991,2146,4137,245,0.0016,1,,Chat
1512,20250301,1426,18,2,3,3,1,457,330,787,430,0.0003,1,3.9,Vision
1513,20250226,847,18,1,4,6,2,566,2226,2792,882,0.0362,1,,Chat
1514,20250426,1257,76,1,3,1,2,3147,832,3979,991,0.0282,1,3.6,Chat
1515,20250112,1430,31,5,5,2,3,1674,3120,4794,338,0.0177,1,,Completion
1516,20250416,1456,28,4,1,4,4,1274,242,1516,514,0.0006,1,4.2,Vision
1517,20250523,1444,58,1,2,1,2,1019,272,1291,899,0.0092,1,,Vision
1518,20250112,1746,30,3,4,1,4,814,1040,1854,306,0.018,1,,Chat
1519,20250131,1446,5,2,1,2,3,999,1409,2408,204,0.001,1,4.3,Embedding
1520,20250502,824,21,2,4,1,1,297,106,403,410,0.0001,1,,Chat
1521,20250119,2009,28,4,6,1,3,887,932,1819,293,0.0014,1,,Completion
1522,20250601,1357,68,1,4,3,4,960,448,1408,297,0.0115,1,,Chat
1523,20250425,1527,28,2,5,2,3,641,622,1263,289,0.0005,1,,Chat
1524,20250220,1325,3,2,3,5,3,303,351,654,352,0.0003,1,,Chat
1525,20250228,947,7,1,3,4,1,1461,750,2211,486,0.0186,1,,Chat
1526,20250114,1133,18,2,6,2,3,818,126,944,314,0.0002,1,,Completion
1527,20250303,1034,10,1,1,4,3,3877,4000,7877,454,0.0794,1,4.2,Chat
1528,20250205,1651,27,2,1,1,2,345,800,1145,156,0.0005,1,,Chat
1529,20250324,1529,11,1,2,2,3,559,494,1053,415,0.0102,1,4.7,Chat
1530,20250122,1720,4,4,5,4,3,313,528,841,246,0.0007,1,,Completion
1531,20250518,1341,57,1,4,2,4,1552,291,1843,697,0.0121,1,,Completion
1532,20250510,2041,15,3,4,6,2,615,1832,2447,990,0.0293,1,3.5,Chat
1533,20250120,1009,67,1,4,2,2,312,801,1113,525,0.0136,1,,Chat
1534,20250107,2102,60,4,1,2,3,686,167,853,167,0.0004,1,3.7,Chat
1535,20250208,1825,68,2,2,1,3,397,342,739,373,0.0003,1,3.9,Completion
1536,20250213,1250,40,3,7,1,1,1279,592,1871,805,0.0127,1,,Completion
1537,20250607,1635,78,1,2,2,2,1074,639,1713,565,0.015,1,,Vision
1538,20250217,808,68,4,5,6,4,838,1649,2487,193,0.0023,1,3.3,Chat
1539,20250102,1016,68,2,6,1,3,303,611,914,323,0.0004,1,4.7,Chat
1540,20250218,1333,49,6,2,5,3,291,357,648,126,0.0001,1,,Chat
1541,20250514,1436,22,3,1,2,3,3201,183,3384,301,0.0123,1,,Chat
1542,20250405,2046,17,2,1,5,3,383,867,1250,264,0.0006,1,,Chat
1543,20250316,1340,50,2,5,1,4,986,155,1141,292,0.0002,1,,Completion
1544,20250622,1223,30,4,6,1,2,202,440,642,254,0.0006,1,,Chat
1545,20250320,1326,49,6,6,1,1,223,1277,1500,365,0.0004,1,,Chat
1546,20250128,1723,29,6,3,5,1,505,75,580,471,0.0001,1,,Chat
1547,20250628,1303,79,5,1,3,1,339,470,809,394,0.0028,1,3.7,Completion
1548,20250219,1353,46,6,1,1,2,2102,829,2931,174,0.0004,1,,Embedding
1549,20250125,1145,12,1,4,4,4,3489,45,3534,615,0.0181,1,,Completion
1550,20250124,840,76,4,3,3,2,433,256,689,244,0.0004,1,,Chat
1551,20250120,1105,5,3,7,1,2,447,4000,4447,1074,0.0613,1,,Chat
1552,20250415,949,65,4,2,2,3,2762,235,2997,292,0.001,1,,Embedding
1553,20250531,1306,4,1,1,4,4,692,1532,2224,678,0.0264,1,,Chat
1554,20250501,1240,43,5,3,1,3,205,154,359,120,0.001,1,3.7,Vision
1555,20250624,1413,80,1,4,2,1,404,467,871,961,0.009,1,,Chat
1556,20250613,1849,68,5,1,3,4,646,306,952,464,0.0023,1,3.7,Chat
1557,20250219,1610,53,3,2,1,1,965,155,1120,739,0.0052,1,3.6,Completion
1558,20250124,1716,10,1,1,1,2,712,793,1505,567,0.0155,1,,Embedding
1559,20250611,1301,47,2,3,2,3,70,273,343,374,0.0002,1,4.1,Chat
1560,20250202,1127,15,2,5,1,3,697,173,870,315,0.0002,1,3.3,Chat
1561,20250123,1352,78,6,3,1,2,285,1025,1310,371,0.0003,1,3.5,Chat
1562,20250307,1157,28,2,5,1,2,1041,521,1562,342,0.0005,1,4.0,Completion
1563,20250614,757,72,2,1,3,3,1645,203,1848,244,0.0004,1,4.1,Chat
1564,20250516,28,1,4,1,1,4,872,237,1109,120,0.0005,1,3.6,Embedding
1565,20250301,1941,28,5,5,2,2,198,140,338,247,0.0009,1,,Chat
1566,20250510,1923,7,3,2,3,3,2902,518,3420,720,0.0165,0,,Chat
1567,20250307,1137,58,2,3,5,3,754,351,1105,374,0.0003,1,,Completion
1568,20250618,1718,49,3,7,2,3,2195,426,2621,818,0.013,1,,Completion
1569,20250514,1318,12,4,4,4,4,251,234,485,288,0.0004,1,,Completion
1570,20250106,1749,38,3,3,1,3,1114,190,1304,662,0.0062,1,4.3,Vision
1571,20250317,1449,29,1,1,1,2,1612,1442,3054,881,0.0297,1,,Chat
1572,20250502,1109,72,3,7,2,3,723,224,947,808,0.0055,1,4.6,Vision
1573,20250514,1938,30,1,2,3,2,977,478,1455,983,0.0121,1,,Completion
1574,20250105,1653,72,2,1,6,1,984,120,1104,346,0.0002,1,3.2,Chat
1575,20250606,1027,73,2,4,6,4,239,245,484,222,0.0002,1,,Embedding
1576,20250619,1317,56,1,3,1,3,317,1496,1813,906,0.024,1,,Completion
1577,20250504,651,72,2,4,5,2,1604,165,1769,363,0.0003,1,,Completion
1578,20250306,1353,16,1,1,2,3,1378,504,1882,925,0.0144,1,4.2,Chat
1579,20250108,953,6,4,1,2,3,1149,842,1991,350,0.0013,1,,Chat
1580,20250117,2303,50,1,6,2,2,789,1494,2283,625,0.0264,1,,Chat
1581,20250113,1804,4,1,1,1,3,1329,416,1745,947,0.0129,1,4.4,Chat
1582,20250215,1255,53,3,1,3,1,326,368,694,790,0.0065,1,4.2,Chat
1583,20250311,1901,36,2,1,3,2,735,1012,1747,146,0.0007,1,,Completion
1584,20250416,1242,52,2,1,5,4,513,299,812,288,0.0003,1,3.2,Completion
1585,20250113,1610,50,4,2,3,3,445,371,816,275,0.0006,1,,Chat
1586,20250118,1012,34,4,1,5,3,600,292,892,263,0.0005,1,,Chat
1587,20250330,1458,26,1,7,1,4,1444,399,1843,939,0.0132,1,4.2,Chat
1588,20250121,938,14,1,6,5,2,651,4000,4651,413,0.0633,1,,Chat
1589,20250507,834,60,2,5,6,2,1288,56,1344,256,0.0002,1,3.4,Chat
1590,20250213,2255,7,1,4,1,2,285,91,376,308,0.0028,1,4.8,Chat
1591,20250302,1728,7,1,5,2,2,4124,369,4493,805,0.0262,1,3.4,Chat
1592,20250213,1958,66,1,1,2,3,8001,476,8477,126,0.0471,1,3.5,Chat
1593,20250308,1033,25,2,5,2,2,452,265,717,261,0.0002,1,,Completion
1594,20250301,1848,57,2,5,4,3,2094,285,2379,387,0.0005,1,,Embedding
1595,20250415,1501,41,3,6,4,2,1428,1423,2851,666,0.0256,1,,Chat
1596,20250414,2243,55,4,2,3,3,182,213,395,267,0.0003,1,4.1,Chat
1597,20250104,1523,19,5,2,5,3,2082,323,2405,140,0.0042,1,,Chat
1598,20250123,1725,21,3,1,1,2,2849,95,2944,649,0.01,1,,Chat
1599,20250526,709,52,2,7,5,3,365,153,518,359,0.0001,1,,Completion
1600,20250602,1402,59,1,7,1,3,370,1388,1758,323,0.0227,1,,Completion
1601,20250210,1508,3,1,4,2,3,593,425,1018,764,0.0093,1,3.8,Chat
1602,20250627,1616,77,3,4,3,3,5099,556,5655,719,0.0236,1,3.4,Embedding
1603,20250314,1222,11,2,5,2,3,783,479,1262,270,0.0004,1,,Chat
1604,20250215,615,46,5,6,3,2,896,450,1346,213,0.0034,1,,Chat
1605,20250426,817,79,1,5,3,1,5859,959,6818,597,0.0437,1,4.3,Completion
1606,20250208,954,70,3,2,3,3,0,0,0,681,0.0,1,,Chat
1607,20250220,1131,74,4,1,4,2,1052,165,1217,427,0.0005,0,4.4,Chat
1608,20250405,1903,31,3,2,1,3,840,331,1171,120,0.0075,1,,Completion
1609,20250625,829,43,5,5,2,3,199,370,569,248,0.0021,1,3.4,Chat
1610,20250216,859,33,3,5,1,2,1011,972,1983,770,0.0176,1,,Chat
1611,20250612,608,32,1,5,3,2,1178,161,1339,855,0.0083,1,,Embedding
1612,20250527,1759,70,4,6,1,4,296,172,468,234,0.0003,1,,Chat
1613,20250215,458,62,4,6,1,3,899,261,1160,375,0.0006,1,,Vision
1614,20250516,938,44,1,7,1,3,721,143,864,421,0.0057,1,,Chat
1615,20250107,941,47,6,3,2,2,1630,182,1812,292,0.0002,1,3.9,Embedding
1616,20250308,1214,37,2,3,4,3,212,286,498,338,0.0002,1,4.3,Embedding
1617,20250603,930,62,5,5,1,4,1377,160,1537,232,0.0025,1,4.7,Chat
1618,20250320,1605,51,1,5,1,2,689,623,1312,578,0.0128,1,,Chat
1619,20250418,1430,28,2,1,3,2,78,69,147,340,0.0001,1,,Chat
1620,20250310,1854,80,4,2,1,1,293,268,561,308,0.0004,1,,Embedding
1621,20250427,1624,23,2,5,1,3,107,155,262,247,0.0001,1,,Chat
1622,20250503,1600,17,3,2,1,3,12000,484,12484,329,0.0433,1,4.7,Chat
1623,20250523,1551,43,5,2,1,1,2183,362,2545,191,0.0045,1,,Chat
1624,20250518,1728,58,6,6,2,2,1208,138,1346,317,0.0001,1,,Chat
1625,20250519,1740,36,4,3,6,4,1926,312,2238,244,0.0009,1,,Vision
1626,20250509,1808,23,4,1,3,3,223,479,702,145,0.0007,1,,Chat
1627,20250111,1802,1,1,4,6,1,1034,2008,3042,761,0.0353,1,4.4,Completion
1628,20250325,955,15,5,1,1,3,2397,1234,3631,366,0.0092,1,3.8,Chat
1629,20250314,1019,13,3,4,2,3,986,691,1677,489,0.0133,1,,Completion
1630,20250419,2028,29,2,3,3,1,757,33,790,313,0.0001,1,,Completion
1631,20250630,1210,66,2,2,3,1,621,241,862,359,0.0002,1,4.9,Chat
1632,20250204,1812,14,1,5,3,4,1777,436,2213,640,0.0154,1,4.3,Embedding
1633,20250124,1433,2,3,4,3,1,600,1043,1643,754,0.0174,1,3.5,Completion
1634,20250630,2005,67,2,1,1,3,2058,184,2242,360,0.0004,1,3.5,Chat
1635,20250504,1008,35,2,1,6,3,1244,212,1456,179,0.0003,1,,Vision
1636,20250408,1557,59,2,3,2,3,59,74,133,262,0.0001,1,3.4,Chat
1637,20250117,1429,23,5,4,6,3,477,86,563,199,0.001,1,4.6,Completion
1638,20250325,1511,4,6,4,6,4,1122,325,1447,393,0.0002,1,,Completion
1639,20250325,1542,55,3,5,5,4,634,461,1095,330,0.0088,1,3.7,Completion
1640,20250528,1354,32,1,6,1,2,4072,1154,5226,968,0.0377,1,4.2,Chat
1641,20250226,1210,64,2,2,3,3,2233,280,2513,424,0.0005,1,4.9,Completion
1642,20250130,1311,79,1,1,4,3,2716,2443,5159,605,0.0502,1,,Embedding
1643,20250115,1421,21,3,1,2,2,4860,530,5390,349,0.0225,1,,Chat
1644,20250205,2237,42,3,2,1,3,837,699,1536,912,0.013,1,,Chat
1645,20250404,1125,18,1,1,3,4,488,765,1253,242,0.0139,1,,Chat
1646,20250605,1251,63,1,1,1,3,1711,465,2176,298,0.0155,1,,Chat
1647,20250620,2032,48,3,3,1,2,1485,2343,3828,590,0.0396,1,4.2,Vision
1648,20250221,1001,6,4,6,4,4,847,274,1121,164,0.0006,1,4.9,Completion
1649,20250330,1953,9,5,6,2,1,379,69,448,410,0.0008,1,,Embedding
1650,20250212,1149,74,3,6,1,3,729,112,841,1046,0.0039,1,,Completion
1651,20250219,803,66,3,1,1,2,1420,1432,2852,745,0.0257,1,3.2,Chat
1652,20250207,1325,15,2,1,2,1,143,165,308,298,0.0001,1,3.5,Chat
1653,20250619,1008,60,1,4,3,3,1641,1150,2791,868,0.0255,1,,Completion
1654,20250111,907,24,1,1,2,1,12000,1247,13247,649,0.0787,1,3.4,Chat
1655,20250224,1802,80,4,3,2,2,5590,97,5687,257,0.0015,1,3.9,Chat
1656,20250514,406,39,1,1,3,3,1624,851,2475,641,0.0209,1,,Chat
1657,20250205,1159,68,1,1,2,2,172,858,1030,981,0.0137,1,4.4,Vision
1658,20250219,1144,76,1,1,1,4,2079,135,2214,754,0.0124,1,,Chat
1659,20250224,1245,1,2,5,4,3,334,173,507,241,0.0002,1,,Chat
1660,20250131,1509,59,4,2,1,1,204,235,439,275,0.0003,1,,Chat
1661,20250107,916,28,2,2,1,4,3350,159,3509,214,0.0006,1,,Completion
1662,20250607,1010,47,1,7,5,2,8090,1017,9107,436,0.0557,1,,Chat
1663,20250421,1827,11,1,3,2,3,1637,768,2405,571,0.0197,1,3.6,Chat
1664,20250210,1152,34,2,4,5,2,901,207,1108,458,0.0003,1,,Chat
1665,20250607,823,3,4,6,1,1,2650,300,2950,309,0.001,1,,Chat
1666,20250609,1704,40,5,4,1,4,377,688,1065,120,0.0039,1,,Completion
1667,20250503,1153,33,2,1,4,4,289,113,402,258,0.0001,1,,Chat
1668,20250201,1502,66,2,1,2,3,1251,405,1656,214,0.0004,1,,Completion
1669,20250506,1510,12,2,1,2,2,743,731,1474,356,0.0006,1,3.2,Chat
1670,20250329,1445,14,4,2,1,3,296,189,485,226,0.0003,1,4.1,Chat
1671,20250315,1223,7,1,1,3,2,1751,1187,2938,638,0.0266,1,,Chat
1672,20250525,1427,3,1,2,1,2,1545,368,1913,439,0.0132,1,,Chat
1673,20250222,607,4,2,2,2,2,355,493,848,211,0.0003,1,5.0,Embedding
1674,20250307,1353,57,4,3,1,4,1012,514,1526,174,0.0009,1,,Embedding
1675,20250105,1702,61,1,3,2,4,4135,205,4340,462,0.0238,1,3.9,Chat
1676,20250113,1828,15,6,4,1,1,582,50,632,142,0.0001,1,,Chat
1677,20250522,1304,70,1,1,3,3,418,406,824,657,0.0082,1,,Completion
1678,20250323,1950,9,4,4,2,2,512,821,1333,420,0.0012,1,4.3,Chat
1679,20250605,1933,51,3,4,2,3,1780,93,1873,754,0.0067,0,,Completion
1680,20250604,1835,49,1,3,3,4,1235,3156,4391,845,0.0535,1,4.8,Vision
1681,20250310,1615,74,1,2,6,3,3969,826,4795,120,0.0322,1,3.8,Chat
1682,20250526,1258,75,4,7,3,3,1953,166,2119,258,0.0007,1,,Embedding
1683,20250107,913,18,1,5,1,4,7973,2973,10946,448,0.0845,1,,Embedding
1684,20250619,1442,21,3,1,1,1,678,1079,1757,765,0.0182,1,,Completion
1685,20250302,1723,11,1,6,5,3,1866,4000,5866,416,0.0693,1,,Completion
1686,20250129,705,19,3,6,4,2,904,135,1039,310,0.0047,1,,Completion
1687,20250108,952,66,3,4,6,4,532,243,775,767,0.0052,1,4.2,Chat
1688,20250514,1132,46,1,3,1,1,1119,1407,2526,475,0.0267,1,5.0,Vision
1689,20250308,1234,4,2,7,2,1,924,63,987,120,0.0002,1,,Chat
1690,20250318,1538,11,1,6,4,2,2190,4000,6190,685,0.0709,1,,Completion
1691,20250212,1738,35,6,3,2,4,557,425,982,443,0.0002,1,,Chat
1692,20250620,540,62,2,5,2,4,965,2028,2993,307,0.0014,1,3.8,Completion
1693,20250420,2002,46,1,5,4,2,713,583,1296,657,0.0123,1,,Chat
1694,20250327,546,29,2,4,4,3,232,130,362,360,0.0001,1,4.9,Completion
1695,20250604,1759,6,5,4,3,2,890,665,1555,263,0.0044,1,,Embedding
1696,20250107,1817,55,2,3,3,4,670,346,1016,253,0.0003,1,3.3,Chat
1697,20250529,1648,46,3,1,1,4,879,1521,2400,392,0.0255,1,,Chat
1698,20250310,934,29,3,1,6,4,2663,553,3216,546,0.0163,1,,Chat
1699,20250515,1728,20,1,2,6,2,729,497,1226,968,0.0111,1,3.2,Embedding
1700,20250402,2042,32,1,1,6,1,6453,460,6913,929,0.0392,1,,Embedding
1701,20250502,1046,28,6,6,3,1,294,44,338,443,0.0,1,3.5,Chat
1702,20250212,1023,3,5,2,2,2,593,152,745,348,0.0015,1,3.7,Chat
1703,20250628,1218,25,1,1,1,1,363,915,1278,323,0.0155,1,,Chat
1704,20250513,1008,9,5,2,3,4,99,98,197,297,0.0006,1,,Completion
1705,20250413,629,1,3,1,2,4,304,600,904,526,0.0099,1,3.7,Chat
1706,20250609,2111,42,2,6,1,2,3465,157,3622,334,0.0006,1,,Vision
1707,20250628,1637,32,3,3,2,4,736,145,881,647,0.0044,1,,Chat
1708,20250325,1321,12,6,2,1,4,449,481,930,206,0.0002,1,,Embedding
1709,20250115,954,24,1,1,1,3,1493,868,2361,382,0.0205,1,,Chat
1710,20250502,1705,10,4,2,3,2,135,202,337,254,0.0003,1,,Chat
1711,20250322,1115,54,3,5,2,2,761,3560,4321,456,0.0557,1,,Chat
1712,20250102,2303,63,3,1,1,1,2073,656,2729,758,0.0161,1,,Completion
1713,20250317,58,7,5,1,6,2,271,127,398,206,0.001,1,,Embedding
1714,20250416,1403,64,4,5,2,2,140,336,476,445,0.0005,1,,Chat
1715,20250424,1421,63,5,7,1,4,511,195,706,368,0.0016,1,4.0,Vision
1716,20250108,1027,78,4,7,1,3,3504,1708,5212,305,0.003,1,,Chat
1717,20250418,1321,24,4,6,4,4,1681,837,2518,201,0.0015,1,3.9,Chat
1718,20250211,1154,55,3,1,1,3,356,887,1243,801,0.0144,1,3.7,Vision
1719,20250321,825,61,4,2,5,3,441,105,546,191,0.0002,1,3.3,Chat
1720,20250306,1634,65,1,1,6,1,643,452,1095,279,0.01,1,,Vision
1721,20250513,1425,76,1,6,2,1,1281,301,1582,606,0.0109,1,,Completion
1722,20250424,1459,46,1,1,2,4,592,148,740,1060,0.0052,1,4.6,Chat
1723,20250120,1109,55,6,2,1,2,609,779,1388,625,0.0003,1,,Chat
1724,20250421,922,30,3,1,4,3,2100,307,2407,527,0.0109,1,,Embedding
1725,20250405,1116,22,3,2,1,4,434,578,1012,314,0.01,1,3.4,Completion
1726,20250113,1702,35,4,1,1,2,698,472,1170,234,0.0008,1,,Chat
1727,20250120,1207,26,2,4,1,1,861,122,983,244,0.0002,1,4.9,Vision
1728,20250624,1039,63,2,3,4,3,298,54,352,411,0.0001,1,,Chat
1729,20250506,1110,22,5,2,1,3,1895,819,2714,153,0.0065,1,,Completion
1730,20250617,934,2,2,1,1,3,6663,1463,8126,276,0.0019,1,,Completion
1731,20250109,1524,25,2,1,1,2,376,476,852,209,0.0003,1,,Chat
1732,20250326,554,30,4,3,1,3,202,336,538,169,0.0005,1,3.3,Vision
1733,20250423,1330,51,4,4,1,1,252,169,421,363,0.0003,1,,Chat
1734,20250308,1416,47,2,7,1,2,659,697,1356,327,0.0005,1,,Chat
1735,20250426,1945,28,3,2,1,3,845,400,1245,353,0.0085,1,4.4,Completion
1736,20250207,1234,16,5,4,1,3,1584,997,2581,374,0.007,1,,Completion
1737,20250531,633,55,5,5,4,3,1763,69,1832,368,0.0025,1,4.8,Completion
1738,20250503,1206,18,1,7,1,3,2704,169,2873,916,0.0161,1,,Chat
1739,20250519,847,77,2,1,1,3,364,141,505,120,0.0001,1,,Chat
1740,20250211,1433,58,1,1,2,2,8152,4000,12152,672,0.1008,1,,Chat
1741,20250210,1856,51,6,7,3,3,819,504,1323,246,0.0002,1,,Chat
1742,20250207,1407,22,3,1,2,4,2292,347,2639,632,0.0121,1,3.5,Chat
1743,20250130,1302,49,1,1,2,3,3060,218,3278,638,0.0186,1,,Completion
1744,20250201,2100,50,3,3,4,3,4290,2168,6458,655,0.0454,1,,Chat
1745,20250316,1559,71,2,1,1,3,1639,1244,2883,120,0.001,1,4.9,Completion
1746,20250614,808,71,4,5,1,3,2161,261,2422,214,0.0009,1,4.8,Completion
1747,20250428,853,3,5,5,1,2,403,100,503,484,0.001,1,,Chat
1748,20250423,1353,49,5,1,1,3,631,544,1175,374,0.0035,1,4.4,Chat
1749,20250615,1725,2,6,4,2,1,1748,193,1941,250,0.0002,1,3.4,Chat
1750,20250519,1720,58,5,7,1,2,413,328,741,319,0.0022,1,,Vision
1751,20250405,1749,2,3,5,2,3,226,1186,1412,596,0.0185,1,4.0,Chat
1752,20250210,1624,52,3,2,3,3,2912,2772,5684,957,0.0503,1,,Chat
1753,20250501,1933,16,3,3,2,3,5674,793,6467,657,0.0289,0,,Chat
1754,20250403,1729,24,3,2,1,3,2785,448,3233,742,0.0151,1,,Embedding
1755,20250421,1356,17,1,3,1,4,570,2050,2620,662,0.0336,1,,Chat
1756,20250104,2219,49,6,3,2,4,154,205,359,283,0.0001,1,,Chat
1757,20250429,1823,10,6,6,1,1,952,430,1382,169,0.0002,1,4.9,Chat
1758,20250409,938,38,2,4,3,1,889,103,992,227,0.0002,1,4.2,Completion
1759,20250205,1627,52,3,1,1,3,501,2765,3266,928,0.043,1,4.3,Chat
1760,20250404,717,34,3,1,1,3,527,68,595,471,0.0026,1,4.2,Completion
1761,20250202,1700,65,2,6,1,2,458,488,946,130,0.0004,1,4.7,Chat
1762,20250611,1725,9,5,4,1,3,403,333,736,270,0.0022,1,,Chat
1763,20250501,811,36,1,1,1,4,422,1509,1931,740,0.0247,1,,Completion
1764,20250514,1841,63,5,6,1,1,890,372,1262,120,0.003,1,,Chat
1765,20250119,1224,54,4,4,1,1,648,1737,2385,347,0.0023,1,,Vision
1766,20250614,2044,72,4,1,1,3,1138,180,1318,291,0.0005,1,3.4,Chat
1767,20250322,1411,12,1,1,2,4,523,417,940,603,0.0089,1,,Chat
1768,20250204,2012,73,2,7,4,2,102,920,1022,188,0.0006,1,,Embedding
1769,20250510,836,12,3,4,1,3,4358,1206,5564,935,0.0312,1,,Chat
1770,20250416,1737,60,2,5,1,3,4246,531,4777,264,0.001,1,4.7,Chat
1771,20250609,1550,12,3,1,2,1,4644,287,4931,501,0.0182,1,,Vision
1772,20250110,1216,10,1,1,2,2,163,686,849,220,0.0111,1,4.6,Completion
1773,20250403,1428,28,2,4,1,4,1449,220,1669,444,0.0003,1,,Embedding
1774,20250520,827,35,2,6,2,1,1943,586,2529,120,0.0006,1,,Chat
1775,20250509,12,70,3,7,6,4,1256,261,1517,329,0.0077,1,,Chat
1776,20250414,1358,39,1,6,4,3,1179,663,1842,582,0.0158,1,3.8,Chat
1777,20250327,1622,80,2,1,1,2,469,63,532,265,0.0001,1,,Chat
1778,20250325,406,43,3,4,1,1,1907,237,2144,687,0.0093,1,,Chat
1779,20250126,1929,11,1,7,1,2,518,1649,2167,551,0.0273,1,,Chat
1780,20250624,2124,57,6,1,1,2,478,161,639,347,0.0001,1,,Chat
1781,20250628,1205,35,1,4,1,2,577,382,959,639,0.0086,1,,Embedding
1782,20250402,1955,73,3,1,5,3,193,615,808,792,0.0098,1,4.7,Completion
1783,20250330,1451,24,4,1,1,2,2162,310,2472,261,0.0009,1,,Chat
1784,20250126,1648,64,3,3,1,2,1479,415,1894,767,0.0107,1,3.4,Completion
1785,20250301,1142,4,1,2,3,3,726,364,1090,957,0.0091,1,3.2,Chat
1786,20250222,144,2,6,4,6,3,949,340,1289,120,0.0002,1,3.7,Chat
1787,20250117,1504,37,1,1,1,3,2155,1053,3208,120,0.0266,1,,Embedding
1788,20250520,1922,23,6,7,1,3,342,592,934,352,0.0002,1,,Embedding
1789,20250116,1026,5,4,2,1,2,1205,238,1443,120,0.0006,1,,Completion
1790,20250116,1804,71,3,2,2,4,617,267,884,558,0.0059,1,,Chat
1791,20250627,1543,35,1,4,1,3,1264,1012,2276,345,0.0215,1,,Chat
1792,20250227,1101,48,1,6,1,3,1192,3651,4843,624,0.0607,1,,Chat
1793,20250103,1804,45,5,1,1,2,688,218,906,255,0.0019,1,,Chat
1794,20250217,1337,33,1,2,1,3,2449,2221,4670,731,0.0456,1,4.9,Completion
1795,20250104,1847,9,1,5,1,4,510,405,915,485,0.0086,1,,Completion
1796,20250523,1558,70,5,6,1,2,481,614,1095,188,0.0037,1,3.2,Embedding
1797,20250102,1418,79,1,2,2,3,2662,84,2746,1132,0.0146,1,5.0,Embedding
1798,20250426,1220,70,2,6,2,3,107,377,484,283,0.0002,1,,Chat
1799,20250301,1353,6,3,3,2,2,3609,1224,4833,717,0.0292,1,,Embedding
1800,20250217,1504,67,4,6,1,2,605,1493,2098,135,0.002,1,,Embedding
1801,20250211,1414,45,4,1,5,1,705,659,1364,197,0.001,1,,Chat
1802,20250118,722,22,2,7,1,3,765,419,1184,425,0.0004,1,,Chat
1803,20250422,806,13,3,2,1,2,4250,4000,8250,564,0.0727,1,,Chat
1804,20250526,847,41,2,3,1,3,461,334,795,335,0.0003,1,,Chat
1805,20250302,1130,44,4,2,2,3,2696,128,2824,120,0.0008,1,,Completion
1806,20250529,1830,66,1,3,1,4,137,495,632,1359,0.0081,1,,Chat
1807,20250205,1310,66,6,1,1,1,242,314,556,275,0.0001,1,,Chat
1808,20250204,1442,30,1,1,1,1,2597,224,2821,1033,0.0163,1,3.4,Chat
1809,20250129,1404,68,6,4,3,4,1279,193,1472,406,0.0002,1,,Chat
1810,20250202,1202,2,3,1,1,1,1767,248,2015,423,0.009,1,,Chat
1811,20250508,1622,57,4,1,4,1,446,159,605,216,0.0003,1,4.8,Chat
1812,20250417,1621,12,4,1,4,1,377,298,675,281,0.0005,1,,Chat
1813,20250301,659,77,1,7,1,3,307,828,1135,482,0.014,1,,Chat
1814,20250625,1801,10,5,1,2,1,1587,608,2195,458,0.005,1,,Chat
1815,20250407,1355,39,4,5,6,1,1192,200,1392,520,0.0005,1,,Chat
1816,20250305,2153,34,4,3,1,3,672,458,1130,413,0.0007,1,,Chat
1817,20250131,1326,26,3,2,1,1,694,1380,2074,667,0.0228,1,,Chat
1818,20250428,1448,51,3,2,4,4,581,117,698,703,0.0035,1,3.6,Chat
1819,20250319,1737,8,1,3,4,2,1068,2355,3423,489,0.0407,1,,Chat
1820,20250604,949,40,3,2,2,4,1252,556,1808,825,0.0121,1,4.0,Chat
1821,20250409,1008,22,3,2,2,1,5261,3899,9160,641,0.0743,1,,Chat
1822,20250617,1835,44,6,1,4,3,257,823,1080,382,0.0003,1,3.5,Completion
1823,20250602,1743,64,5,4,6,3,655,26,681,217,0.0009,1,,Vision
1824,20250618,1138,11,1,1,1,4,503,675,1178,554,0.0126,1,,Chat
1825,20250428,1011,37,3,5,5,3,464,304,768,905,0.006,1,,Chat
1826,20250626,1115,5,1,1,5,4,800,389,1189,727,0.0098,1,,Chat
1827,20250405,1555,35,3,2,1,4,63,1588,1651,976,0.024,1,,Embedding
1828,20250310,946,76,3,1,1,3,506,392,898,478,0.0074,1,,Completion
1829,20250311,1425,61,6,2,1,2,115,127,242,430,0.0,1,,Completion
1830,20250121,1011,17,2,5,2,4,2036,446,2482,120,0.0006,1,,Chat
1831,20250511,1605,40,5,3,5,4,598,224,822,304,0.0019,1,3.9,Chat
1832,20250216,1507,58,4,2,2,2,1257,899,2156,319,0.0014,1,4.0,Vision
1833,20250216,824,35,1,2,3,4,834,4000,4834,814,0.0642,1,,Chat
1834,20250417,2352,21,3,1,2,2,5406,757,6163,718,0.0276,1,,Embedding
1835,20250227,1306,59,1,5,2,2,235,612,847,925,0.0104,1,,Chat
1836,20250212,1109,46,3,4,1,4,2022,1351,3373,443,0.0263,1,4.5,Chat
1837,20250215,1227,36,5,3,1,2,266,164,430,153,0.0012,1,,Chat
1838,20250508,1012,15,1,4,5,3,5538,252,5790,678,0.0315,1,4.4,Embedding
1839,20250226,1157,19,1,3,4,4,4354,2091,6445,846,0.0531,1,,Completion
1840,20250313,1558,15,2,2,1,3,540,119,659,470,0.0002,1,,Vision
1841,20250117,1001,69,3,2,1,2,2600,1646,4246,523,0.0325,1,,Completion
1842,20250202,1804,23,3,1,1,2,2876,3107,5983,543,0.0552,1,4.4,Vision
1843,20250225,848,16,1,1,1,4,807,733,1540,663,0.015,1,,Completion
1844,20250609,1222,49,2,1,1,1,119,492,611,473,0.0003,1,4.6,Chat
1845,20250305,1522,63,4,3,1,3,1150,537,1687,318,0.001,1,,Completion
1846,20250213,1709,19,5,6,3,4,949,253,1202,201,0.0025,1,,Chat
1847,20250315,1323,1,4,1,2,3,882,252,1134,310,0.0005,1,,Embedding
1848,20250420,1505,55,4,1,1,1,1407,982,2389,287,0.0016,1,,Chat
1849,20250410,838,24,1,1,6,1,948,627,1575,232,0.0141,1,,Completion
1850,20250506,1907,2,5,5,1,1,756,456,1212,413,0.0032,1,4.4,Vision
1851,20250630,1105,24,6,1,6,3,1115,300,1415,261,0.0002,1,,Completion
1852,20250414,1030,34,3,6,4,3,7084,421,7505,809,0.0276,1,,Chat
1853,20250206,610,20,1,7,6,4,4358,1635,5993,672,0.0463,1,,Completion
1854,20250209,1345,73,4,1,6,2,953,2311,3264,120,0.0031,1,,Completion
1855,20250608,1721,24,1,5,1,1,538,590,1128,593,0.0115,1,,Embedding
1856,20250118,1254,32,1,6,4,3,1325,204,1529,884,0.0097,1,,Chat
1857,20250621,620,63,4,2,1,2,1081,250,1331,165,0.0006,1,,Chat
1858,20250226,1449,10,1,3,1,4,282,624,906,326,0.0108,1,,Chat
1859,20250618,1523,61,4,4,1,4,289,225,514,308,0.0004,1,3.7,Chat
1860,20250405,1005,9,2,1,1,2,631,91,722,341,0.0001,1,,Chat
1861,20250526,2159,3,3,6,1,2,12000,656,12656,829,0.0458,1,,Chat
1862,20250116,630,24,6,3,2,3,2572,638,3210,232,0.0004,1,,Chat
1863,20250125,1808,64,1,7,3,1,1038,389,1427,758,0.011,1,3.8,Vision
1864,20250429,934,52,3,5,2,4,3720,220,3940,411,0.0145,1,,Chat
1865,20250301,1005,62,6,2,1,2,1317,195,1512,147,0.0002,1,,Chat
1866,20250628,1136,44,2,2,4,3,646,121,767,167,0.0002,1,,Chat
1867,20250628,2244,74,3,2,4,4,566,442,1008,566,0.0083,1,3.4,Completion
1868,20250613,1221,75,2,1,6,3,1163,739,1902,250,0.0006,1,3.3,Chat
1869,20250311,918,49,1,6,4,3,4790,549,5339,1043,0.0322,1,,Vision
1870,20250429,525,72,2,4,1,2,793,1687,2480,245,0.0011,1,,Completion
1871,20250123,1326,40,2,1,2,3,867,205,1072,249,0.0003,1,,Chat
1872,20250304,1222,53,4,1,4,1,378,938,1316,325,0.0013,1,3.6,Completion
1873,20250423,1505,60,2,1,2,2,1377,263,1640,204,0.0004,1,,Completion
1874,20250601,1129,48,1,4,1,2,1341,220,1561,536,0.01,1,3.8,Chat
1875,20250322,1139,11,1,2,1,2,11209,43,11252,609,0.0567,1,,Embedding
1876,20250416,2042,37,5,5,3,2,742,626,1368,289,0.0041,1,3.8,Chat
1877,20250119,1150,33,5,6,3,2,88,393,481,203,0.0021,1,,Chat
1878,20250312,1037,34,6,3,4,2,424,1455,1879,515,0.0005,1,4.8,Embedding
1879,20250213,1409,72,1,3,3,3,841,196,1037,756,0.0071,1,,Chat
1880,20250621,2152,74,1,4,3,2,1045,62,1107,802,0.0062,1,,Chat
1881,20250527,1728,2,5,1,1,1,159,383,542,324,0.0021,1,,Chat
1882,20250331,1312,67,2,1,1,4,326,783,1109,240,0.0005,1,,Chat
1883,20250304,800,5,2,5,1,3,105,964,1069,340,0.0006,1,4.0,Chat
1884,20250206,1457,4,6,1,3,3,447,210,657,174,0.0001,1,,Chat
1885,20250516,1245,46,1,5,2,4,160,299,459,579,0.0053,1,4.2,Completion
1886,20250527,1639,11,5,7,2,2,641,649,1290,412,0.004,1,4.5,Completion
1887,20250227,1859,10,1,4,2,2,2144,608,2752,426,0.0198,1,,Embedding
1888,20250109,1654,18,2,1,4,2,3016,441,3457,467,0.0007,1,3.7,Chat
1889,20250417,732,75,1,1,1,3,422,1356,1778,710,0.0225,1,,Completion
1890,20250206,1936,41,4,3,1,3,655,157,812,259,0.0004,1,,Completion
1891,20250423,756,63,1,6,3,3,433,1515,1948,848,0.0249,1,,Chat
1892,20250404,1503,69,1,1,1,2,239,428,667,371,0.0076,1,,Completion
1893,20250220,1812,21,2,2,1,3,393,131,524,282,0.0001,1,,Completion
1894,20250225,1113,14,1,1,1,2,5906,299,6205,331,0.034,1,3.6,Chat
1895,20250427,523,55,2,1,3,3,646,204,850,139,0.0002,1,4.7,Chat
1896,20250214,1817,8,2,3,4,2,1212,322,1534,413,0.0004,1,3.3,Embedding
1897,20250213,1615,63,5,5,2,2,317,136,453,360,0.0011,1,4.9,Completion
1898,20250105,1505,75,1,3,2,4,1587,269,1856,788,0.012,1,3.5,Completion
1899,20250308,1042,53,2,6,1,4,606,1129,1735,215,0.0008,1,,Completion
1900,20250308,726,42,1,6,3,3,467,1547,2014,707,0.0255,1,,Completion
1901,20250228,1334,70,5,6,1,2,420,498,918,196,0.003,1,,Completion
1902,20250209,1520,24,2,1,2,4,344,154,498,217,0.0001,1,,Completion
1903,20250510,1246,33,4,2,4,2,636,403,1039,120,0.0007,1,,Chat
1904,20250126,1008,24,3,2,4,1,905,2514,3419,404,0.0404,1,,Chat
1905,20250417,1451,71,2,3,1,2,2554,108,2662,318,0.0004,1,,Completion
1906,20250316,1044,63,5,6,2,1,422,166,588,208,0.0014,1,,Chat
1907,20250215,38,46,1,1,6,3,3116,1714,4830,761,0.0413,1,,Completion
1908,20250307,715,50,2,1,1,3,949,822,1771,196,0.0006,1,,Chat
1909,20250623,1720,49,2,1,1,2,1253,1594,2847,239,0.0011,1,4.8,Chat
1910,20250220,912,70,6,6,3,1,480,1119,1599,120,0.0004,1,4.0,Embedding
1911,20250326,500,75,1,3,2,3,1464,395,1859,651,0.0132,1,3.5,Embedding
1912,20250322,1712,79,3,2,2,2,770,101,871,1115,0.0038,1,,Chat
1913,20250603,1047,21,4,1,2,3,256,844,1100,242,0.0011,1,3.5,Vision
1914,20250105,1326,20,2,5,1,2,1027,829,1856,247,0.0007,1,,Chat
1915,20250208,2037,21,1,3,1,2,158,1238,1396,459,0.0194,1,4.9,Vision
1916,20250413,1914,75,4,1,1,2,755,186,941,344,0.0004,1,,Completion
1917,20250111,1727,24,1,2,4,3,2545,226,2771,539,0.0161,1,3.7,Chat
1918,20250227,1341,14,3,3,1,2,1285,1226,2511,191,0.0222,1,,Chat
1919,20250614,1505,9,3,6,1,4,1002,271,1273,481,0.0071,1,4.9,Chat
1920,20250406,1334,15,1,5,2,4,50,309,359,450,0.0049,1,,Chat
1921,20250129,1633,75,2,2,5,1,322,275,597,431,0.0002,1,,Chat
1922,20250111,1750,1,2,1,1,4,1498,215,1713,333,0.0004,1,,Chat
1923,20250514,1320,41,6,2,2,2,557,467,1024,221,0.0002,1,,Completion
1924,20250602,1927,16,2,6,3,3,575,558,1133,422,0.0004,1,4.4,Chat
1925,20250216,1801,25,1,7,4,2,327,918,1245,843,0.0154,1,3.7,Completion
1926,20250526,1749,66,3,5,1,3,439,322,761,876,0.0061,1,,Chat
1927,20250602,1039,79,5,2,4,2,507,1260,1767,275,0.0069,1,,Chat
1928,20250226,1156,8,1,4,1,3,556,825,1381,346,0.0152,1,,Completion
1929,20250211,1334,26,4,4,1,2,897,996,1893,345,0.0015,1,,Chat
1930,20250304,1156,35,1,2,1,4,4352,452,4804,368,0.0285,1,4.5,Vision
1931,20250618,1349,22,3,1,2,4,5642,704,6346,652,0.0275,1,,Chat
1932,20250304,2054,56,2,4,1,3,183,110,293,121,0.0001,1,,Vision
1933,20250224,1552,27,1,6,3,2,1582,2606,4188,705,0.047,1,,Chat
1934,20250215,1225,52,2,1,3,3,666,365,1031,120,0.0003,1,4.2,Vision
1935,20250221,57,21,1,7,1,3,2252,734,2986,789,0.0223,1,,Chat
1936,20250429,1647,24,3,3,6,2,1163,330,1493,786,0.0084,1,,Chat
1937,20250504,1531,52,2,7,3,3,320,1103,1423,308,0.0007,1,,Chat
1938,20250514,1606,69,3,2,2,1,5387,614,6001,722,0.0254,1,,Chat
1939,20250428,1758,15,1,1,3,4,648,633,1281,678,0.0127,1,4.9,Chat
1940,20250215,1047,64,5,4,2,2,5355,99,5454,152,0.0072,1,,Embedding
1941,20250517,1924,52,1,2,1,4,2733,227,2960,788,0.0171,1,,Chat
1942,20250601,1936,65,5,1,2,2,647,3007,3654,120,0.0158,1,3.8,Completion
1943,20250204,1637,39,3,4,1,2,4300,1403,5703,603,0.0339,1,3.7,Chat
1944,20250423,1236,9,4,2,2,4,992,660,1652,339,0.0011,1,,Completion
1945,20250524,1822,33,3,3,1,3,483,484,967,436,0.0087,1,,Chat
1946,20250319,1207,65,1,7,1,3,3696,666,4362,1243,0.0285,1,4.7,Chat
1947,20250128,1424,69,3,1,3,3,1421,665,2086,504,0.0142,1,,Chat
1948,20250411,1356,66,2,1,3,3,1835,363,2198,202,0.0005,1,,Chat
1949,20250412,1025,6,5,1,2,4,443,351,794,396,0.0023,1,,Chat
1950,20250127,849,67,5,1,2,2,498,373,871,120,0.0025,1,,Chat
1951,20250620,1052,40,3,6,4,2,678,282,960,693,0.0063,1,4.3,Chat
1952,20250104,1309,31,5,5,1,2,403,475,878,448,0.0029,1,,Chat
1953,20250623,2025,50,1,1,1,2,195,1041,1236,609,0.0166,1,,Completion
1954,20250316,1406,50,2,1,5,4,464,365,829,294,0.0003,1,,Chat
1955,20250425,1136,56,2,3,4,4,296,225,521,302,0.0002,1,,Embedding
1956,20250108,1607,5,5,4,2,2,1433,217,1650,307,0.0029,1,3.9,Completion
1957,20250203,1738,33,1,1,1,4,4296,569,4865,599,0.03,1,4.1,Completion
1958,20250212,1419,48,6,3,5,4,236,280,516,352,0.0001,1,,Completion
1959,20250205,1620,62,1,2,1,3,1022,740,1762,462,0.0162,1,,Chat
1960,20250423,1650,38,5,1,1,2,620,261,881,244,0.0021,1,,Chat
1961,20250227,1338,77,2,3,3,2,444,577,1021,241,0.0004,1,4.7,Embedding
1962,20250315,2021,18,3,1,2,1,5797,258,6055,665,0.0213,1,3.5,Embedding
1963,20250124,1159,24,5,1,3,2,495,1811,2306,249,0.0097,1,,Completion
1964,20250210,1527,64,1,5,1,4,2301,232,2533,455,0.015,1,,Chat
1965,20250325,910,71,1,2,1,3,552,40,592,773,0.0034,1,,Chat
1966,20250509,2220,15,5,1,4,1,759,99,858,217,0.0014,1,,Chat
1967,20250320,1238,47,1,6,2,3,484,1362,1846,834,0.0228,1,,Chat
1968,20250318,928,19,2,5,3,2,1277,1209,2486,466,0.0009,1,,Embedding
1969,20250318,144,75,2,6,4,1,295,3643,3938,245,0.0022,1,,Chat
1970,20250511,1134,63,2,6,1,2,892,201,1093,319,0.0003,1,4.2,Chat
1971,20250603,811,67,5,1,1,4,536,985,1521,274,0.0056,1,4.1,Chat
1972,20250520,1430,62,1,6,1,3,2154,1830,3984,273,0.0382,1,4.2,Chat
1973,20250325,1653,53,4,1,1,3,522,380,902,383,0.0006,1,,Completion
1974,20250128,922,73,2,5,2,1,267,63,330,226,0.0001,1,,Chat
1975,20250211,1937,49,5,2,3,2,596,105,701,232,0.0013,1,,Chat
1976,20250307,856,74,2,1,2,3,241,459,700,164,0.0003,1,,Chat
1977,20250626,1802,4,5,1,2,3,623,355,978,252,0.0026,1,,Completion
1978,20250211,1706,44,2,3,2,2,1345,439,1784,335,0.0005,1,,Chat
1979,20250512,1349,36,3,6,1,2,2303,436,2739,650,0.0134,1,,Vision
1980,20250524,1258,22,5,3,2,2,440,183,623,325,0.0015,1,,Embedding
1981,20250129,1953,67,2,4,1,3,1908,113,2021,406,0.0004,1,3.3,Completion
1982,20250205,1219,10,2,3,3,3,1142,152,1294,293,0.0003,1,4.3,Embedding
1983,20250318,1558,68,5,2,5,3,174,553,727,411,0.003,1,,Embedding
1984,20250514,1325,21,4,5,1,3,2262,281,2543,363,0.0009,1,3.5,Chat
1985,20250130,549,69,1,3,1,2,12000,2491,14491,585,0.0974,1,5.0,Chat
1986,20250608,642,3,3,1,5,3,1786,152,1938,751,0.0076,1,,Completion
1987,20250405,1520,7,3,1,1,3,522,1745,2267,833,0.0277,1,,Vision
1988,20250510,1734,41,3,1,4,1,1351,156,1507,872,0.0064,1,,Chat
1989,20250106,1247,51,4,5,3,2,190,1042,1232,485,0.0014,1,3.6,Completion
1990,20250320,1308,61,1,7,2,4,11604,656,12260,563,0.0679,1,3.4,Completion
1991,20250509,1145,13,1,1,2,4,6884,286,7170,817,0.0387,1,3.3,Chat
1992,20250508,1113,68,1,2,2,4,845,1601,2446,563,0.0282,1,,Embedding
1993,20250304,1213,73,1,4,2,3,4158,2744,6902,796,0.062,1,,Chat
1994,20250124,1123,56,1,2,1,4,803,649,1452,723,0.0138,1,4.4,Chat
1995,20250217,1022,73,2,2,1,3,1275,355,1630,120,0.0004,1,,Chat
1996,20250511,1058,18,2,2,3,1,422,310,732,465,0.0002,1,,Chat
1997,20250415,1400,49,5,3,2,3,312,398,710,245,0.0024,1,3.5,Chat
1998,20250109,1557,10,5,1,4,3,1121,923,2044,277,0.006,1,,Chat
1999,20250415,2053,39,6,4,1,3,1506,181,1687,496,0.0002,1,,Vision
2000,20250103,1516,28,1,4,2,1,581,2893,3474,1122,0.0463,1,,Chat
2001,20250427,1307,35,6,3,1,3,422,285,707,350,0.0001,1,,Completion
2002,20250418,1931,6,4,6,2,3,1111,360,1471,426,0.0007,1,,Embedding
2003,20250214,1211,73,3,3,6,4,3755,457,4212,748,0.0181,1,,Chat
2004,20250129,1354,45,3,2,1,2,1266,420,1686,955,0.0101,1,,Completion
2005,20250310,1156,59,3,6,1,3,638,4000,4638,872,0.0619,1,,Chat
2006,20250311,449,50,3,3,1,1,761,107,868,433,0.0039,1,,Chat
2007,20250507,113,65,6,3,4,4,587,125,712,285,0.0001,1,,Completion
2008,20250426,700,61,6,1,1,2,716,232,948,427,0.0001,1,4.5,Completion
2009,20250106,1911,54,3,1,6,2,2937,441,3378,1101,0.0154,1,,Chat
2010,20250301,757,22,4,7,5,1,188,307,495,500,0.0004,1,4.4,Chat
2011,20250626,1337,64,1,1,1,1,1115,152,1267,865,0.0079,1,4.2,Chat
2012,20250609,1730,8,2,5,4,3,1353,193,1546,210,0.0003,1,4.9,Vision
2013,20250502,809,72,1,1,6,1,1456,215,1671,382,0.0105,1,,Embedding
2014,20250318,1250,64,3,1,1,1,821,361,1182,756,0.0079,1,3.7,Embedding
2015,20250114,1402,80,3,1,2,1,1004,716,1720,424,0.0138,1,,Chat
2016,20250425,1444,52,4,1,2,1,761,92,853,377,0.0003,1,4.9,Completion
2017,20250204,1004,54,1,2,4,2,1466,1819,3285,860,0.0346,1,4.9,Completion
2018,20250507,1415,13,1,2,3,1,932,1480,2412,803,0.0269,1,,Completion
2019,20250109,1141,25,1,5,1,3,604,84,688,685,0.0043,1,3.4,Chat
2020,20250507,1309,50,2,1,2,4,1849,448,2297,410,0.0005,1,4.7,Chat
2021,20250129,1136,64,6,5,3,3,1852,210,2062,356,0.0002,1,,Vision
2022,20250207,852,7,2,1,1,2,821,61,882,253,0.0002,1,4.7,Vision
2023,20250329,1511,19,1,2,1,2,795,221,1016,842,0.0073,1,,Completion
2024,20250311,1319,75,1,5,5,3,820,626,1446,1249,0.0135,1,,Embedding
2025,20250614,1840,54,5,2,1,3,1893,478,2371,296,0.0048,1,4.9,Chat
2026,20250623,408,4,1,2,4,3,679,381,1060,223,0.0091,1,4.4,Completion
2027,20250323,959,15,2,2,1,1,111,319,430,360,0.0002,1,,Chat
2028,20250605,1851,37,5,3,2,3,966,145,1111,120,0.0019,1,,Chat
2029,20250224,629,17,2,6,6,3,212,155,367,264,0.0001,1,3.2,Chat
2030,20250123,936,72,2,1,2,2,902,271,1173,281,0.0003,1,3.7,Embedding
2031,20250221,1825,68,1,2,1,2,411,895,1306,646,0.0155,1,,Chat
2032,20250422,1217,66,1,2,1,3,3246,1387,4633,434,0.037,1,,Chat
2033,20250217,1309,56,1,3,2,2,1774,464,2238,783,0.0158,1,3.3,Chat
2034,20250402,1557,2,4,2,5,1,3460,89,3549,268,0.001,1,,Completion
2035,20250414,1029,38,1,1,2,2,2450,129,2579,728,0.0142,1,3.2,Chat
2036,20250414,1151,16,3,5,6,1,642,152,794,544,0.0042,1,,Embedding
2037,20250205,1843,31,1,3,3,2,1306,1092,2398,1028,0.0229,1,,Completion
2038,20250112,1524,80,3,3,4,3,766,938,1704,526,0.0164,1,,Chat
2039,20250419,1130,71,3,6,1,4,292,1450,1742,562,0.0226,0,,Chat
2040,20250625,1414,36,1,3,4,3,475,910,1385,476,0.016,1,3.4,Embedding
2041,20250124,1342,41,6,1,1,4,1465,646,2111,277,0.0003,1,,Completion
2042,20250105,612,20,2,1,2,4,9833,1456,11289,350,0.0023,1,,Completion
2043,20250108,1028,53,1,1,4,2,1195,359,1554,937,0.0114,1,,Completion
2044,20250424,1509,56,1,3,3,4,611,384,995,905,0.0088,1,4.2,Chat
2045,20250626,2032,12,3,1,1,3,6175,1235,7410,592,0.037,1,3.6,Chat
2046,20250206,102,51,6,1,1,4,869,329,1198,293,0.0002,1,,Chat
2047,20250613,1412,46,1,2,1,2,355,1022,1377,793,0.0171,1,4.9,Chat
2048,20250205,1635,72,2,1,1,3,1559,551,2110,239,0.0006,1,3.4,Chat
2049,20250105,1318,73,1,1,3,2,1467,666,2133,877,0.0173,1,,Chat
2050,20250415,1601,55,1,2,1,1,10692,4000,14692,668,0.1135,1,3.6,Chat
2051,20250202,2336,26,1,1,5,4,4613,360,4973,467,0.0285,1,,Chat
2052,20250406,1200,69,2,1,3,2,444,555,999,127,0.0004,1,,Completion
2053,20250321,924,34,1,5,5,4,1887,1087,2974,795,0.0257,1,,Chat
2054,20250409,1052,39,1,1,2,4,503,371,874,704,0.0081,1,3.4,Chat
2055,20250506,1954,40,2,4,4,4,105,273,378,149,0.0002,1,4.2,Chat
2056,20250623,708,13,2,2,1,4,1588,524,2112,324,0.0006,1,,Chat
2057,20250331,1759,50,2,1,2,2,431,228,659,494,0.0002,1,,Chat
2058,20250415,1354,57,1,7,6,3,2793,605,3398,229,0.023,1,,Embedding
2059,20250529,503,21,4,1,2,1,395,810,1205,357,0.0011,1,,Chat
2060,20250319,1709,62,6,1,2,3,273,1304,1577,185,0.0004,1,3.7,Chat
2061,20250209,1407,71,1,4,5,3,1325,510,1835,954,0.0143,1,4.3,Embedding
2062,20250105,1125,23,3,5,1,2,347,613,960,559,0.0102,1,3.7,Embedding
2063,20250520,335,26,4,1,3,3,1222,233,1455,176,0.0006,1,3.6,Embedding
2064,20250509,655,37,2,1,1,3,264,364,628,419,0.0003,1,,Completion
2065,20250414,1816,52,3,1,4,3,1684,442,2126,711,0.0117,1,4.7,Embedding
2066,20250220,1142,40,6,1,1,4,3122,281,3403,271,0.0003,1,4.5,Chat
2067,20250419,500,68,1,4,1,3,1101,1332,2433,407,0.0255,1,3.5,Completion
2068,20250116,1044,21,3,3,1,1,2959,147,3106,890,0.0111,1,,Completion
2069,20250109,1100,36,3,3,6,1,908,206,1114,736,0.0058,1,,Chat
2070,20250430,2348,76,1,1,3,3,2926,264,3190,908,0.0186,1,,Completion
2071,20250625,1245,46,1,4,2,4,5294,1295,6589,120,0.0459,1,,Chat
2072,20250515,921,60,3,1,3,4,3443,695,4138,417,0.0208,1,,Completion
2073,20250630,1107,22,1,7,1,2,199,553,752,1152,0.0093,1,,Completion
2074,20250430,1738,18,3,6,2,1,11973,1391,13364,883,0.0568,1,,Chat
2075,20250607,2130,15,6,1,1,3,934,281,1215,381,0.0002,1,4.8,Completion
2076,20250131,1934,63,5,3,6,2,431,178,609,293,0.0014,1,3.6,Chat
2077,20250521,1700,37,2,6,5,1,1364,98,1462,467,0.0003,1,,Chat
2078,20250621,1155,33,2,6,2,1,523,153,676,544,0.0002,1,,Chat
2079,20250530,1402,51,5,7,1,4,309,688,997,355,0.0038,1,,Completion
2080,20250106,1324,61,2,2,2,2,1417,163,1580,231,0.0003,1,,Chat
2081,20250628,547,47,2,4,1,4,202,1535,1737,440,0.001,1,,Chat
2082,20250410,1404,19,1,1,2,2,7065,516,7581,594,0.0431,1,,Chat
2083,20250210,1418,34,2,7,6,3,594,275,869,392,0.0003,1,,Completion
2084,20250509,1404,38,3,6,2,2,2731,1603,4334,738,0.0322,1,4.8,Completion
2085,20250112,1009,30,3,5,4,2,346,693,1039,611,0.0114,1,,Chat
2086,20250414,1445,38,4,5,3,4,655,2969,3624,149,0.0039,1,4.8,Completion
2087,20250131,656,3,2,1,1,1,897,239,1136,310,0.0003,1,,Chat
2088,20250201,1620,55,4,1,2,4,2112,91,2203,225,0.0006,1,,Chat
2089,20250507,1521,58,4,6,1,3,1330,2131,3461,373,0.003,1,4.3,Completion
2090,20250621,1351,6,2,1,1,2,298,204,502,221,0.0002,1,4.5,Chat
2091,20250313,1627,48,2,1,4,4,838,107,945,237,0.0002,1,,Chat
2092,20250429,1707,65,1,1,2,1,1903,1032,2935,737,0.025,1,,Completion
2093,20250225,2006,8,2,7,4,3,822,237,1059,190,0.0003,1,3.6,Chat
2094,20250325,1445,65,1,2,4,4,116,505,621,603,0.0082,1,3.3,Completion
2095,20250426,811,19,2,5,2,3,288,657,945,302,0.0004,1,,Vision
2096,20250624,1413,49,2,2,1,2,876,357,1233,401,0.0003,1,,Embedding
2097,20250502,1426,52,4,7,1,3,179,1320,1499,316,0.0017,1,,Chat
2098,20250415,1157,7,5,2,2,3,215,462,677,268,0.0026,1,3.7,Embedding
2099,20250405,2049,43,3,2,3,2,947,271,1218,853,0.0069,1,4.6,Completion
2100,20250122,1757,54,6,3,1,2,774,586,1360,276,0.0002,1,,Chat
2101,20250416,1428,42,1,1,1,3,4294,1090,5384,611,0.0378,1,,Completion
2102,20250531,1945,10,2,4,1,2,79,1889,1968,120,0.0011,1,4.6,Chat
2103,20250427,1146,17,5,2,4,3,641,291,932,378,0.0023,1,3.5,Vision
2104,20250616,956,48,1,1,4,4,1738,347,2085,717,0.0139,1,,Vision
2105,20250406,1307,70,1,1,4,2,1469,356,1825,533,0.0127,1,,Chat
2106,20250529,1500,55,3,1,1,1,3441,340,3781,452,0.0154,1,,Chat
2107,20250521,1600,73,1,1,2,4,1296,1324,2620,443,0.0263,1,,Chat
2108,20250107,655,70,3,1,4,1,786,290,1076,632,0.0067,1,,Embedding
2109,20250425,1156,25,1,1,6,2,2810,457,3267,684,0.0209,1,,Completion
2110,20250216,1416,59,6,1,1,2,792,323,1115,330,0.0002,1,,Chat
2111,20250421,1015,57,1,5,1,2,5428,480,5908,351,0.0343,1,3.6,Completion
2112,20250607,1446,45,4,5,1,1,309,581,890,496,0.0008,1,,Chat
2113,20250507,1011,21,4,1,3,1,897,74,971,324,0.0003,1,4.8,Chat
2114,20250420,1003,73,2,2,1,4,379,129,508,351,0.0001,1,,Chat
2115,20250614,1819,71,2,2,1,4,679,158,837,435,0.0002,1,4.1,Completion
2116,20250422,1019,70,3,2,2,1,154,930,1084,398,0.0144,1,,Chat
2117,20250103,1742,70,2,2,5,2,471,551,1022,417,0.0004,1,4.9,Embedding
2118,20250302,939,39,3,1,4,4,760,560,1320,999,0.0107,1,4.2,Chat
2119,20250214,1100,27,1,6,1,2,739,947,1686,518,0.0179,1,3.3,Chat
2120,20250130,1439,8,2,4,1,4,164,2169,2333,147,0.0013,1,3.8,Chat
2121,20250522,1251,65,4,6,1,2,645,1678,2323,150,0.0023,1,,Chat
2122,20250411,2158,32,1,5,1,2,2855,894,3749,425,0.0277,1,,Chat
2123,20250201,1608,30,3,2,3,3,649,2004,2653,429,0.032,1,,Completion
2124,20250411,1320,77,1,6,1,3,768,235,1003,818,0.0074,1,,Completion
2125,20250120,1630,26,6,1,1,3,1974,72,2046,384,0.0002,1,,Chat
2126,20250614,5,35,1,1,1,3,852,3642,4494,590,0.0589,1,,Chat
2127,20250629,814,10,6,1,1,2,505,805,1310,197,0.0003,1,,Completion
2128,20250620,1154,20,1,2,6,3,2424,603,3027,783,0.0212,1,,Chat
2129,20250131,1428,55,1,6,3,4,2163,399,2562,702,0.0168,1,3.2,Completion
2130,20250311,1003,18,3,6,5,2,4858,329,5187,906,0.0195,1,,Chat
2131,20250223,1346,35,4,6,1,2,797,216,1013,180,0.0005,1,4.4,Chat
2132,20250429,740,76,3,1,4,3,466,442,908,698,0.008,1,,Vision
2133,20250509,1834,12,2,5,4,2,445,156,601,138,0.0002,1,,Completion
2134,20250102,1519,24,3,4,2,1,5341,2004,7345,811,0.0461,1,,Chat
2135,20250213,1637,31,2,2,2,4,3065,438,3503,343,0.0007,1,,Chat
2136,20250620,1218,70,2,3,1,2,195,184,379,279,0.0001,1,4.8,Chat
2137,20250213,1449,70,3,5,3,3,9193,650,9843,918,0.0373,1,,Completion
2138,20250504,1208,51,1,5,1,3,980,170,1150,481,0.0075,1,,Chat
2139,20250121,1650,48,6,6,3,2,669,736,1405,297,0.0003,1,3.5,Chat
2140,20250213,1248,52,2,5,2,2,4598,304,4902,393,0.0009,1,3.5,Chat
2141,20250211,1215,22,3,1,1,1,2723,1453,4176,697,0.03,1,4.2,Chat
2142,20250627,428,22,1,1,3,2,1364,1937,3301,770,0.0359,1,,Chat
2143,20250403,1527,75,5,6,4,1,141,179,320,320,0.0011,1,4.7,Completion
2144,20250528,1514,11,1,1,1,3,4512,524,5036,742,0.0304,1,,Chat
2145,20250226,1424,76,1,1,4,1,499,70,569,748,0.0035,1,,Chat
2146,20250413,1417,42,1,3,2,3,721,129,850,793,0.0055,1,,Completion
2147,20250314,1213,51,5,1,6,4,1097,1610,2707,120,0.0094,1,,Chat
2148,20250124,1128,55,1,2,2,2,1086,2397,3483,277,0.0414,1,,Embedding
2149,20250130,2100,53,3,1,4,2,1534,549,2083,604,0.0128,1,,Chat
2150,20250410,1222,13,4,7,1,4,1708,133,1841,313,0.0006,1,,Chat
2151,20250514,1223,50,4,2,2,3,334,2975,3309,321,0.0038,1,,Embedding
2152,20250216,1639,38,1,6,1,2,4178,155,4333,1048,0.0232,1,,Embedding
2153,20250423,301,71,5,2,4,1,332,223,555,337,0.0015,0,,Chat
2154,20250315,1435,22,3,1,1,2,1133,595,1728,427,0.0123,1,4.6,Chat
2155,20250509,852,26,2,1,1,3,1279,595,1874,435,0.0005,1,4.2,Vision
2156,20250407,1053,29,1,6,4,2,2677,459,3136,920,0.0203,1,,Completion
2157,20250117,1841,35,2,2,1,2,804,247,1051,374,0.0003,1,,Completion
2158,20250214,1605,35,1,6,3,2,675,170,845,584,0.0059,1,3.8,Completion
2159,20250120,2016,69,1,5,2,2,4215,209,4424,384,0.0242,1,4.1,Completion
2160,20250309,1917,67,2,1,1,3,239,509,748,219,0.0003,1,4.5,Chat
2161,20250307,2057,54,4,6,6,2,332,872,1204,298,0.0012,1,,Completion
2162,20250405,1542,9,2,1,2,4,112,50,162,258,0.0,1,,Chat
2163,20250426,1430,20,5,5,2,4,241,130,371,335,0.001,1,4.7,Chat
2164,20250409,1601,72,3,2,3,3,1167,1262,2429,382,0.0224,1,3.9,Embedding
2165,20250419,1237,35,1,6,1,2,6959,642,7601,678,0.0444,1,3.9,Completion
2166,20250521,2359,16,3,1,2,3,330,1282,1612,1028,0.0202,1,,Chat
2167,20250607,1201,11,5,2,2,2,1441,143,1584,212,0.0025,1,,Completion
2168,20250410,1530,6,2,1,4,3,1364,856,2220,433,0.0007,1,,Chat
2169,20250504,1325,65,3,1,2,3,4418,434,4852,855,0.0198,1,,Completion
2170,20250205,1408,74,3,6,4,3,2091,899,2990,284,0.0198,1,,Chat
2171,20250413,943,70,3,3,4,3,1484,121,1605,839,0.0063,1,3.9,Chat
2172,20250502,1712,2,1,1,4,3,1857,207,2064,963,0.0124,1,,Chat
2173,20250210,2231,69,5,6,1,4,759,509,1268,299,0.0035,1,4.5,Vision
2174,20250517,1627,1,4,5,1,1,597,320,917,368,0.0005,1,3.7,Chat
2175,20250123,2343,31,2,1,3,3,188,302,490,164,0.0002,1,,Chat
2176,20250606,2026,73,6,3,1,2,391,96,487,342,0.0001,1,,Completion
2177,20250308,2038,48,1,2,2,2,2600,731,3331,743,0.024,1,,Chat
2178,20250114,1944,32,3,3,4,3,558,541,1099,547,0.0098,1,,Completion
2179,20250102,924,65,4,2,2,2,494,846,1340,335,0.0012,1,,Chat
2180,20250127,1624,7,1,1,5,3,1550,989,2539,467,0.0226,1,4.6,Vision
2181,20250221,1228,1,3,6,3,1,1622,783,2405,722,0.0166,1,3.3,Completion
2182,20250108,1332,27,1,4,1,4,918,4000,4918,856,0.0646,1,4.4,Embedding
2183,20250417,1535,77,5,2,2,3,539,225,764,267,0.0018,1,,Chat
2184,20250428,1509,3,2,3,4,1,122,87,209,217,0.0001,1,,Vision
2185,20250120,1426,12,6,1,3,3,536,1160,1696,134,0.0004,1,,Completion
2186,20250501,1025,22,1,3,5,4,6124,681,6805,851,0.0408,1,3.3,Chat
2187,20250418,2212,23,1,4,2,3,669,547,1216,588,0.0116,1,,Chat
2188,20250327,633,33,1,5,2,3,982,1389,2371,772,0.0257,1,,Embedding
2189,20250318,1610,19,1,1,3,4,920,322,1242,938,0.0094,1,,Chat
2190,20250404,1215,59,1,1,5,4,1797,702,2499,982,0.0195,1,,Chat
2191,20250407,1741,79,2,5,5,1,207,120,327,336,0.0001,1,4.9,Chat
2192,20250401,1322,6,2,1,4,3,441,783,1224,298,0.0005,1,,Chat
2193,20250623,1401,36,4,4,4,3,1341,240,1581,433,0.0006,1,,Embedding
2194,20250526,1028,46,1,6,2,1,2583,2349,4932,336,0.0482,0,3.9,Vision
2195,20250110,1224,55,2,1,1,1,1859,883,2742,263,0.0008,1,,Completion
2196,20250321,1136,75,6,2,2,1,1572,903,2475,165,0.0004,1,,Embedding
2197,20250604,933,24,3,1,3,4,1677,1094,2771,581,0.0214,1,3.9,Completion
2198,20250530,1626,73,1,2,1,3,658,80,738,553,0.0045,1,,Chat
2199,20250531,1458,20,6,6,5,3,518,123,641,120,0.0001,1,,Completion
2200,20250523,1132,52,1,2,2,3,3286,1985,5271,920,0.0462,1,,Completion
2201,20250515,1011,33,2,5,1,1,235,503,738,342,0.0003,1,,Embedding
2202,20250218,1548,68,5,5,1,2,108,158,266,277,0.0009,1,3.4,Chat
2203,20250413,1509,60,1,1,1,3,2885,690,3575,725,0.0248,1,,Vision
2204,20250314,1446,5,6,1,3,2,1232,430,1662,286,0.0002,1,3.7,Chat
2205,20250501,1208,70,3,3,1,4,1452,953,2405,710,0.0187,1,,Chat
2206,20250317,1558,18,2,4,1,3,2227,413,2640,216,0.0006,1,,Completion
2207,20250526,1759,4,1,3,1,4,341,215,556,726,0.0049,1,,Completion
2208,20250202,1658,52,5,4,1,4,216,238,454,220,0.0015,1,,Embedding
2209,20250413,1234,48,3,7,4,3,3441,1177,4618,645,0.028,1,4.1,Chat
2210,20250421,1136,68,3,1,3,2,347,2319,2666,784,0.0358,1,,Completion
2211,20250321,1115,1,3,5,6,2,2750,563,3313,584,0.0167,1,3.7,Completion
2212,20250322,1554,80,2,7,3,3,341,246,587,291,0.0002,1,4.1,Chat
2213,20250418,1205,29,3,1,6,2,2615,3553,6168,478,0.0611,1,,Chat
2214,20250602,746,75,1,4,4,3,180,521,701,499,0.0087,1,4.1,Chat
2215,20250312,1454,40,1,1,1,2,1529,131,1660,237,0.0096,1,,Chat
2216,20250202,1549,54,1,2,2,4,1533,401,1934,272,0.0137,1,,Vision
2217,20250119,1550,78,5,4,2,2,2089,418,2507,196,0.0047,1,4.9,Completion
2218,20250518,1437,22,4,2,2,2,194,811,1005,288,0.0011,1,3.9,Vision
2219,20250330,622,1,1,5,2,2,991,934,1925,574,0.019,1,4.5,Chat
2220,20250621,1223,51,5,2,1,4,220,534,754,216,0.0029,1,,Vision
2221,20250531,515,2,1,2,2,1,924,1528,2452,561,0.0275,1,,Completion
2222,20250604,2059,32,2,1,2,4,978,440,1418,267,0.0004,1,,Chat
2223,20250111,1315,21,5,1,1,2,524,255,779,332,0.0019,1,,Chat
2224,20250618,1028,3,2,7,3,3,252,127,379,480,0.0001,1,3.9,Chat
2225,20250603,1613,56,4,1,5,2,874,134,1008,341,0.0004,1,,Chat
2226,20250318,1316,60,2,1,5,3,806,144,950,295,0.0002,1,,Chat
2227,20250523,1230,78,1,5,2,1,622,1208,1830,300,0.0212,0,3.5,Vision
2228,20250226,1605,37,4,3,3,3,1231,156,1387,199,0.0005,1,,Embedding
2229,20250328,1335,71,5,2,1,3,857,290,1147,322,0.0025,1,3.9,Chat
2230,20250625,2143,59,1,3,2,2,806,117,923,837,0.0058,0,3.8,Completion
2231,20250317,2030,36,2,1,2,2,947,131,1078,267,0.0002,1,,Chat
2232,20250121,928,26,3,6,4,4,2547,166,2713,581,0.0101,1,4.5,Embedding
2233,20250410,926,63,3,4,2,2,1520,424,1944,690,0.0109,1,,Chat
2234,20250205,1447,2,4,3,5,2,273,562,835,275,0.0008,1,,Chat
2235,20250410,1033,28,1,2,2,2,12000,946,12946,615,0.0742,1,4.7,Chat
2236,20250203,1946,6,1,2,2,1,8449,524,8973,729,0.0501,1,,Completion
2237,20250225,1037,2,2,6,3,3,582,278,860,298,0.0003,1,3.5,Embedding
2238,20250328,1510,34,1,1,1,1,2344,754,3098,374,0.023,1,,Chat
2239,20250528,1041,15,2,2,2,2,406,259,665,382,0.0002,1,,Chat
2240,20250331,958,60,3,3,1,4,936,1488,2424,581,0.0251,1,,Chat
2241,20250112,1520,18,2,5,6,3,586,410,996,257,0.0003,1,,Completion
2242,20250105,1640,72,4,6,1,1,165,242,407,309,0.0003,1,,Completion
2243,20250326,1625,37,2,2,1,4,2549,236,2785,424,0.0005,1,3.5,Completion
2244,20250408,1100,53,2,1,3,1,2199,661,2860,190,0.0007,1,,Chat
2245,20250317,1528,2,2,1,2,1,635,562,1197,258,0.0004,1,4.0,Vision
2246,20250404,1201,65,1,1,4,1,5266,547,5813,838,0.0345,1,,Completion
2247,20250508,1351,55,1,1,3,4,7091,315,7406,510,0.0402,1,,Chat
2248,20250223,2015,10,2,1,1,2,445,1288,1733,367,0.0008,1,4.2,Chat
2249,20250627,1358,41,2,1,3,2,130,324,454,289,0.0002,1,4.5,Chat
2250,20250517,1825,74,6,1,3,3,2778,184,2962,358,0.0003,1,,Chat
2251,20250522,1715,16,4,3,2,2,1747,504,2251,120,0.0011,1,4.3,Chat
2252,20250113,1349,60,3,2,2,1,421,496,917,872,0.0087,1,4.5,Chat
2253,20250614,1506,1,2,5,2,2,1869,441,2310,152,0.0005,1,4.3,Chat
2254,20250628,330,78,1,1,4,3,1554,491,2045,427,0.0151,1,,Chat
2255,20250204,720,72,6,2,1,2,343,279,622,345,0.0001,1,3.9,Embedding
2256,20250212,1428,34,6,2,4,3,2827,136,2963,366,0.0003,1,4.9,Chat
2257,20250625,1411,31,4,6,3,1,1242,227,1469,385,0.0006,1,4.4,Chat
2258,20250317,1508,36,2,1,4,2,360,326,686,256,0.0002,1,4.4,Completion
2259,20250324,1555,43,3,6,1,3,411,585,996,739,0.01,1,,Completion
2260,20250526,1444,56,1,2,5,2,5150,1255,6405,648,0.0446,1,4.2,Chat
2261,20250224,1443,32,1,4,2,2,1800,882,2682,234,0.0222,1,,Chat
2262,20250430,1213,60,3,5,5,3,303,2027,2330,636,0.0313,1,4.8,Chat
2263,20250108,1359,62,6,7,2,2,1490,472,1962,169,0.0003,1,4.2,Chat
2264,20250319,1308,65,2,1,3,2,491,74,565,212,0.0001,1,4.7,Completion
2265,20250105,1343,35,4,1,1,4,599,93,692,392,0.0003,1,,Completion
2266,20250101,1353,73,2,1,2,1,688,464,1152,202,0.0004,1,,Chat
2267,20250612,1554,46,1,4,1,3,927,256,1183,780,0.0085,1,,Embedding
2268,20250310,1920,58,4,7,3,2,1277,723,2000,228,0.0012,1,,Chat
2269,20250528,753,63,3,1,2,3,5943,4000,9943,1000,0.0778,1,5.0,Completion
2270,20250322,1252,80,1,6,2,1,422,218,640,266,0.0054,1,,Completion
2271,20250317,1313,56,5,1,4,3,2821,292,3113,309,0.005,1,,Vision
2272,20250530,1945,71,1,2,1,2,894,4000,4894,1103,0.0645,1,,Completion
2273,20250228,1316,44,3,6,1,2,751,1167,1918,570,0.0198,1,,Chat
2274,20250219,952,18,2,5,6,4,2107,928,3035,295,0.0009,1,,Embedding
2275,20250329,825,21,6,1,4,4,219,361,580,231,0.0001,1,,Completion
2276,20250222,1228,17,1,3,2,1,3721,1207,4928,963,0.0367,1,,Chat
2277,20250113,1024,67,2,3,4,1,488,629,1117,323,0.0005,1,,Chat
2278,20250603,2034,74,4,3,1,2,971,1589,2560,332,0.0022,1,,Chat
2279,20250526,1849,35,4,2,2,2,497,334,831,369,0.0005,1,4.4,Chat
2280,20250131,2003,51,1,4,5,2,2777,556,3333,963,0.0222,1,4.8,Chat
2281,20250426,543,41,2,1,1,2,184,589,773,281,0.0004,1,,Chat
2282,20250507,1622,46,3,3,2,2,1428,1035,2463,464,0.0198,1,,Chat
2283,20250514,1650,44,2,1,1,3,1627,932,2559,477,0.0008,1,,Embedding
2284,20250325,1406,33,2,1,1,2,851,90,941,227,0.0002,1,,Embedding
2285,20250102,1309,38,1,5,2,3,3828,336,4164,831,0.0242,1,,Chat
2286,20250323,1352,30,2,3,2,3,567,408,975,241,0.0003,1,3.3,Chat
2287,20250209,1258,35,1,1,5,2,243,475,718,540,0.0083,1,,Chat
2288,20250227,1101,69,1,4,3,3,2032,1125,3157,702,0.027,1,,Chat
2289,20250613,1704,56,1,1,2,3,2381,454,2835,544,0.0187,1,,Chat
2290,20250328,1509,35,5,5,2,3,1114,1083,2197,396,0.0068,1,3.9,Completion
2291,20250407,1148,46,3,1,5,3,1209,1138,2347,892,0.0207,1,4.1,Vision
2292,20250623,1701,33,3,2,3,2,1256,182,1438,422,0.0065,1,,Completion
2293,20250306,1517,79,3,1,6,1,1886,211,2097,660,0.0088,1,,Embedding
2294,20250327,1633,18,5,7,1,3,236,844,1080,243,0.0045,1,,Chat
2295,20250620,1929,57,1,1,1,1,785,226,1011,545,0.0073,1,,Chat
2296,20250419,1347,66,3,7,1,2,908,490,1398,725,0.0101,1,,Chat
2297,20250323,1350,78,1,1,2,3,1253,118,1371,5912,0.008,1,,Completion
2298,20250213,1357,29,5,1,2,2,2833,148,2981,120,0.0043,1,,Chat
2299,20250504,1618,54,3,4,4,2,1894,230,2124,301,0.0091,1,4.7,Chat
2300,20250406,2005,12,4,2,1,3,2374,39,2413,235,0.0006,1,,Embedding
2301,20250408,2052,19,4,2,2,2,433,217,650,252,0.0004,1,3.8,Completion
2302,20250428,946,18,3,1,2,2,243,1635,1878,230,0.0253,1,,Chat
2303,20250228,1430,22,3,7,1,2,3250,151,3401,439,0.012,1,,Chat
2304,20250610,1840,70,5,5,2,4,1074,195,1269,397,0.0023,1,,Completion
2305,20250610,1850,10,5,7,2,3,847,153,1000,239,0.0018,1,,Chat
2306,20250609,1543,70,3,1,4,4,1109,1468,2577,301,0.0253,1,,Chat
2307,20250523,837,8,3,2,1,3,1604,377,1981,507,0.0105,1,,Completion
2308,20250309,635,65,4,2,2,3,676,315,991,344,0.0006,1,,Chat
2309,20250302,1437,20,5,7,3,2,590,898,1488,151,0.0052,1,3.4,Completion
2310,20250520,1606,71,3,1,4,3,251,271,522,374,0.0048,1,,Completion
2311,20250204,1752,66,3,2,3,3,1254,594,1848,398,0.0127,1,,Chat
2312,20250131,1203,5,5,2,4,4,334,457,791,182,0.0027,1,4.1,Chat
2313,20250630,1932,36,3,2,3,2,250,279,529,1031,0.0049,1,,Completion
2314,20250418,1231,6,3,2,1,3,359,741,1100,541,0.0122,1,,Chat
2315,20250401,1044,44,3,4,1,4,447,4000,4447,592,0.0613,1,,Chat
2316,20250126,620,28,4,5,4,3,2551,555,3106,204,0.0013,1,,Completion
2317,20250515,1030,12,4,2,5,2,1219,267,1486,120,0.0006,1,,Completion
2318,20250511,2134,48,3,4,1,1,867,2491,3358,940,0.04,1,,Chat
2319,20250209,959,14,2,2,1,4,1685,189,1874,120,0.0004,1,,Chat
2320,20250517,1238,51,1,2,6,1,1993,387,2380,580,0.0158,1,4.3,Embedding
2321,20250613,1819,30,2,2,1,4,732,161,893,348,0.0002,1,,Chat
2322,20250107,1458,38,3,1,6,3,107,904,1011,739,0.0139,1,4.6,Completion
2323,20250606,1420,18,2,1,1,2,1484,186,1670,312,0.0003,1,,Chat
2324,20250630,758,58,1,1,2,3,2012,3848,5860,423,0.0678,1,,Completion
2325,20250110,1008,27,3,1,2,4,658,680,1338,408,0.0122,1,4.2,Vision
2326,20250318,1505,23,3,4,6,2,3123,999,4122,247,0.0244,1,,Chat
2327,20250410,1701,56,3,4,1,2,3419,1324,4743,734,0.0301,1,,Chat
2328,20250330,1447,16,4,6,3,2,1684,1694,3378,186,0.0025,1,,Chat
2329,20250130,1827,79,1,4,1,4,1228,532,1760,300,0.0141,1,3.2,Chat
2330,20250615,1253,10,1,3,1,3,494,387,881,400,0.0083,1,,Chat
2331,20250630,1237,8,4,1,1,3,461,358,819,121,0.0006,1,,Completion
2332,20250518,825,17,5,1,3,1,921,167,1088,385,0.002,1,,Chat
2333,20250108,1436,45,1,7,4,2,2457,2298,4755,579,0.0468,1,,Completion
2334,20250201,1138,59,1,3,1,2,3202,976,4178,607,0.0306,1,,Chat
2335,20250313,1911,31,6,1,6,3,549,339,888,282,0.0001,1,,Chat
2336,20250607,1037,35,5,1,3,4,713,1082,1795,323,0.0063,1,5.0,Completion
2337,20250105,1406,80,6,3,5,3,575,437,1012,353,0.0002,1,,Chat
2338,20250107,1639,38,1,1,4,1,961,819,1780,759,0.0171,1,4.7,Chat
2339,20250407,952,18,2,2,1,4,773,52,825,327,0.0001,1,,Chat
2340,20250614,1624,46,4,2,1,3,1303,236,1539,310,0.0006,1,,Chat
2341,20250124,1919,34,4,4,2,2,2374,322,2696,293,0.001,1,4.9,Vision
2342,20250329,1804,43,5,3,1,2,172,250,422,410,0.0015,1,,Embedding
2343,20250413,1730,71,4,1,1,3,927,91,1018,275,0.0003,1,,Chat
2344,20250306,1159,9,3,1,4,4,1865,278,2143,416,0.0098,1,,Completion
2345,20250402,505,20,1,4,1,4,4545,411,4956,685,0.0289,1,,Completion
2346,20250626,1300,18,3,2,4,2,460,181,641,421,0.0041,1,,Chat
2347,20250628,1133,7,2,4,2,3,925,167,1092,451,0.0002,1,,Chat
2348,20250530,1805,27,4,3,6,1,1376,298,1674,428,0.0007,1,,Chat
2349,20250505,1351,2,2,3,1,1,646,381,1027,348,0.0003,1,,Chat
2350,20250326,1648,17,3,2,2,2,832,362,1194,795,0.0079,1,4.4,Completion
2351,20250119,1623,32,1,6,4,3,903,133,1036,602,0.0065,1,4.5,Chat
2352,20250327,1641,56,1,1,1,4,8147,192,8339,552,0.0436,1,4.5,Completion
2353,20250209,1201,38,5,1,1,1,2253,320,2573,191,0.0044,1,,Chat
2354,20250413,1627,13,1,1,2,1,893,188,1081,446,0.0073,1,4.5,Chat
2355,20250531,2008,30,1,1,1,4,1966,666,2632,593,0.0198,1,3.9,Chat
2356,20250130,1548,10,1,7,3,3,1772,794,2566,676,0.0208,1,,Chat
2357,20250407,1707,67,3,1,3,2,1370,237,1607,510,0.0077,1,4.5,Chat
2358,20250217,632,39,5,2,1,1,4122,687,4809,198,0.0086,1,,Chat
2359,20250420,1212,56,2,5,1,3,374,1225,1599,140,0.0008,1,,Completion
2360,20250610,1457,61,3,2,2,3,1201,1320,2521,626,0.0234,1,4.4,Completion
2361,20250124,621,52,3,1,2,2,1041,238,1279,668,0.0067,1,,Vision
2362,20250410,1910,63,2,5,2,1,139,167,306,225,0.0001,1,4.4,Chat
2363,20250226,1215,48,5,2,1,3,1294,284,1578,320,0.003,1,,Chat
2364,20250422,1146,51,2,2,6,2,818,639,1457,208,0.0005,1,3.6,Completion
2365,20250522,1756,74,4,6,1,3,697,803,1500,260,0.0012,1,3.7,Embedding
2366,20250127,1521,39,4,7,2,3,641,304,945,305,0.0005,1,4.0,Completion
2367,20250324,1617,29,6,7,3,3,216,1117,1333,120,0.0004,1,,Chat
2368,20250126,1125,53,2,5,1,3,611,468,1079,434,0.0004,1,4.2,Completion
2369,20250417,606,10,1,3,5,3,806,79,885,657,0.0052,1,4.9,Chat
2370,20250108,1515,12,2,5,3,3,2784,365,3149,382,0.0006,1,,Chat
2371,20250125,1617,1,2,2,1,4,449,99,548,306,0.0001,1,,Chat
2372,20250527,813,36,3,4,2,1,4891,515,5406,921,0.0224,1,,Vision
2373,20250412,1211,57,2,1,4,3,847,394,1241,275,0.0004,1,3.5,Completion
2374,20250222,1258,52,5,1,4,2,946,150,1096,161,0.0019,1,,Chat
2375,20250103,1813,39,4,3,4,3,1279,349,1628,443,0.0008,1,,Chat
2376,20250316,1236,50,3,7,1,3,5027,711,5738,416,0.0257,1,,Chat
2377,20250226,2138,43,3,2,5,2,3607,536,4143,815,0.0189,1,3.9,Chat
2378,20250526,1238,32,4,3,1,3,1402,43,1445,180,0.0004,1,,Completion
2379,20250620,1726,61,1,1,1,2,1043,733,1776,343,0.0162,1,,Chat
2380,20250520,2151,73,4,3,1,1,1942,278,2220,240,0.0008,1,3.3,Chat
2381,20250124,1806,70,2,3,1,4,3960,743,4703,492,0.001,1,,Completion
2382,20250617,1057,40,4,4,1,1,318,120,438,323,0.0002,1,,Chat
2383,20250414,1458,16,3,6,2,2,1150,1298,2448,930,0.0229,1,4.9,Embedding
2384,20250308,732,26,3,1,1,4,737,1311,2048,543,0.0219,1,,Chat
2385,20250419,1003,10,1,1,1,2,3709,176,3885,581,0.0212,1,,Completion
2386,20250408,1503,70,2,7,2,2,396,642,1038,224,0.0004,1,,Chat
2387,20250630,1906,18,4,1,2,2,593,584,1177,353,0.0009,1,4.7,Chat
2388,20250523,1151,67,1,6,3,1,171,847,1018,666,0.0136,1,3.4,Embedding
2389,20250605,1613,10,2,4,1,4,542,229,771,476,0.0002,1,,Chat
2390,20250522,850,31,2,1,2,3,1287,202,1489,247,0.0003,1,4.3,Chat
2391,20250213,1215,37,6,4,1,3,322,536,858,416,0.0002,1,3.7,Chat
2392,20250602,1542,53,4,1,1,2,729,142,871,330,0.0004,1,,Chat
2393,20250214,2248,42,2,1,1,2,472,239,711,225,0.0002,1,,Embedding
2394,20250430,1237,9,1,4,1,3,86,884,970,457,0.0137,1,,Chat
2395,20250526,738,65,3,6,2,3,2844,215,3059,572,0.0118,1,3.9,Completion
2396,20250223,1923,52,3,5,2,2,327,140,467,711,0.0031,1,,Embedding
2397,20250410,1825,20,5,1,3,1,161,467,628,336,0.0025,1,,Chat
2398,20250122,518,6,1,2,1,1,2976,1384,4360,579,0.0356,1,,Chat
2399,20250216,1916,54,5,1,4,3,1849,360,2209,235,0.0041,1,,Chat
2400,20250415,1034,53,5,6,1,3,643,536,1179,248,0.0035,1,,Vision
2401,20250415,510,61,5,1,1,1,2083,388,2471,242,0.0045,1,,Chat
2402,20250216,1711,19,5,4,1,1,2623,30,2653,322,0.0034,1,4.2,Chat
2403,20250318,802,77,5,3,1,3,1042,368,1410,342,0.0031,1,4.5,Completion
2404,20250630,1207,14,2,5,1,4,123,225,348,319,0.0002,1,3.3,Embedding
2405,20250212,1849,19,4,1,6,4,231,790,1021,216,0.001,1,,Vision
2406,20250506,1535,47,1,6,1,3,804,715,1519,852,0.0147,1,,Chat
2407,20250318,906,4,1,1,2,4,678,717,1395,1196,0.0141,1,,Completion
2408,20250511,1048,17,2,1,3,4,4171,1814,5985,270,0.0017,1,,Chat
2409,20250521,1202,17,2,2,2,3,356,311,667,142,0.0002,1,,Completion
2410,20250524,1341,64,6,1,2,3,2558,196,2754,256,0.0003,1,5.0,Chat
2411,20250424,716,80,3,1,1,2,1947,773,2720,664,0.0174,1,,Embedding
2412,20250330,1358,42,2,3,1,2,511,506,1017,277,0.0004,1,,Completion
2413,20250418,1538,1,4,1,4,2,807,858,1665,346,0.0013,1,,Chat
2414,20250104,1424,55,2,6,2,4,2608,472,3080,407,0.0007,1,3.8,Chat
2415,20250413,1620,11,1,5,1,4,212,2078,2290,680,0.0322,1,,Vision
2416,20250205,1322,8,2,3,1,4,856,246,1102,302,0.0003,1,3.7,Chat
2417,20250310,1119,38,2,3,3,4,2094,299,2393,242,0.0005,1,,Embedding
2418,20250303,1047,24,1,5,4,3,1752,718,2470,738,0.0195,1,3.6,Chat
2419,20250326,921,15,4,1,2,1,157,562,719,425,0.0007,1,,Completion
2420,20250108,924,75,2,2,2,4,2780,420,3200,279,0.0007,1,,Embedding
2421,20250226,1242,28,1,1,1,1,335,1538,1873,473,0.0247,1,,Completion
2422,20250205,1033,69,2,1,1,1,1624,66,1690,130,0.0003,1,3.2,Embedding
2423,20250124,1328,77,3,2,5,3,1795,953,2748,581,0.0197,1,,Vision
2424,20250519,59,60,3,5,1,1,1066,483,1549,468,0.0104,1,,Chat
2425,20250102,1425,61,1,1,2,3,2477,1888,4365,311,0.0407,1,3.8,Chat
2426,20250517,1349,39,1,6,2,3,2093,1051,3144,651,0.0262,1,,Chat
2427,20250614,1615,31,1,1,2,1,596,2643,3239,875,0.0426,1,,Chat
2428,20250529,841,24,2,3,1,3,252,135,387,346,0.0001,1,3.5,Embedding
2429,20250405,822,66,2,4,1,3,493,486,979,273,0.0004,1,4.5,Completion
2430,20250225,1508,45,3,6,1,2,461,1059,1520,510,0.0173,1,3.9,Completion
2431,20250316,1228,49,2,5,4,2,823,360,1183,282,0.0003,1,,Chat
2432,20250623,1039,26,4,1,1,3,507,330,837,145,0.0005,1,3.3,Chat
2433,20250215,1242,45,2,7,3,2,942,111,1053,393,0.0002,1,,Chat
2434,20250503,1935,42,1,5,1,1,385,2185,2570,617,0.0347,1,,Completion
2435,20250503,1540,51,3,1,1,3,815,1446,2261,742,0.0241,1,,Chat
2436,20250208,1012,18,3,2,2,2,417,150,567,692,0.0035,1,3.8,Chat
2437,20250405,1626,66,5,2,3,3,1194,298,1492,166,0.003,1,,Chat
2438,20250427,1153,32,5,3,1,1,1876,218,2094,294,0.0034,1,,Completion
2439,20250223,909,10,3,6,1,2,1875,389,2264,888,0.0115,1,4.4,Chat
2440,20250308,1706,69,2,3,1,3,425,296,721,225,0.0002,1,,Embedding
2441,20250515,808,27,2,2,1,4,307,390,697,311,0.0003,1,3.7,Embedding
2442,20250217,1427,38,5,5,1,2,506,730,1236,286,0.0043,1,,Chat
2443,20250322,1622,36,5,1,1,2,134,20,154,307,0.0003,1,,Chat
2444,20250607,830,50,6,2,2,4,549,255,804,435,0.0001,1,4.0,Chat
2445,20250131,1501,48,2,1,4,3,772,672,1444,316,0.0005,1,,Chat
2446,20250517,1259,50,6,3,6,2,1744,128,1872,311,0.0002,1,4.7,Chat
2447,20250215,738,64,2,1,2,2,799,389,1188,444,0.0004,1,,Completion
2448,20250205,704,35,3,3,1,3,734,1314,2048,726,0.0219,1,4.0,Completion
2449,20250429,1435,64,2,1,1,2,281,199,480,402,0.0002,1,,Embedding
2450,20250526,1329,64,3,4,1,2,1949,539,2488,380,0.0139,1,3.4,Chat
2451,20250516,1708,79,4,1,1,2,1046,2344,3390,180,0.0032,1,,Completion
2452,20250615,1746,57,6,7,1,2,204,377,581,375,0.0001,1,,Vision
2453,20250413,549,63,4,1,1,4,553,204,757,211,0.0004,1,3.6,Completion
2454,20250221,1500,55,3,6,4,4,4107,530,4637,696,0.0203,1,,Embedding
2455,20250316,1432,67,5,1,5,1,666,130,796,388,0.0015,1,4.7,Completion
2456,20250622,1536,58,5,1,6,2,948,166,1114,234,0.002,1,,Chat
2457,20250628,1313,11,6,4,3,3,167,78,245,221,0.0,1,,Completion
2458,20250204,1601,77,1,6,5,4,697,228,925,464,0.0069,1,,Chat
2459,20250609,1223,34,3,6,1,2,940,4000,4940,889,0.0628,1,4.2,Chat
2460,20250326,1818,14,1,4,5,1,4309,233,4542,371,0.025,1,,Completion
2461,20250225,933,7,3,4,3,1,5087,357,5444,365,0.0206,1,,Completion
2462,20250311,1215,8,4,1,3,1,536,414,950,304,0.0007,1,,Embedding
2463,20250312,1032,14,2,4,4,2,1232,191,1423,264,0.0003,1,,Chat
2464,20250414,1633,14,2,1,1,3,373,203,576,337,0.0002,1,,Chat
2465,20250110,1009,78,2,5,2,1,470,529,999,481,0.0004,1,,Completion
2466,20250504,1644,27,2,3,3,3,1017,518,1535,174,0.0005,1,3.9,Vision
2467,20250527,1430,73,2,5,6,1,647,434,1081,291,0.0004,1,,Chat
2468,20250502,1555,9,4,3,3,2,502,347,849,159,0.0006,1,3.3,Vision
2469,20250531,1222,9,3,2,1,3,5382,814,6196,645,0.0284,1,,Chat
2470,20250511,2110,76,2,2,1,2,195,128,323,447,0.0001,1,,Completion
2471,20250118,1443,6,1,6,3,2,1050,192,1242,751,0.0081,1,,Vision
2472,20250102,1609,26,2,2,4,1,248,293,541,247,0.0002,1,3.5,Embedding
2473,20250307,1520,29,1,5,2,3,437,1977,2414,858,0.0318,1,,Completion
2474,20250420,1206,39,1,1,5,2,1078,528,1606,472,0.0133,1,4.2,Embedding
2475,20250103,1240,17,6,1,5,4,521,1301,1822,372,0.0004,1,,Completion
2476,20250130,1707,59,4,1,2,3,927,127,1054,275,0.0004,1,,Chat
2477,20250101,1749,26,1,5,3,4,380,1101,1481,1178,0.0184,1,4.8,Chat
2478,20250622,1818,38,1,1,4,1,5508,740,6248,870,0.0386,1,,Vision
2479,20250501,1106,58,2,4,4,3,1361,576,1937,308,0.0005,1,,Completion
2480,20250128,1924,61,5,7,3,3,409,281,690,289,0.0019,1,,Chat
2481,20250624,924,79,2,5,2,1,815,76,891,382,0.0002,1,3.7,Chat
2482,20250205,1443,37,1,4,1,4,795,272,1067,596,0.0081,1,,Chat
2483,20250529,1604,12,2,1,3,1,1088,181,1269,197,0.0003,1,4.3,Chat
2484,20250130,1621,7,1,4,2,2,650,637,1287,678,0.0128,1,,Chat
2485,20250412,1545,9,5,2,3,1,1440,112,1552,120,0.0024,1,3.2,Chat
2486,20250430,1158,34,1,2,2,2,8115,4000,12115,1066,0.1006,1,,Completion
2487,20250402,1331,27,5,1,1,3,133,45,178,219,0.0004,1,,Chat
2488,20250510,1359,32,3,2,1,2,4917,1372,6289,701,0.0353,1,,Embedding
2489,20250507,1044,12,3,1,1,4,512,766,1278,808,0.013,1,,Chat
2490,20250601,1557,34,1,3,1,3,475,1116,1591,746,0.0191,1,,Completion
2491,20250106,934,19,2,1,1,4,328,593,921,257,0.0004,1,3.7,Completion
2492,20250313,2013,44,4,1,2,3,1044,218,1262,278,0.0005,1,,Chat
2493,20250302,1420,26,6,1,1,3,345,152,497,348,0.0001,1,,Embedding
2494,20250123,1758,2,2,4,4,2,1145,1197,2342,226,0.0009,1,,Completion
2495,20250130,2046,67,3,3,1,3,544,229,773,249,0.0051,1,,Embedding
2496,20250327,1244,30,3,1,2,4,809,991,1800,705,0.0173,1,4.2,Vision
2497,20250309,945,7,4,4,1,3,467,240,707,120,0.0004,1,,Chat
2498,20250512,1050,4,1,2,1,4,619,2349,2968,693,0.0383,1,3.4,Completion
2499,20250428,1657,39,3,2,6,3,299,1871,2170,946,0.029,1,4.0,Chat
2500,20250110,622,12,2,4,1,4,352,503,855,343,0.0004,1,,Completion
2501,20250604,1128,26,4,1,3,3,505,198,703,290,0.0004,1,3.5,Completion
2502,20250502,1826,30,6,5,1,2,332,773,1105,203,0.0003,1,,Chat
2503,20250511,1031,13,4,2,2,3,1389,723,2112,363,0.0013,1,,Chat
2504,20250520,833,56,3,5,1,4,840,1315,2155,659,0.0222,1,,Chat
2505,20250413,911,59,4,2,4,3,1004,179,1183,455,0.0005,1,4.0,Chat
2506,20250614,2025,58,5,3,2,3,1145,1050,2195,286,0.0067,1,,Embedding
2507,20250605,1700,69,1,3,3,3,5870,759,6629,591,0.0407,1,,Chat
2508,20250503,729,62,2,3,1,2,617,665,1282,372,0.0005,1,4.3,Chat
2509,20250107,1620,69,2,3,1,3,408,61,469,231,0.0001,1,4.5,Vision
2510,20250504,1235,43,1,2,5,3,979,1083,2062,1101,0.0211,1,,Vision
2511,20250124,1434,45,1,7,4,4,1078,470,1548,678,0.0124,1,3.4,Vision
2512,20250102,1045,6,3,1,5,2,1510,923,2433,697,0.0184,1,4.3,Completion
2513,20250113,1540,60,3,2,4,3,2066,111,2177,794,0.0079,1,3.5,Chat
2514,20250614,1132,9,1,5,1,3,447,210,657,748,0.0054,1,,Chat
2515,20250330,1309,77,1,5,1,3,249,947,1196,322,0.0154,0,4.7,Chat
2516,20250104,1450,6,1,1,2,2,1700,1395,3095,1055,0.0294,1,,Chat
2517,20250205,816,55,1,1,1,2,1270,462,1732,748,0.0133,1,,Chat
2518,20250507,1456,42,2,5,3,4,484,227,711,170,0.0002,1,4.4,Chat
2519,20250307,1703,64,2,4,2,4,1005,720,1725,249,0.0006,1,,Chat
2520,20250326,1146,33,1,4,1,2,455,846,1301,413,0.015,1,,Chat
2521,20250220,2142,66,3,3,4,2,362,780,1142,1006,0.0128,1,3.6,Chat
2522,20250420,1640,71,4,1,5,2,779,145,924,144,0.0004,1,,Chat
2523,20250108,1755,20,2,2,1,2,2579,227,2806,168,0.0005,1,,Chat
2524,20250616,426,21,2,6,5,2,275,299,574,436,0.0002,1,,Chat
2525,20250602,1644,56,5,1,1,4,875,235,1110,222,0.0023,1,,Chat
2526,20250602,1911,5,4,5,1,1,796,55,851,213,0.0003,1,,Chat
2527,20250220,1036,78,5,1,1,2,406,532,938,269,0.0032,1,,Chat
2528,20250612,1350,35,4,6,4,3,2169,182,2351,462,0.0008,1,,Vision
2529,20250524,1122,43,1,3,1,2,1464,460,1924,678,0.0142,1,3.4,Completion
2530,20250125,1519,72,1,7,1,2,2066,294,2360,394,0.0147,1,3.3,Embedding
2531,20250506,39,29,3,5,3,3,825,1169,1994,284,0.02,1,,Chat
2532,20250528,1201,46,4,4,1,1,593,493,1086,120,0.0008,1,,Chat
2533,20250216,1451,49,1,2,1,3,424,819,1243,414,0.0144,1,3.3,Chat
2534,20250329,1005,38,1,1,3,2,1018,221,1239,541,0.0084,1,,Vision
2535,20250125,905,42,4,5,3,3,127,784,911,152,0.001,1,,Chat
2536,20250417,1308,5,5,1,3,3,1309,195,1504,199,0.0026,1,,Chat
2537,20250123,1442,18,2,1,1,1,1819,122,1941,265,0.0003,1,,Vision
2538,20250126,711,33,4,5,3,3,466,340,806,196,0.0005,1,3.7,Chat
2539,20250116,1227,80,6,4,2,1,187,352,539,383,0.0001,1,4.7,Chat
2540,20250422,947,10,4,1,3,2,379,506,885,398,0.0007,1,3.8,Completion
2541,20250623,845,17,4,5,2,4,571,420,991,269,0.0007,1,,Completion
2542,20250516,458,30,1,1,4,2,2210,2548,4758,676,0.0493,1,,Chat
2543,20250207,923,8,2,7,3,3,419,1486,1905,369,0.001,1,3.7,Chat
2544,20250307,1608,32,3,3,4,2,1912,321,2233,604,0.0106,1,,Chat
2545,20250601,1301,38,2,3,1,3,1090,1191,2281,389,0.0009,1,,Chat
2546,20250607,823,56,1,6,1,2,1675,1211,2886,790,0.0265,1,,Embedding
2547,20250131,1143,62,4,6,3,3,9160,111,9271,173,0.0024,1,3.9,Completion
2548,20250117,1458,44,1,4,2,1,11123,271,11394,589,0.0597,1,,Chat
2549,20250506,1814,65,5,1,3,3,654,248,902,335,0.0021,1,3.4,Chat
2550,20250422,1549,59,2,6,4,2,1681,990,2671,310,0.0008,1,,Chat
2551,20250330,1554,38,3,4,2,2,1659,957,2616,662,0.0193,1,,Completion
2552,20250215,1300,2,2,1,1,2,1952,1198,3150,132,0.001,1,,Completion
2553,20250321,1440,28,3,3,2,1,672,447,1119,741,0.0087,1,4.3,Chat
2554,20250103,1638,35,2,2,1,3,601,64,665,185,0.0001,1,,Chat
2555,20250207,1715,69,4,2,1,3,56,906,962,331,0.0011,1,,Chat
2556,20250119,1903,23,1,1,2,1,1098,84,1182,747,0.0068,1,3.6,Chat
2557,20250518,1942,31,1,3,1,1,3376,320,3696,669,0.0217,1,,Chat
2558,20250514,1107,50,1,3,1,3,590,1491,2081,377,0.0253,1,,Chat
2559,20250616,1044,12,5,1,2,3,246,93,339,294,0.0008,1,3.9,Chat
2560,20250217,1802,62,4,3,1,3,563,91,654,362,0.0003,1,,Chat
2561,20250427,2007,2,4,1,1,3,371,219,590,330,0.0004,1,3.9,Completion
2562,20250225,2029,24,4,4,4,2,416,106,522,341,0.0002,1,,Completion
2563,20250403,1716,39,5,3,1,2,668,205,873,377,0.0019,1,,Chat
2564,20250427,1627,24,3,2,2,1,621,630,1251,342,0.0113,1,4.0,Completion
2565,20250419,1615,19,1,5,2,2,1030,397,1427,642,0.0111,1,,Chat
2566,20250107,1423,29,2,5,5,2,1488,545,2033,264,0.0006,1,3.4,Chat
2567,20250205,1713,22,5,2,1,4,953,229,1182,267,0.0023,1,,Completion
2568,20250408,1311,51,2,2,1,2,1048,241,1289,241,0.0003,1,3.6,Chat
2569,20250214,2140,39,3,1,2,3,3428,292,3720,779,0.0147,1,,Chat
2570,20250417,1416,27,1,3,6,3,1981,685,2666,920,0.0202,1,,Chat
2571,20250106,1513,62,2,7,2,3,628,801,1429,302,0.0006,1,,Vision
2572,20250413,1446,30,1,1,1,3,1833,550,2383,652,0.0174,1,,Completion
2573,20250130,1142,77,3,1,6,3,631,233,864,333,0.0054,1,,Chat
2574,20250407,1047,7,2,1,1,4,568,360,928,253,0.0003,1,3.4,Chat
2575,20250106,405,25,1,3,1,1,6467,1689,8156,751,0.0577,1,,Completion
2576,20250623,2128,43,6,2,1,4,275,1643,1918,185,0.0005,1,,Embedding
2577,20250607,1428,75,3,1,2,4,374,610,984,737,0.0103,1,3.5,Embedding
2578,20250417,1322,43,1,1,1,4,2734,661,3395,531,0.0236,1,4.3,Completion
2579,20250611,1151,28,6,6,1,1,1379,189,1568,369,0.0002,1,,Completion
2580,20250213,1838,13,2,1,6,2,148,865,1013,481,0.0005,1,,Embedding
2581,20250602,1519,54,2,1,4,2,1140,797,1937,253,0.0006,1,4.8,Chat
2582,20250615,1437,76,1,6,1,4,359,686,1045,763,0.0121,1,4.2,Vision
2583,20250120,1627,64,4,1,1,4,1735,170,1905,227,0.0006,0,4.6,Completion
2584,20250303,2104,16,1,1,6,2,1152,727,1879,634,0.0167,1,,Chat
2585,20250304,1030,8,3,5,1,3,6792,364,7156,393,0.0258,1,,Completion
2586,20250302,1243,54,2,5,2,2,109,189,298,185,0.0001,1,,Completion
2587,20250611,1609,78,1,2,1,3,683,1398,2081,968,0.0244,1,4.9,Chat
2588,20250324,1735,24,2,1,4,3,547,372,919,130,0.0003,1,4.5,Vision
2589,20250128,1352,23,6,1,2,2,306,595,901,532,0.0002,1,3.5,Embedding
2590,20250308,1506,46,1,3,1,3,182,427,609,677,0.0073,1,,Completion
2591,20250304,1400,78,2,1,2,3,344,406,750,158,0.0003,1,,Completion
2592,20250420,1044,76,3,5,4,3,2554,229,2783,772,0.0111,1,,Completion
2593,20250606,838,72,3,1,1,3,7823,288,8111,599,0.0278,1,,Chat
2594,20250418,1525,12,3,6,1,4,761,689,1450,780,0.0126,1,3.6,Vision
2595,20250131,1730,18,2,7,2,3,1356,285,1641,265,0.0004,1,,Vision
2596,20250311,2306,22,4,1,1,2,1563,150,1713,289,0.0006,1,,Completion
2597,20250217,1246,32,4,5,1,3,588,116,704,239,0.0003,1,4.8,Chat
2598,20250522,2155,38,3,4,1,2,2390,56,2446,926,0.008,1,5.0,Chat
2599,20250320,1828,77,4,1,4,2,481,607,1088,195,0.0009,1,,Vision
2600,20250417,1217,44,1,5,2,1,5994,464,6458,224,0.0369,1,,Chat
2601,20250219,1329,9,2,2,3,3,619,914,1533,281,0.0006,1,4.3,Chat
2602,20250409,1255,23,2,1,3,1,1703,366,2069,206,0.0005,1,,Completion
2603,20250528,1837,24,1,1,2,3,1625,603,2228,690,0.0172,0,4.9,Chat
2604,20250603,911,55,2,2,2,4,413,331,744,260,0.0003,1,,Chat
2605,20250219,1938,70,3,1,1,4,1664,1355,3019,652,0.0253,1,,Completion
2606,20250317,1800,20,4,1,1,3,951,334,1285,278,0.0007,1,,Chat
2607,20250518,1038,67,1,2,1,2,2223,579,2802,535,0.0198,1,3.6,Chat
2608,20250110,1832,33,6,5,2,4,215,230,445,380,0.0001,1,,Embedding
2609,20250204,1535,80,1,1,2,2,1276,763,2039,690,0.0178,1,3.7,Chat
2610,20250612,757,72,5,3,1,4,485,1305,1790,215,0.0071,1,,Vision
2611,20250305,1236,2,3,6,5,4,779,554,1333,517,0.0106,1,,Embedding
2612,20250414,1521,61,2,2,1,1,794,637,1431,177,0.0005,1,,Embedding
2613,20250312,1208,44,3,1,4,3,1068,927,1995,469,0.0171,1,,Chat
2614,20250513,1727,49,1,1,3,3,4387,235,4622,538,0.0255,1,,Completion
2615,20250421,1137,3,1,1,3,3,12000,400,12400,1031,0.066,1,,Completion
2616,20250308,850,68,5,1,6,2,272,184,456,197,0.0013,1,,Vision
2617,20250101,1241,42,1,2,4,2,659,276,935,913,0.0074,1,,Chat
2618,20250525,1856,34,6,4,2,3,1563,515,2078,289,0.0003,1,3.7,Chat
2619,20250325,1201,67,6,3,3,2,282,449,731,164,0.0002,1,,Chat
2620,20250228,1031,74,4,1,1,2,1877,1661,3538,318,0.0025,1,4.7,Completion
2621,20250531,1810,69,1,1,2,1,1047,168,1215,789,0.0078,1,,Chat
2622,20250518,1620,31,6,6,1,4,709,268,977,374,0.0001,1,,Chat
2623,20250611,1026,10,1,2,4,3,617,230,847,669,0.0065,1,4.4,Completion
2624,20250220,920,50,4,2,2,1,359,181,540,254,0.0003,1,4.5,Chat
2625,20250603,821,49,4,6,1,3,719,953,1672,293,0.0014,1,,Completion
2626,20250506,2029,19,1,1,5,4,5084,1259,6343,666,0.0443,1,,Chat
2627,20250419,1413,25,5,2,2,1,1322,236,1558,120,0.0028,1,,Chat
2628,20250301,1506,32,3,2,4,2,432,241,673,650,0.0049,1,,Chat
2629,20250425,1356,7,1,2,2,3,326,704,1030,869,0.0122,1,4.0,Chat
2630,20250410,915,18,2,2,2,3,2090,87,2177,487,0.0004,1,,Chat
2631,20250506,1252,78,1,3,5,4,1549,99,1648,635,0.0092,1,,Vision
2632,20250509,1445,37,5,3,3,3,615,204,819,187,0.0018,1,,Embedding
2633,20250303,1830,4,2,2,1,4,683,1223,1906,228,0.0008,1,,Chat
2634,20250430,1222,54,1,6,1,4,3027,128,3155,373,0.0171,1,,Chat
2635,20250116,1839,27,2,1,4,3,231,70,301,463,0.0001,1,,Completion
2636,20250412,822,48,1,6,3,3,1610,642,2252,120,0.0177,1,4.5,Completion
2637,20250404,1215,55,2,3,6,2,995,446,1441,368,0.0004,1,3.6,Completion
2638,20250110,1216,2,6,2,1,3,1263,183,1446,141,0.0001,1,,Completion
2639,20250418,804,47,1,1,1,2,310,1570,1880,305,0.0251,1,,Completion
2640,20250521,1506,12,3,5,4,4,1026,545,1571,960,0.0113,1,3.6,Vision
2641,20250501,1228,40,4,1,2,2,1153,341,1494,265,0.0007,1,4.4,Completion
2642,20250416,2325,75,3,4,1,3,316,2048,2364,799,0.0317,1,,Embedding
2643,20250405,1225,18,3,1,3,3,6831,103,6934,531,0.022,1,,Chat
2644,20250627,914,30,3,3,1,2,2022,209,2231,748,0.0092,1,4.5,Chat
2645,20250609,1334,31,5,6,1,4,432,459,891,253,0.0028,1,,Chat
2646,20250109,919,49,1,1,5,3,12000,378,12378,145,0.0657,1,,Chat
2647,20250328,1010,65,3,6,1,3,377,1319,1696,723,0.0209,1,3.7,Chat
2648,20250227,1550,22,1,3,1,1,925,461,1386,565,0.0115,1,,Embedding
2649,20250416,1319,53,6,3,3,3,1410,439,1849,329,0.0002,1,,Chat
2650,20250622,1512,65,1,1,1,2,3243,791,4034,731,0.0281,1,,Chat
2651,20250331,1813,11,1,7,2,2,688,266,954,380,0.0074,1,,Completion
2652,20250329,1456,42,2,1,1,3,125,489,614,269,0.0003,1,,Embedding
2653,20250522,1824,22,3,4,3,4,684,496,1180,905,0.0095,1,,Embedding
2654,20250225,1934,23,6,1,2,3,360,385,745,308,0.0001,1,,Completion
2655,20250115,1512,6,2,5,2,3,525,981,1506,120,0.0007,1,3.7,Chat
2656,20250127,1244,21,1,4,6,2,2096,929,3025,957,0.0244,1,,Chat
2657,20250214,1804,14,5,7,4,4,514,997,1511,210,0.0056,1,4.8,Chat
2658,20250327,1756,11,6,1,2,2,3393,927,4320,290,0.0005,1,,Embedding
2659,20250317,1200,40,6,2,1,1,168,430,598,170,0.0001,1,,Completion
2660,20250607,1035,47,1,1,6,3,407,388,795,643,0.0079,1,,Chat
2661,20250325,1556,40,2,6,2,3,387,819,1206,259,0.0005,1,,Completion
2662,20250310,1021,77,1,3,1,4,1679,3886,5565,726,0.0667,1,,Completion
2663,20250627,1247,14,6,6,4,1,168,274,442,303,0.0001,1,,Completion
2664,20250612,1208,68,1,1,4,4,253,268,521,980,0.0053,1,4.6,Chat
2665,20250612,1951,11,3,2,2,1,551,1140,1691,381,0.0188,1,,Chat
2666,20250108,1933,19,3,2,3,3,1711,1483,3194,259,0.0274,1,4.2,Vision
2667,20250507,1608,46,1,1,1,2,1329,1351,2680,858,0.0269,1,,Chat
2668,20250310,1435,60,4,1,1,4,387,640,1027,274,0.0009,1,,Chat
2669,20250123,1018,45,5,3,5,1,290,94,384,229,0.0008,1,,Embedding
2670,20250630,1859,3,2,7,5,4,780,210,990,358,0.0002,1,,Chat
2671,20250309,1000,24,1,2,1,1,1473,507,1980,827,0.015,1,,Chat
2672,20250329,702,78,2,2,4,3,309,82,391,254,0.0001,1,4.8,Completion
2673,20250222,1802,34,6,3,1,2,422,213,635,365,0.0001,1,,Completion
2674,20250511,1859,68,2,5,1,3,614,591,1205,174,0.0004,1,,Chat
2675,20250119,1913,31,2,7,6,3,4600,514,5114,120,0.001,1,,Chat
2676,20250126,1151,12,1,6,4,1,2472,403,2875,939,0.0184,1,3.9,Vision
2677,20250528,1639,11,2,3,3,2,352,339,691,192,0.0003,1,,Chat
2678,20250324,1346,76,1,4,1,4,769,1837,2606,1131,0.0314,1,4.5,Chat
2679,20250113,823,73,1,4,1,3,195,476,671,304,0.0081,1,,Completion
2680,20250613,1403,28,3,6,6,2,2832,2488,5320,695,0.0458,1,3.6,Completion
2681,20250414,1352,67,2,1,2,4,112,337,449,286,0.0002,1,,Chat
2682,20250405,1649,22,4,2,3,3,351,228,579,135,0.0004,1,,Completion
2683,20250129,433,1,5,1,5,3,245,86,331,312,0.0007,1,3.6,Chat
2684,20250505,1158,55,3,2,2,2,781,236,1017,120,0.0059,1,,Chat
2685,20250313,2036,35,6,1,4,2,270,232,502,137,0.0001,1,,Chat
2686,20250330,1743,42,1,2,1,4,1546,274,1820,560,0.0118,1,4.3,Vision
2687,20250123,2043,36,4,2,2,3,622,283,905,187,0.0005,1,,Vision
2688,20250131,653,42,2,6,5,2,575,435,1010,387,0.0003,1,4.3,Chat
2689,20250119,549,41,1,1,3,2,434,346,780,649,0.0074,1,,Chat
2690,20250113,1336,2,1,2,2,2,1185,886,2071,444,0.0192,1,,Chat
2691,20250122,1748,5,1,6,2,2,2066,444,2510,1014,0.017,1,,Completion
2692,20250225,2019,70,1,6,1,3,3404,34,3438,1009,0.0175,1,,Chat
2693,20250617,1744,56,2,1,3,3,4047,945,4992,434,0.0012,1,4.3,Chat
2694,20250102,1704,71,1,1,1,4,5160,4000,9160,699,0.0858,1,3.6,Completion
2695,20250127,759,63,2,6,2,4,504,460,964,287,0.0004,1,4.0,Chat
2696,20250505,954,56,1,1,2,3,262,297,559,833,0.0058,1,,Vision
2697,20250412,2059,27,3,1,1,3,3349,1643,4992,631,0.0347,1,,Completion
2698,20250415,728,45,1,3,1,3,849,470,1319,536,0.0113,1,,Chat
2699,20250324,1446,46,3,5,1,1,2082,1353,3435,586,0.0265,1,,Embedding
2700,20250323,635,44,1,1,1,3,826,627,1453,928,0.0135,1,,Chat
2701,20250310,1118,66,2,1,3,2,1054,422,1476,284,0.0004,1,4.2,Completion
2702,20250628,1736,73,1,2,1,3,691,348,1039,647,0.0087,1,,Chat
2703,20250318,1106,36,2,2,1,3,1050,180,1230,302,0.0003,1,,Chat
2704,20250514,1348,23,1,1,5,3,1660,388,2048,572,0.0141,1,4.6,Chat
2705,20250530,1457,41,3,1,2,2,1639,599,2238,1037,0.0139,1,3.8,Completion
2706,20250421,1034,29,1,5,1,4,1256,134,1390,734,0.0083,1,,Chat
2707,20250310,949,75,2,3,6,3,517,240,757,307,0.0002,1,,Chat
2708,20250403,1137,27,6,4,1,1,389,1119,1508,307,0.0004,1,3.3,Chat
2709,20250315,1139,30,1,2,1,3,1042,2872,3914,596,0.0483,1,3.3,Embedding
2710,20250430,1132,47,1,3,1,2,675,357,1032,514,0.0087,1,3.6,Chat
2711,20250616,823,43,6,4,1,2,241,163,404,337,0.0001,1,,Chat
2712,20250105,1253,71,1,1,1,2,1088,2011,3099,944,0.0356,1,,Completion
2713,20250509,1206,47,5,2,2,4,376,158,534,347,0.0013,1,,Chat
2714,20250219,1326,16,5,3,5,3,469,165,634,204,0.0014,1,4.5,Completion
2715,20250413,1551,33,3,2,1,3,359,1548,1907,528,0.0243,1,,Completion
2716,20250316,1307,32,1,4,2,3,351,594,945,575,0.0107,1,,Completion
2717,20250414,1302,48,6,3,1,4,2501,384,2885,202,0.0003,1,4.3,Chat
2718,20250127,1128,6,1,2,3,1,2428,2066,4494,714,0.0431,1,,Chat
2719,20250215,1633,77,4,1,1,3,1151,1103,2254,120,0.0017,1,,Chat
2720,20250620,1635,31,4,1,4,3,1612,105,1717,193,0.0005,1,,Chat
2721,20250303,1023,63,2,1,6,3,345,219,564,303,0.0002,1,,Completion
2722,20250518,1713,69,3,1,1,1,3949,271,4220,457,0.0159,1,3.6,Embedding
2723,20250113,1938,25,5,5,3,1,1190,354,1544,326,0.0033,1,,Chat
2724,20250322,1330,29,3,7,1,2,2263,437,2700,711,0.0133,1,,Chat
2725,20250220,745,3,4,6,6,2,358,185,543,243,0.0003,1,,Completion
2726,20250610,1027,47,3,6,3,2,785,142,927,774,0.0045,1,,Chat
2727,20250302,1357,54,5,3,6,2,143,162,305,312,0.001,1,,Vision
2728,20250410,1127,67,4,5,1,3,355,310,665,313,0.0005,1,4.7,Completion
2729,20250324,855,22,6,5,1,2,1091,167,1258,278,0.0001,1,,Vision
2730,20250327,1351,19,3,5,2,4,790,227,1017,585,0.0058,1,5.0,Completion
2731,20250629,2013,48,2,1,3,2,195,1391,1586,254,0.0009,1,,Chat
2732,20250620,1454,69,2,1,2,3,250,171,421,230,0.0001,1,,Chat
2733,20250206,903,44,2,2,2,1,551,233,784,461,0.0002,1,,Completion
2734,20250512,919,55,1,3,2,4,1484,761,2245,406,0.0188,1,,Embedding
2735,20250108,1604,22,5,7,1,3,464,39,503,344,0.0008,1,,Chat
2736,20250213,934,57,2,7,5,1,259,592,851,245,0.0004,1,,Chat
2737,20250112,1746,62,3,6,2,2,4492,326,4818,830,0.0184,1,,Completion
2738,20250206,1047,49,2,1,2,3,4963,183,5146,380,0.0009,1,4.0,Chat
2739,20250111,1718,19,5,4,1,1,884,186,1070,265,0.002,1,,Chat
2740,20250112,514,29,1,1,2,4,1676,838,2514,680,0.0209,1,,Chat
2741,20250318,206,60,2,2,2,3,212,174,386,308,0.0001,1,3.3,Completion
2742,20250526,1502,33,4,1,3,2,570,566,1136,179,0.0008,1,,Completion
2743,20250630,1638,15,3,1,1,4,2153,861,3014,608,0.0194,1,4.2,Completion
2744,20250529,2125,19,2,3,1,4,1036,145,1181,304,0.0002,1,3.7,Chat
2745,20250205,1749,51,2,1,2,3,391,833,1224,317,0.0006,1,,Chat
2746,20250521,445,4,1,1,2,3,1807,409,2216,772,0.0152,1,,Chat
2747,20250520,1714,48,1,6,5,2,1628,2927,4555,609,0.052,1,,Chat
2748,20250325,1654,31,5,4,1,2,1372,304,1676,356,0.0032,1,4.9,Chat
2749,20250121,1119,21,1,4,1,1,877,172,1049,704,0.007,1,,Chat
2750,20250612,1537,66,5,1,1,2,1922,647,2569,252,0.0056,1,,Chat
2751,20250507,905,64,1,5,4,3,2064,1728,3792,821,0.0362,1,,Chat
2752,20250119,1808,39,2,3,5,4,549,222,771,207,0.0002,1,,Chat
2753,20250601,1320,72,2,7,1,4,619,393,1012,267,0.0003,1,,Completion
2754,20250620,1327,60,1,3,4,2,616,1472,2088,667,0.0252,1,3.7,Chat
2755,20250623,1340,59,6,4,3,3,339,106,445,408,0.0001,1,3.3,Completion
2756,20250426,1621,54,4,1,1,2,154,631,785,370,0.0008,1,,Embedding
2757,20250313,1457,70,1,6,1,1,6621,739,7360,327,0.0442,1,3.7,Embedding
2758,20250410,1501,45,2,5,4,3,829,197,1026,336,0.0002,1,,Chat
2759,20250529,745,47,1,3,4,4,3606,261,3867,425,0.0219,1,,Chat
2760,20250411,1319,61,1,1,2,4,2065,703,2768,481,0.0209,1,,Completion
2761,20250208,1110,59,2,2,1,3,239,272,511,385,0.0002,1,,Chat
2762,20250103,1338,75,2,7,3,3,1441,1138,2579,222,0.0009,1,,Chat
2763,20250602,1311,76,5,5,1,2,4694,1127,5821,120,0.0115,1,,Completion
2764,20250502,1502,71,2,1,1,2,665,666,1331,206,0.0005,1,,Embedding
2765,20250526,1036,27,5,2,1,1,361,203,564,359,0.0015,1,,Chat
2766,20250118,942,57,2,3,5,4,379,72,451,378,0.0001,1,4.0,Chat
2767,20250415,1934,5,2,1,2,2,495,256,751,324,0.0002,1,,Chat
2768,20250206,1913,7,1,1,3,3,2015,310,2325,281,0.0147,1,,Chat
2769,20250525,916,49,2,5,4,4,710,189,899,299,0.0002,1,,Chat
2770,20250324,1149,51,3,4,1,2,464,196,660,1005,0.0043,1,3.4,Chat
2771,20250306,1733,34,2,6,1,2,3157,522,3679,237,0.0008,1,,Chat
2772,20250611,1948,75,2,7,1,1,645,398,1043,275,0.0003,1,,Chat
2773,20250324,215,1,1,2,1,1,6665,959,7624,725,0.0477,1,,Vision
2774,20250521,1333,55,6,2,4,3,770,198,968,340,0.0001,1,,Chat
2775,20250201,815,22,3,1,3,4,1613,1026,2639,604,0.0202,1,,Chat
2776,20250417,1559,52,5,4,3,2,272,145,417,303,0.0011,1,,Completion
2777,20250513,1631,21,1,5,2,3,205,988,1193,526,0.0158,1,,Chat
2778,20250528,1352,23,5,5,2,3,0,0,0,374,0.0,1,,Completion
2779,20250519,1435,24,2,1,1,2,471,299,770,327,0.0003,1,,Chat
2780,20250208,1501,11,1,1,2,2,1242,1699,2941,870,0.0317,1,4.5,Completion
2781,20250118,1525,35,1,6,1,2,1414,1123,2537,721,0.0239,1,,Chat
2782,20250203,1855,54,5,1,4,2,1494,139,1633,173,0.0026,1,,Chat
2783,20250312,1110,33,1,1,3,3,3555,134,3689,739,0.0198,1,4.5,Chat
2784,20250221,1500,25,3,5,1,3,4284,714,4998,344,0.0236,1,,Vision
2785,20250420,1003,2,1,1,2,2,410,361,771,608,0.0075,1,,Chat
2786,20250619,934,35,6,1,1,3,2498,107,2605,411,0.0002,1,,Completion
2787,20250508,1838,56,2,1,1,1,1492,183,1675,313,0.0003,1,,Completion
2788,20250524,809,16,1,1,1,1,3330,560,3890,556,0.0251,1,,Chat
2789,20250528,941,35,1,1,2,4,112,224,336,903,0.0039,1,,Completion
2790,20250324,1251,48,3,3,1,3,1130,1121,2251,1060,0.0202,1,,Chat
2791,20250430,1921,3,3,2,1,2,506,95,601,1186,0.0029,1,,Completion
2792,20250430,2352,72,1,5,1,2,1617,180,1797,869,0.0108,1,,Chat
2793,20250215,1319,9,2,1,5,2,600,706,1306,312,0.0005,1,,Vision
2794,20250429,930,56,5,4,1,4,496,579,1075,330,0.0035,1,,Chat
2795,20250429,1533,80,3,1,5,4,3406,426,3832,690,0.0166,1,,Embedding
2796,20250227,57,40,2,1,5,3,443,632,1075,241,0.0004,1,,Chat
2797,20250517,1241,35,1,6,1,4,472,1561,2033,774,0.0258,1,3.7,Completion
2798,20250103,1738,37,2,1,1,1,140,288,428,252,0.0002,1,,Chat
2799,20250202,1223,18,2,1,5,2,382,246,628,363,0.0002,1,3.3,Chat
2800,20250611,603,35,3,1,4,3,7921,953,8874,640,0.0381,1,,Chat
2801,20250412,1719,24,1,7,1,3,313,320,633,622,0.0064,1,4.9,Chat
2802,20250310,1908,67,3,5,5,3,1278,922,2200,515,0.0177,1,,Chat
2803,20250211,1510,40,2,3,3,2,3009,769,3778,272,0.0009,1,,Embedding
2804,20250627,1630,54,6,4,1,2,1118,508,1626,388,0.0002,1,,Chat
2805,20250211,1847,56,2,6,1,2,593,569,1162,242,0.0004,1,,Chat
2806,20250528,1002,3,2,1,1,3,521,309,830,120,0.0003,1,,Chat
2807,20250207,1728,39,5,2,4,3,55,3319,3374,427,0.0167,1,4.5,Chat
2808,20250201,1225,32,1,7,3,2,1352,802,2154,515,0.0188,1,,Completion
2809,20250527,1414,35,4,5,2,2,584,304,888,297,0.0005,1,3.6,Completion
2810,20250216,850,76,3,1,4,3,1393,702,2095,679,0.0147,0,4.1,Completion
2811,20250126,1357,66,1,2,1,3,4179,430,4609,701,0.0273,1,4.1,Chat
2812,20250419,1919,30,1,6,3,1,1237,737,1974,628,0.0172,1,3.7,Chat
2813,20250210,1803,59,1,4,2,2,1035,2036,3071,626,0.0357,1,3.8,Chat
2814,20250505,1045,4,1,1,1,1,2642,450,3092,791,0.02,1,,Chat
2815,20250311,309,7,5,1,2,4,668,223,891,175,0.002,1,,Completion
2816,20250210,1123,80,2,2,1,1,396,317,713,146,0.0002,1,,Chat
2817,20250120,1537,67,1,5,1,3,5251,785,6036,834,0.038,1,5.0,Vision
2818,20250606,1816,40,2,1,3,2,2024,1619,3643,231,0.0013,1,,Completion
2819,20250402,1131,41,5,1,3,4,1346,603,1949,356,0.0047,1,,Chat
2820,20250415,2115,36,4,1,2,3,671,474,1145,183,0.0008,1,,Chat
2821,20250618,2223,69,2,6,1,3,491,254,745,246,0.0002,1,,Chat
2822,20250322,1102,10,1,6,1,2,645,365,1010,339,0.0087,1,4.3,Completion
2823,20250120,1019,59,3,2,3,3,9404,1210,10614,860,0.0464,1,4.9,Chat
2824,20250121,1858,6,6,1,4,1,3465,73,3538,159,0.0003,1,,Completion
2825,20250515,1032,66,5,5,2,3,435,255,690,236,0.0018,1,,Chat
2826,20250523,1433,32,2,7,2,1,686,178,864,120,0.0002,1,,Chat
2827,20250602,1002,54,3,2,2,3,773,475,1248,393,0.0094,0,,Completion
2828,20250408,1230,21,2,7,4,3,240,296,536,174,0.0002,1,4.1,Chat
2829,20250622,1042,15,2,5,3,4,204,289,493,195,0.0002,1,3.5,Chat
2830,20250517,1714,4,1,2,1,3,2009,563,2572,468,0.0185,1,,Chat
2831,20250127,1541,48,5,5,2,4,1238,372,1610,437,0.0034,1,,Completion
2832,20250525,1502,34,1,2,1,2,3339,683,4022,803,0.0269,1,,Chat
2833,20250126,1005,63,2,2,4,2,440,444,884,313,0.0003,1,,Chat
2834,20250305,1659,39,3,5,4,2,4025,155,4180,428,0.0144,1,,Embedding
2835,20250204,1422,5,3,1,5,1,649,4000,4649,767,0.0619,1,,Chat
2836,20250303,1301,62,4,1,4,3,418,219,637,282,0.0004,1,4.1,Completion
2837,20250521,1430,37,1,5,4,1,848,464,1312,955,0.0112,1,3.4,Chat
2838,20250107,1942,42,1,7,6,2,1723,168,1891,772,0.0111,1,4.3,Chat
2839,20250223,2036,71,6,4,3,3,2281,616,2897,419,0.0004,1,,Chat
2840,20250104,1412,28,3,2,1,1,2510,315,2825,716,0.0123,1,,Chat
2841,20250227,1920,38,1,4,1,3,742,265,1007,672,0.0077,1,4.9,Vision
2842,20250525,1341,73,2,7,1,2,1193,224,1417,448,0.0003,1,,Chat
2843,20250514,838,13,2,3,2,2,2055,172,2227,120,0.0004,1,3.8,Chat
2844,20250203,1414,5,2,2,1,1,528,128,656,120,0.0002,1,3.9,Completion
2845,20250618,1323,11,2,6,6,2,1600,543,2143,285,0.0006,1,,Embedding
2846,20250104,1521,65,1,3,3,3,1303,154,1457,326,0.0088,1,,Chat
2847,20250515,1335,63,3,1,1,3,1140,1350,2490,822,0.0237,1,4.3,Chat
2848,20250411,1639,61,3,5,2,2,1012,162,1174,743,0.0055,1,,Embedding
2849,20250627,1635,34,5,1,1,1,77,162,239,212,0.0009,1,,Embedding
2850,20250318,1423,10,1,1,4,2,599,580,1179,602,0.0117,1,,Embedding
2851,20250611,1337,49,5,6,1,2,349,191,540,174,0.0014,1,,Completion
2852,20250107,1516,11,3,1,2,1,2371,289,2660,995,0.0114,1,,Chat
2853,20250607,1208,75,3,6,1,1,6186,327,6513,188,0.0235,1,,Chat
2854,20250524,1535,53,3,3,5,3,1717,621,2338,503,0.0145,1,3.3,Chat
2855,20250129,1354,14,1,1,1,1,803,451,1254,841,0.0108,0,,Chat
2856,20250210,1420,30,1,7,5,3,2465,482,2947,572,0.0196,1,,Completion
2857,20250527,947,1,1,1,1,2,925,25,950,515,0.005,1,5.0,Chat
2858,20250106,1312,9,1,4,2,3,2353,466,2819,729,0.0188,1,,Chat
2859,20250428,520,20,5,1,2,4,631,79,710,161,0.0012,1,,Chat
2860,20250309,1316,58,1,4,1,2,4799,856,5655,654,0.0368,1,,Vision
2861,20250228,1325,14,3,1,5,2,656,358,1014,747,0.0073,1,,Chat
2862,20250105,814,50,1,4,6,1,2423,416,2839,837,0.0184,1,,Chat
2863,20250412,1715,63,1,1,3,1,251,346,597,455,0.0064,1,,Chat
2864,20250212,620,13,6,3,3,2,262,2630,2892,339,0.0008,1,4.9,Chat
2865,20250524,2124,39,2,1,2,3,1402,175,1577,242,0.0003,1,,Embedding
2866,20250414,1651,32,3,3,2,3,2074,347,2421,306,0.0114,1,,Vision
2867,20250617,330,29,2,2,4,2,585,250,835,291,0.0002,1,,Completion
2868,20250129,1359,14,5,5,5,2,742,986,1728,267,0.0059,1,,Completion
2869,20250213,959,4,4,6,6,2,575,222,797,419,0.0004,1,3.4,Vision
2870,20250301,1842,30,2,6,2,2,732,111,843,159,0.0002,1,4.2,Chat
2871,20250503,1449,14,4,2,5,2,900,240,1140,232,0.0005,1,,Completion
2872,20250608,1144,40,2,6,5,3,651,43,694,172,0.0001,1,,Chat
2873,20250503,1141,79,2,2,3,3,1971,165,2136,297,0.0004,1,5.0,Chat
2874,20250510,1431,35,3,1,2,4,4904,1997,6901,636,0.0447,1,4.9,Completion
2875,20250619,1215,43,5,5,4,2,365,269,634,237,0.0018,1,4.1,Embedding
2876,20250312,1636,31,3,4,1,1,2039,1055,3094,936,0.0219,1,4.6,Embedding
2877,20250614,2106,72,2,7,2,2,744,840,1584,245,0.0006,1,3.8,Completion
2878,20250628,1851,51,1,4,2,2,3871,1568,5439,671,0.0429,1,,Vision
2879,20250517,1144,76,2,1,1,2,189,319,508,430,0.0002,1,4.9,Completion
2880,20250603,1245,30,3,2,2,4,2936,1341,4277,585,0.0289,1,,Chat
2881,20250208,1923,75,5,1,2,2,50,116,166,190,0.0006,1,,Embedding
2882,20250102,1003,7,1,1,5,2,1874,792,2666,739,0.0213,1,,Completion
2883,20250119,1626,55,1,5,1,4,517,189,706,740,0.0054,1,,Chat
2884,20250121,1108,66,1,1,4,3,278,1514,1792,967,0.0241,1,,Chat
2885,20250319,2042,68,3,3,1,3,1614,1090,2704,961,0.0212,1,,Completion
2886,20250414,1130,72,4,4,5,3,1807,417,2224,369,0.001,1,,Chat
2887,20250610,1415,60,1,4,2,3,4896,744,5640,312,0.0356,1,,Embedding
2888,20250119,1949,17,2,1,2,3,283,958,1241,271,0.0006,0,,Embedding
2889,20250315,1807,51,1,1,1,3,4166,905,5071,765,0.0344,1,4.3,Vision
2890,20250626,1540,15,1,1,1,2,178,673,851,396,0.011,1,4.1,Chat
2891,20250104,1453,36,3,3,2,3,427,195,622,1015,0.0042,1,4.2,Chat
2892,20250208,1856,69,3,1,1,2,1333,717,2050,593,0.0148,1,,Embedding
2893,20250308,1638,75,5,1,5,2,361,768,1129,255,0.0043,1,,Embedding
2894,20250308,1219,33,1,1,1,3,1368,343,1711,724,0.012,1,4.9,Embedding
2895,20250129,1155,65,4,2,3,3,1014,928,1942,209,0.0014,1,3.8,Vision
2896,20250324,1335,4,1,2,1,3,2124,397,2521,755,0.0166,1,3.8,Completion
2897,20250628,1656,50,3,4,3,3,3957,338,4295,435,0.0169,1,,Chat
2898,20250105,1245,20,3,1,1,1,508,1028,1536,385,0.0169,1,,Vision
2899,20250412,2346,51,2,1,1,3,2135,333,2468,365,0.0005,1,3.8,Chat
2900,20250531,736,80,3,1,3,2,12000,343,12343,622,0.0411,1,,Chat
2901,20250506,654,46,2,6,2,3,1030,128,1158,289,0.0002,1,,Chat
2902,20250119,1104,11,6,5,1,3,252,166,418,302,0.0001,1,3.9,Vision
2903,20250617,829,51,1,4,2,4,633,1130,1763,1242,0.0201,1,3.5,Vision
2904,20250520,1502,2,2,6,1,1,291,241,532,283,0.0002,1,,Chat
2905,20250613,1235,33,6,4,2,2,1499,397,1896,368,0.0002,1,,Vision
2906,20250515,1212,67,5,1,1,4,2192,286,2478,184,0.0042,1,,Chat
2907,20250217,2200,20,2,2,5,3,128,176,304,218,0.0001,1,4.3,Embedding
2908,20250422,43,9,3,1,2,4,8158,2487,10645,574,0.0618,1,,Completion
2909,20250325,2322,80,4,1,2,1,926,757,1683,297,0.0012,1,,Chat
2910,20250626,1334,39,6,6,1,1,530,276,806,339,0.0001,1,,Chat
2911,20250426,1508,2,5,1,1,2,646,1191,1837,120,0.0068,1,3.5,Completion
2912,20250613,1617,19,1,4,1,2,2745,1789,4534,635,0.0406,1,,Embedding
2913,20250108,1455,72,3,7,4,1,3590,2481,6071,581,0.048,1,,Completion
2914,20250523,1530,50,1,2,5,2,7176,80,7256,493,0.0371,1,3.6,Embedding
2915,20250126,1927,50,1,1,1,4,3993,988,4981,547,0.0348,1,,Chat
2916,20250126,1021,4,4,1,4,2,390,1231,1621,218,0.0016,1,3.9,Chat
2917,20250317,1406,17,6,6,1,1,0,0,0,227,0.0,1,4.7,Completion
2918,20250219,1307,13,6,2,2,3,146,83,229,280,0.0,1,3.8,Chat
2919,20250325,832,7,1,1,3,4,10993,84,11077,467,0.0562,1,4.0,Chat
2920,20250508,1425,40,2,2,1,1,478,129,607,186,0.0001,1,4.8,Chat
2921,20250325,1020,21,2,5,1,4,513,1735,2248,287,0.0011,1,,Chat
2922,20250122,1828,29,2,3,2,2,1049,851,1900,120,0.0007,1,,Vision
2923,20250102,1245,65,1,6,1,4,4949,349,5298,1050,0.03,1,,Embedding
2924,20250215,1938,17,2,5,4,2,436,215,651,180,0.0002,0,4.9,Chat
2925,20250112,1120,24,4,1,3,3,219,475,694,137,0.0006,1,,Chat
2926,20250624,1612,14,2,2,3,4,1170,80,1250,431,0.0002,1,,Completion
2927,20250424,1655,19,1,4,4,3,2834,292,3126,791,0.0186,1,,Completion
2928,20250516,1836,46,1,2,2,4,1213,4000,5213,660,0.0661,1,,Completion
2929,20250222,1812,15,1,2,5,2,1795,1049,2844,269,0.0247,1,,Completion
2930,20250203,1542,10,1,6,1,3,642,269,911,1046,0.0072,1,,Chat
2931,20250410,1357,36,3,1,3,4,491,427,918,354,0.0079,1,3.6,Embedding
2932,20250202,1929,77,3,4,2,4,668,995,1663,958,0.0169,1,,Chat
2933,20250514,1143,28,2,1,4,4,1073,137,1210,519,0.0002,1,,Chat
2934,20250607,1732,72,2,5,2,3,559,171,730,268,0.0002,1,,Chat
2935,20250114,1245,32,4,5,6,3,3857,116,3973,293,0.0011,1,,Completion
2936,20250617,1352,79,2,2,1,3,598,301,899,268,0.0003,1,4.0,Embedding
2937,20250426,1725,6,3,6,1,1,2462,896,3358,120,0.0208,1,,Completion
2938,20250318,1549,30,1,4,5,2,255,1112,1367,985,0.018,1,,Completion
2939,20250529,1041,44,4,1,4,2,525,198,723,401,0.0004,1,4.3,Chat
2940,20250630,1450,78,3,4,2,1,7542,891,8433,705,0.036,1,,Chat
2941,20250417,1442,43,2,3,1,3,1388,75,1463,288,0.0003,0,,Chat
2942,20250506,1353,5,3,7,1,2,2766,503,3269,413,0.0158,1,5.0,Completion
2943,20250625,1440,13,1,4,2,4,453,96,549,815,0.0037,1,3.2,Completion
2944,20250220,1645,25,2,3,2,2,1012,999,2011,214,0.0008,1,3.2,Embedding
2945,20250624,849,43,2,3,1,4,624,245,869,197,0.0002,1,3.4,Vision
2946,20250428,1315,21,1,5,4,2,726,105,831,549,0.0052,1,,Chat
2947,20250218,908,7,1,4,1,3,1688,322,2010,902,0.0133,1,4.1,Chat
2948,20250322,2023,46,2,3,5,3,1225,88,1313,427,0.0002,1,,Vision
2949,20250119,2012,33,5,1,1,1,676,1016,1692,225,0.0059,1,4.9,Completion
2950,20250128,635,21,3,5,4,1,626,3111,3737,310,0.0485,1,,Completion
2951,20250418,1320,2,6,1,3,3,685,213,898,236,0.0001,1,,Chat
2952,20250617,1445,31,1,6,5,3,763,155,918,698,0.0061,1,,Chat
2953,20250405,1823,33,2,4,1,1,1454,165,1619,157,0.0003,1,,Completion
2954,20250508,1231,1,1,7,1,2,6423,1111,7534,810,0.0488,1,,Embedding
2955,20250219,1736,53,2,5,1,1,971,365,1336,344,0.0004,1,4.4,Chat
2956,20250407,1146,73,1,1,3,2,325,1196,1521,931,0.0196,1,,Chat
2957,20250208,903,24,6,6,2,2,1393,1378,2771,279,0.0005,1,,Chat
2958,20250107,1058,60,1,1,4,1,1514,356,1870,509,0.0129,1,,Completion
2959,20250606,1502,40,1,1,2,2,269,152,421,654,0.0036,1,,Embedding
2960,20250625,1315,25,5,2,3,3,906,1626,2532,290,0.0093,1,,Completion
2961,20250616,1639,49,3,6,3,2,504,1248,1752,530,0.0202,1,3.8,Chat
2962,20250202,1456,72,1,1,2,4,1201,1605,2806,351,0.0301,1,4.0,Completion
2963,20250506,447,42,1,5,1,3,1082,939,2021,684,0.0195,1,,Completion
2964,20250627,1842,21,5,7,1,2,985,204,1189,120,0.0023,1,,Completion
2965,20250114,1357,71,6,7,1,4,1677,236,1913,282,0.0002,1,,Chat
2966,20250104,1554,53,3,2,3,2,485,1087,1572,1022,0.0178,1,,Embedding
2967,20250329,1311,33,3,6,6,2,433,564,997,143,0.0098,1,4.2,Completion
2968,20250628,1544,1,2,3,2,1,999,1372,2371,260,0.001,1,,Chat
2969,20250512,1532,79,2,6,6,1,0,0,0,130,0.0,1,,Chat
2970,20250207,1357,66,2,2,1,3,505,425,930,218,0.0003,1,,Completion
2971,20250507,1404,26,4,1,2,1,492,249,741,287,0.0004,1,,Chat
2972,20250120,1444,26,2,4,2,1,1319,298,1617,245,0.0004,1,,Chat
2973,20250206,1329,9,6,7,2,2,349,243,592,479,0.0001,1,3.4,Chat
2974,20250622,1043,48,4,1,2,2,517,237,754,255,0.0004,1,,Completion
2975,20250523,1201,34,1,3,6,3,1770,118,1888,885,0.0106,1,4.5,Chat
2976,20250404,1610,14,4,5,3,3,217,48,265,184,0.0001,1,,Chat
2977,20250419,1335,29,6,2,1,2,6783,524,7307,120,0.0007,1,,Completion
2978,20250325,1104,7,2,1,5,2,634,409,1043,151,0.0003,1,,Completion
2979,20250403,1301,72,1,4,1,1,653,210,863,709,0.0064,1,3.3,Chat
2980,20250630,1743,30,2,2,3,4,1417,538,1955,231,0.0005,1,3.2,Completion
2981,20250502,1617,78,3,6,1,3,1824,683,2507,510,0.0157,1,,Completion
2982,20250602,1255,42,5,2,1,3,710,2627,3337,309,0.014,1,,Chat
2983,20250308,1142,79,5,1,1,3,314,217,531,493,0.0015,1,3.4,Chat
2984,20250124,1257,47,2,4,2,1,1504,239,1743,305,0.0004,1,4.0,Completion
2985,20250527,1749,51,3,1,2,2,756,327,1083,1027,0.0072,1,,Chat
2986,20250323,1721,68,1,4,1,4,2953,1271,4224,754,0.0338,1,4.6,Chat
2987,20250513,2232,51,3,5,2,3,1399,1041,2440,319,0.0198,1,4.3,Chat
2988,20250112,1043,37,1,5,1,2,403,2019,2422,120,0.0323,1,3.8,Completion
2989,20250323,1209,32,3,2,1,2,67,273,340,538,0.0043,1,,Chat
2990,20250406,1951,67,5,1,6,4,950,162,1112,384,0.002,1,4.2,Chat
2991,20250602,1414,42,2,3,2,4,688,118,806,182,0.0002,1,3.8,Completion
2992,20250616,1017,26,1,4,1,3,1403,648,2051,1001,0.0167,1,,Chat
2993,20250209,1522,34,4,6,1,4,58,412,470,137,0.0005,1,,Completion
2994,20250528,1033,21,1,2,1,3,594,320,914,337,0.0078,1,,Vision
2995,20250501,1443,37,3,1,3,4,326,844,1170,1158,0.0136,1,,Chat
2996,20250127,830,59,2,1,1,2,514,38,552,250,0.0001,1,,Completion
2997,20250216,1631,59,6,6,1,2,1272,352,1624,367,0.0002,1,3.7,Embedding
2998,20250608,58,55,3,6,2,4,7422,366,7788,319,0.0278,1,,Chat
2999,20250326,1232,36,6,3,5,2,283,484,767,164,0.0002,1,,Chat
3000,20250529,1344,18,1,1,1,3,3096,546,3642,434,0.0237,1,,Embedding
3001,20250327,1842,59,1,2,3,2,204,440,644,640,0.0076,0,,Completion
3002,20250313,1453,20,1,6,2,1,1604,1074,2678,641,0.0241,1,3.7,Completion
3003,20250403,1226,9,2,5,1,1,460,196,656,357,0.0002,1,,Completion
3004,20250108,1142,60,4,1,5,4,1425,335,1760,228,0.0008,1,,Chat
3005,20250426,1640,17,5,7,1,1,345,568,913,300,0.0033,1,3.3,Embedding
3006,20250118,1134,63,6,1,5,3,1070,525,1595,393,0.0002,1,,Chat
3007,20250203,1740,14,2,6,2,4,1034,126,1160,519,0.0002,1,,Chat
3008,20250412,826,7,3,1,5,3,3460,906,4366,382,0.024,1,,Chat
3009,20250421,1320,46,3,3,2,2,1237,2080,3317,487,0.0349,1,4.1,Chat
3010,20250213,1258,10,3,3,2,2,129,3127,3256,406,0.0473,1,,Chat
3011,20250410,1537,35,3,6,1,4,1210,548,1758,834,0.0118,1,,Completion
3012,20250315,2028,69,1,3,1,3,1722,1121,2843,724,0.0254,1,3.3,Chat
3013,20250124,1850,59,1,4,4,3,843,1671,2514,902,0.0293,1,,Chat
3014,20250422,1818,67,1,1,4,4,692,512,1204,704,0.0111,1,,Embedding
3015,20250217,830,44,2,2,2,3,2794,326,3120,307,0.0006,1,,Chat
3016,20250425,1135,62,1,1,1,4,355,339,694,699,0.0069,1,4.9,Vision
3017,20250613,1640,35,1,1,2,4,1574,836,2410,573,0.0204,1,,Completion
3018,20250214,1512,55,6,4,2,2,2526,601,3127,359,0.0004,1,4.6,Embedding
3019,20250328,1533,28,2,4,1,2,171,135,306,324,0.0001,1,,Chat
3020,20250213,1335,17,6,5,1,3,988,1373,2361,351,0.0005,1,,Chat
3021,20250326,1921,20,5,1,1,2,724,166,890,274,0.0017,1,,Chat
3022,20250428,1041,58,4,4,1,3,2703,646,3349,331,0.0015,1,3.9,Vision
3023,20250413,1855,37,3,7,1,3,177,1052,1229,351,0.0163,1,3.9,Completion
3024,20250512,1342,36,5,2,1,4,502,579,1081,302,0.0035,1,4.4,Chat
3025,20250314,1934,21,1,1,1,4,733,1180,1913,686,0.0214,1,,Chat
3026,20250303,743,21,4,1,3,2,290,290,580,389,0.0004,1,,Completion
3027,20250505,1526,5,3,6,6,2,416,526,942,1109,0.0091,1,,Chat
3028,20250528,1432,32,1,1,3,2,965,960,1925,823,0.0192,1,4.5,Chat
3029,20250419,1235,46,1,5,1,2,2214,440,2654,813,0.0177,1,4.8,Completion
3030,20250222,1429,28,1,3,1,1,2168,292,2460,463,0.0152,1,,Chat
3031,20250428,1704,66,2,1,3,3,619,420,1039,249,0.0003,0,,Chat
3032,20250401,1731,38,2,4,2,4,384,294,678,357,0.0002,1,4.2,Vision
3033,20250204,1836,50,1,2,5,2,793,3872,4665,721,0.062,1,3.4,Chat
3034,20250609,922,29,5,7,1,1,927,238,1165,322,0.0023,1,,Chat
3035,20250621,1349,59,5,6,1,4,711,152,863,377,0.0016,1,,Chat
3036,20250611,945,79,4,2,1,4,245,451,696,437,0.0006,1,4.8,Chat
3037,20250502,1240,18,4,1,1,2,1249,822,2071,359,0.0013,1,,Chat
3038,20250218,1252,8,1,3,4,1,449,73,522,590,0.0033,1,,Chat
3039,20250103,1847,37,4,1,1,4,241,598,839,186,0.0008,1,,Vision
3040,20250306,1405,74,2,1,4,3,1257,188,1445,296,0.0003,1,,Embedding
3041,20250527,1220,62,5,2,4,2,1254,403,1657,285,0.0036,1,3.2,Vision
3042,20250209,2020,31,2,6,1,4,1207,183,1390,271,0.0003,1,4.2,Completion
3043,20250309,1351,30,6,5,1,2,715,2823,3538,316,0.0009,1,,Chat
3044,20250420,534,60,1,5,3,3,778,95,873,574,0.0053,1,3.6,Embedding
3045,20250628,645,12,1,1,1,2,560,141,701,737,0.0049,1,3.6,Chat
3046,20250113,1435,78,3,1,1,3,1813,544,2357,332,0.0136,1,,Chat
3047,20250527,1606,15,2,2,4,2,3751,467,4218,238,0.0008,1,,Chat
3048,20250628,813,72,1,4,1,2,540,925,1465,894,0.0166,1,,Chat
3049,20250628,1504,39,2,6,2,1,1366,602,1968,329,0.0006,1,4.7,Chat
3050,20250316,1102,62,3,3,3,4,1593,268,1861,653,0.0088,1,,Chat
3051,20250311,1551,32,4,5,1,4,3013,108,3121,327,0.0009,1,,Chat
3052,20250115,1952,45,2,1,2,3,1316,670,1986,337,0.0006,1,,Completion
3053,20250407,1948,10,1,4,3,2,451,161,612,648,0.0047,1,3.2,Chat
3054,20250322,549,8,2,4,3,1,2013,932,2945,237,0.0009,1,,Vision
3055,20250222,1203,49,6,7,4,3,623,345,968,292,0.0002,1,,Chat
3056,20250412,1643,51,2,3,2,3,569,736,1305,323,0.0005,1,,Chat
3057,20250624,1120,14,4,1,2,1,2211,104,2315,270,0.0007,1,3.2,Chat
3058,20250216,1713,32,5,1,1,2,346,429,775,333,0.0026,1,,Completion
3059,20250627,1033,70,2,6,4,2,623,289,912,225,0.0003,1,,Completion
3060,20250217,2309,64,1,2,3,4,624,1563,2187,560,0.0266,1,,Embedding
3061,20250402,920,36,5,1,1,4,729,573,1302,370,0.0038,0,4.3,Chat
3062,20250513,2055,40,3,2,1,2,12000,763,12763,499,0.0474,1,,Chat
3063,20250525,1553,51,3,6,2,3,1026,1450,2476,354,0.0248,1,3.6,Chat
3064,20250416,2326,40,1,1,1,2,3152,121,3273,488,0.0176,1,4.0,Chat
3065,20250110,1725,17,4,1,1,3,1917,112,2029,349,0.0006,1,,Chat
3066,20250512,619,46,1,2,2,1,1224,1730,2954,524,0.0321,1,4.5,Chat
3067,20250224,744,40,4,2,1,1,758,197,955,341,0.0004,1,3.9,Chat
3068,20250120,1005,49,1,2,1,2,618,88,706,688,0.0044,1,4.5,Chat
3069,20250308,1311,45,2,2,3,2,228,389,617,380,0.0003,1,,Chat
3070,20250508,1328,30,3,1,4,3,1751,780,2531,376,0.017,1,3.2,Chat
3071,20250526,2222,44,4,1,3,2,435,576,1011,355,0.0008,1,,Chat
3072,20250614,1308,53,1,1,1,3,2457,760,3217,327,0.0237,1,,Vision
3073,20250626,1206,17,6,2,2,4,383,223,606,152,0.0001,1,,Completion
3074,20250405,1842,69,4,5,2,3,2812,758,3570,404,0.0017,1,4.2,Embedding
3075,20250604,1236,4,3,1,4,2,708,287,995,796,0.0064,1,,Embedding
3076,20250105,1415,34,1,1,1,4,1239,2059,3298,742,0.0371,1,,Chat
3077,20250104,1044,5,1,6,6,4,677,1150,1827,7088,0.0206,1,,Vision
3078,20250216,1638,40,2,4,1,3,3667,1325,4992,323,0.0013,1,4.3,Chat
3079,20250628,1044,61,3,1,4,4,361,416,777,821,0.0073,1,,Chat
3080,20250615,2128,9,2,3,6,1,968,891,1859,255,0.0007,1,4.2,Completion
3081,20250415,1645,16,4,1,1,2,1395,61,1456,239,0.0004,1,3.5,Chat
3082,20250114,1705,6,4,3,3,3,851,119,970,120,0.0004,1,,Vision
3083,20250425,1225,44,1,4,3,3,1246,259,1505,682,0.0101,1,,Chat
3084,20250524,1618,39,5,6,4,4,1216,44,1260,151,0.0017,1,,Chat
3085,20250331,1249,41,3,6,4,4,2373,957,3330,757,0.0215,1,,Embedding
3086,20250402,1255,61,3,4,2,3,965,301,1266,824,0.0074,1,,Vision
3087,20250407,1017,42,1,1,5,2,3133,733,3866,639,0.0267,1,,Chat
3088,20250515,1155,9,5,2,2,4,196,190,386,247,0.0012,0,,Chat
3089,20250505,446,1,5,5,1,4,556,724,1280,335,0.0043,1,3.9,Chat
3090,20250530,1254,14,6,1,2,3,693,205,898,294,0.0001,1,4.2,Chat
3091,20250621,2033,28,2,5,1,4,1590,514,2104,231,0.0005,1,,Completion
3092,20250316,1635,62,6,1,2,3,145,266,411,337,0.0001,1,,Chat
3093,20250329,1615,19,1,2,2,1,2617,796,3413,605,0.025,1,,Chat
3094,20250212,1625,21,4,4,2,1,282,161,443,286,0.0003,1,,Chat
3095,20250403,1458,56,2,2,3,1,128,486,614,355,0.0003,1,5.0,Embedding
3096,20250204,1306,68,3,2,1,2,12000,314,12314,567,0.0407,1,3.2,Completion
3097,20250425,1202,3,4,1,4,3,621,249,870,142,0.0005,1,,Completion
3098,20250529,1114,56,3,3,3,4,1214,1933,3147,1151,0.0326,1,,Embedding
3099,20250311,1932,31,4,1,6,4,331,182,513,264,0.0003,1,4.5,Chat
3100,20250607,2126,23,4,3,4,4,573,106,679,230,0.0003,1,,Completion
3101,20250420,1730,18,3,1,1,2,2670,497,3167,805,0.0155,1,,Chat
3102,20250508,430,35,3,1,1,4,1485,1363,2848,460,0.0249,1,4.9,Chat
3103,20250215,1025,56,2,5,4,1,123,1275,1398,209,0.0008,1,,Chat
3104,20250213,1459,45,1,5,3,4,2450,2531,4981,614,0.0502,1,,Chat
3105,20250111,1146,34,3,4,1,4,1592,2038,3630,611,0.0353,1,4.0,Chat
3106,20250202,1021,16,3,1,2,3,286,188,474,846,0.0037,1,4.6,Completion
3107,20250413,1246,27,6,1,4,4,384,179,563,288,0.0001,1,,Vision
3108,20250208,1334,17,1,2,1,4,1019,2168,3187,999,0.0376,1,,Chat
3109,20250508,743,29,6,3,2,4,893,170,1063,255,0.0001,1,4.2,Chat
3110,20250102,1534,7,1,1,2,3,1082,749,1831,803,0.0166,1,4.4,Chat
3111,20250301,1556,25,5,1,2,2,371,193,564,138,0.0014,1,,Completion
3112,20250612,1049,52,3,5,1,2,9528,283,9811,378,0.0328,1,4.4,Embedding
3113,20250515,1551,76,3,1,2,2,1199,499,1698,970,0.0111,1,,Completion
3114,20250519,1601,50,4,1,5,3,412,230,642,230,0.0004,1,,Chat
3115,20250125,1723,19,2,4,1,3,504,71,575,275,0.0001,1,,Completion
3116,20250207,740,27,2,4,2,1,4749,145,4894,264,0.0008,1,4.9,Vision
3117,20250515,1535,17,2,3,3,2,512,258,770,321,0.0002,1,,Chat
3118,20250225,2043,67,3,3,3,4,2885,2451,5336,411,0.0454,1,,Chat
3119,20250330,1551,54,1,3,1,3,1564,840,2404,963,0.0204,1,4.4,Chat
3120,20250414,1340,68,2,2,2,4,461,520,981,120,0.0004,1,4.4,Chat
3121,20250528,1343,73,2,2,1,2,589,151,740,383,0.0002,1,4.2,Chat
3122,20250321,909,24,3,6,1,3,1169,795,1964,957,0.0154,1,,Chat
3123,20250317,1313,57,2,3,2,4,1544,599,2143,292,0.0006,1,,Chat
3124,20250523,936,26,3,3,5,2,319,665,984,526,0.0109,1,,Chat
3125,20250115,1732,61,2,5,3,2,1301,282,1583,166,0.0004,1,3.5,Embedding
3126,20250408,1642,27,1,1,4,3,483,292,775,427,0.0068,1,,Vision
3127,20250213,1346,24,2,2,4,2,1906,328,2234,236,0.0005,1,,Chat
3128,20250125,737,1,3,3,1,3,2326,286,2612,676,0.0113,1,,Chat
3129,20250223,1254,57,3,2,6,1,3096,518,3614,636,0.0171,1,,Chat
3130,20250620,1530,26,4,5,2,3,4430,702,5132,271,0.002,1,,Completion
3131,20250621,1401,79,1,2,2,1,792,244,1036,524,0.0076,1,,Embedding
3132,20250128,1000,72,2,7,3,3,1197,132,1329,410,0.0003,1,,Embedding
3133,20250507,1750,33,4,2,6,4,677,330,1007,225,0.0006,1,,Chat
3134,20250203,1532,42,2,3,1,3,1770,181,1951,129,0.0004,1,3.8,Chat
3135,20250426,1628,39,5,1,1,3,890,127,1017,208,0.0017,1,,Completion
3136,20250112,1038,46,3,7,1,4,649,442,1091,589,0.0086,1,,Completion
3137,20250112,1132,31,3,2,3,1,627,484,1111,688,0.0091,1,,Embedding
3138,20250226,1219,34,2,2,3,3,1887,508,2395,124,0.0006,1,3.7,Chat
3139,20250410,1602,46,2,7,1,1,1147,228,1375,133,0.0003,1,,Chat
3140,20250316,1424,80,3,1,1,2,1329,207,1536,319,0.0071,1,,Completion
3141,20250530,1307,56,1,2,1,2,1060,404,1464,631,0.0114,1,,Chat
3142,20250528,952,31,1,1,1,4,867,998,1865,570,0.0193,1,,Vision
3143,20250613,736,9,3,2,2,4,834,217,1051,710,0.0058,1,4.6,Chat
3144,20250417,1545,70,2,3,1,2,149,629,778,171,0.0004,1,,Chat
3145,20250212,2037,4,1,1,3,3,1275,184,1459,390,0.0091,1,,Chat
3146,20250317,1551,24,3,1,5,1,905,549,1454,1016,0.011,1,,Vision
3147,20250603,1118,12,1,2,1,3,1422,2318,3740,711,0.0419,1,,Chat
3148,20250328,707,46,5,4,3,1,1048,122,1170,417,0.0019,1,,Completion
3149,20250509,1027,11,3,6,2,3,12000,2426,14426,468,0.0724,1,,Chat
3150,20250211,1448,27,3,4,3,1,2845,1267,4112,750,0.0275,1,,Completion
3151,20250629,1906,63,4,5,5,2,595,241,836,246,0.0004,1,4.9,Chat
3152,20250204,1702,21,5,1,1,3,923,423,1346,357,0.0033,1,,Completion
3153,20250623,504,62,1,4,5,4,1826,740,2566,1029,0.0202,1,,Chat
3154,20250410,725,1,3,2,3,2,6356,646,7002,761,0.0288,1,,Embedding
3155,20250616,2014,5,6,6,4,3,1101,464,1565,303,0.0002,1,,Completion
3156,20250213,1207,12,5,7,2,3,648,179,827,275,0.0017,1,,Embedding
3157,20250623,439,30,1,1,1,3,2057,536,2593,573,0.0183,1,,Chat
3158,20250529,1446,64,1,2,5,3,319,3762,4081,626,0.058,1,4.6,Chat
3159,20250629,1338,65,4,5,1,2,278,337,615,415,0.0005,0,,Embedding
3160,20250521,1803,52,5,4,3,3,1435,525,1960,244,0.0044,1,,Chat
3161,20250102,833,55,1,1,1,2,1095,481,1576,888,0.0127,1,,Completion
3162,20250111,1556,53,6,6,4,2,2838,914,3752,235,0.0005,1,4.3,Embedding
3163,20250525,620,55,1,5,2,2,5353,2189,7542,339,0.0596,1,,Chat
3164,20250509,2002,43,5,1,3,4,938,378,1316,438,0.0031,1,4.9,Chat
3165,20250331,1936,70,2,3,1,3,1195,493,1688,340,0.0005,1,,Chat
3166,20250316,1239,3,6,1,1,3,632,153,785,247,0.0001,1,,Vision
3167,20250315,1229,69,2,2,1,2,375,371,746,248,0.0003,1,,Chat
3168,20250507,1608,37,3,2,1,2,264,540,804,679,0.0089,1,,Chat
3169,20250104,1208,75,6,4,1,3,569,85,654,314,0.0001,1,,Chat
3170,20250410,1608,50,3,2,2,1,2194,1614,3808,695,0.0308,1,,Chat
3171,20250521,1538,52,4,1,2,2,765,592,1357,125,0.0009,1,,Completion
3172,20250506,1052,64,2,1,2,2,2774,40,2814,266,0.0004,1,3.3,Chat
3173,20250324,1809,19,6,7,1,3,611,234,845,292,0.0001,1,,Chat
3174,20250514,1253,42,2,5,4,1,683,184,867,388,0.0002,1,,Embedding
3175,20250103,1940,20,2,1,6,1,589,101,690,228,0.0001,1,,Chat
3176,20250416,1301,48,1,1,3,3,2220,230,2450,475,0.0146,1,,Completion
3177,20250102,1638,16,2,1,1,3,1548,194,1742,149,0.0003,1,4.8,Chat
3178,20250628,341,36,1,5,3,3,2931,467,3398,847,0.0217,1,3.3,Embedding
3179,20250624,1353,26,6,2,1,3,1451,378,1829,288,0.0002,1,,Chat
3180,20250125,1359,20,4,1,5,1,180,1715,1895,187,0.0022,1,,Chat
3181,20250121,832,67,1,2,5,4,1082,241,1323,638,0.009,1,3.3,Completion
3182,20250513,1649,60,2,6,1,2,1629,660,2289,250,0.0006,1,,Embedding
3183,20250202,1426,45,3,2,2,4,2014,113,2127,779,0.0077,1,,Chat
3184,20250322,819,20,6,1,3,4,4172,234,4406,261,0.0004,1,4.4,Chat
3185,20250522,1001,24,1,6,6,3,713,4000,4713,863,0.0636,1,,Chat
3186,20250210,700,61,2,3,2,3,2575,910,3485,252,0.0009,0,,Chat
3187,20250507,1519,70,2,2,1,1,656,1766,2422,201,0.0012,1,,Chat
3188,20250119,1443,27,1,4,1,3,872,154,1026,1148,0.0067,1,4.8,Completion
3189,20250202,906,51,3,1,4,3,1669,115,1784,559,0.0067,1,4.7,Completion
3190,20250104,1551,16,6,1,6,2,316,543,859,253,0.0002,1,3.7,Chat
3191,20250321,1817,60,4,3,5,2,2265,200,2465,287,0.0008,1,4.3,Completion
3192,20250304,1456,30,2,5,3,2,1161,334,1495,298,0.0004,1,,Chat
3193,20250222,1350,6,3,6,2,1,1503,2065,3568,796,0.0355,1,3.7,Completion
3194,20250610,1604,53,2,4,3,4,1275,289,1564,311,0.0004,1,,Chat
3195,20250130,923,17,6,3,1,3,2083,31,2114,271,0.0002,1,4.3,Chat
3196,20250530,1855,37,2,6,2,3,194,463,657,213,0.0003,1,,Chat
3197,20250111,1259,72,1,1,5,2,3449,726,4175,187,0.0281,1,4.0,Completion
3198,20250225,1051,68,6,5,5,4,1600,483,2083,451,0.0003,1,,Chat
3199,20250409,2026,52,4,2,1,1,488,2773,3261,282,0.0036,1,,Chat
3200,20250211,1054,18,1,4,2,4,710,70,780,1015,0.0046,0,,Chat
3201,20250224,2054,75,6,5,3,1,266,272,538,289,0.0001,1,,Vision
3202,20250308,1045,55,1,3,1,2,231,492,723,576,0.0085,1,,Chat
3203,20250526,1210,56,1,1,4,3,1673,2340,4013,581,0.0435,1,3.9,Completion
3204,20250216,1412,13,2,6,2,4,1279,529,1808,219,0.0005,1,,Chat
3205,20250124,1407,72,2,5,1,4,1088,126,1214,403,0.0002,1,,Vision
3206,20250108,1955,16,4,2,1,2,347,389,736,342,0.0006,1,4.2,Chat
3207,20250407,1116,29,4,1,2,3,1026,379,1405,136,0.0007,1,,Chat
3208,20250610,1545,71,2,2,1,2,247,733,980,214,0.0005,1,,Chat
3209,20250415,1312,27,3,2,4,4,5283,964,6247,404,0.0303,1,,Completion
3210,20250404,936,63,1,2,2,3,735,875,1610,731,0.0168,1,,Chat
3211,20250119,1037,77,1,5,1,2,416,786,1202,608,0.0139,1,,Vision
3212,20250506,2254,56,1,3,2,2,1389,3372,4761,383,0.0575,1,4.3,Completion
3213,20250120,705,13,2,2,1,1,242,907,1149,452,0.0006,1,3.8,Vision
3214,20250608,1010,64,2,1,1,4,439,122,561,120,0.0001,1,4.3,Chat
3215,20250306,1652,50,1,4,6,1,1674,607,2281,331,0.0175,1,,Chat
3216,20250504,2014,44,3,5,3,4,809,999,1808,319,0.0174,1,,Chat
3217,20250216,1302,58,3,3,2,2,1792,821,2613,685,0.0177,1,,Chat
3218,20250115,1523,23,1,1,1,2,432,725,1157,675,0.013,1,,Completion
3219,20250127,1442,61,6,6,5,3,709,111,820,150,0.0001,1,,Chat
3220,20250102,507,60,4,3,1,4,1388,667,2055,362,0.0012,1,4.4,Chat
3221,20250102,1552,53,6,4,1,4,97,138,235,296,0.0,1,,Chat
3222,20250117,1402,54,3,4,4,3,1071,854,1925,652,0.016,1,,Completion
3223,20250601,1418,62,2,7,2,4,374,761,1135,237,0.0005,1,,Embedding
3224,20250408,812,22,6,2,1,3,332,245,577,377,0.0001,1,,Chat
3225,20250327,1333,34,2,5,5,3,562,114,676,356,0.0002,1,,Chat
3226,20250331,1122,11,1,3,1,2,1211,2455,3666,765,0.0429,1,,Chat
3227,20250306,701,17,5,6,4,3,135,312,447,161,0.0017,1,4.1,Completion
3228,20250412,1620,79,1,4,3,3,1397,704,2101,489,0.0175,1,,Chat
3229,20250109,2049,71,5,1,4,2,8589,260,8849,314,0.012,1,,Chat
3230,20250218,1411,75,3,1,2,4,1033,273,1306,403,0.0072,1,3.9,Chat
3231,20250502,914,4,6,3,3,2,957,212,1169,120,0.0001,1,4.6,Chat
3232,20250108,1520,33,2,4,2,2,642,1037,1679,316,0.0007,1,,Embedding
3233,20250421,813,75,2,3,4,3,89,179,268,218,0.0001,1,3.9,Chat
3234,20250421,1747,51,2,4,6,4,659,865,1524,150,0.0006,1,4.7,Chat
3235,20250327,1738,15,2,5,2,3,1272,59,1331,409,0.0002,1,4.9,Completion
3236,20250422,1402,63,5,1,5,1,946,158,1104,404,0.002,1,,Completion
3237,20250429,930,76,3,1,1,3,3078,1312,4390,428,0.0289,1,,Chat
3238,20250225,2156,33,6,6,1,1,819,575,1394,130,0.0002,1,,Chat
3239,20250330,2242,3,4,2,2,4,220,789,1009,182,0.001,1,,Chat
3240,20250501,1121,68,1,5,1,2,2947,1597,4544,360,0.0387,1,,Chat
3241,20250603,1811,21,3,6,2,4,3808,246,4054,1013,0.0151,1,,Vision
3242,20250404,838,33,5,3,1,3,379,496,875,196,0.003,1,,Chat
3243,20250508,1526,32,3,4,6,4,1704,503,2207,839,0.0127,1,,Chat
3244,20250610,1351,6,4,5,1,3,819,875,1694,357,0.0013,1,,Chat
3245,20250516,1713,59,5,5,1,3,236,515,751,193,0.0029,1,,Chat
3246,20250307,833,30,3,1,6,4,1246,254,1500,829,0.0075,1,,Chat
3247,20250309,1739,38,6,2,1,3,120,163,283,136,0.0001,1,3.3,Chat
3248,20250307,1215,50,1,2,4,3,2111,478,2589,515,0.0177,1,4.1,Chat
3249,20250111,1935,35,4,3,1,2,83,945,1028,226,0.0012,1,,Chat
3250,20250429,1340,5,4,1,1,2,413,1225,1638,159,0.0016,1,,Embedding
3251,20250403,1410,16,5,1,3,3,1069,83,1152,189,0.0018,1,,Chat
3252,20250226,1301,26,1,7,3,2,551,277,828,570,0.0069,1,,Chat
3253,20250304,1601,1,1,6,2,2,950,1676,2626,423,0.0299,1,,Chat
3254,20250223,859,60,2,5,4,4,3765,188,3953,151,0.0007,1,4.8,Completion
3255,20250316,708,3,2,1,6,2,1750,247,1997,255,0.0004,1,,Chat
3256,20250202,1351,67,4,5,3,2,1655,283,1938,509,0.0008,1,4.8,Completion
3257,20250318,1433,45,1,1,6,4,3873,1293,5166,641,0.0388,1,,Embedding
3258,20250531,1151,27,2,5,2,2,896,509,1405,223,0.0004,1,,Chat
3259,20250406,1454,14,4,4,1,3,2023,1918,3941,363,0.0029,1,3.5,Completion
3260,20250531,2122,17,4,6,2,2,377,599,976,411,0.0008,1,3.8,Embedding
3261,20250619,1046,68,2,2,2,3,429,1446,1875,184,0.0009,1,,Completion
3262,20250326,854,80,1,7,1,2,6173,1876,8049,748,0.059,1,,Chat
3263,20250512,1335,38,1,5,1,3,863,786,1649,1009,0.0161,1,,Embedding
3264,20250315,1426,33,5,5,2,1,4676,153,4829,278,0.0066,1,4.9,Chat
3265,20250603,1244,46,6,2,5,2,250,289,539,320,0.0001,1,,Chat
3266,20250619,1609,18,2,3,4,3,4691,490,5181,392,0.001,1,,Chat
3267,20250528,1455,48,4,2,2,3,3011,2536,5547,332,0.0039,1,4.5,Chat
3268,20250504,1038,32,3,1,1,3,773,786,1559,753,0.0141,1,4.1,Completion
3269,20250526,1644,40,5,6,2,2,1006,332,1338,217,0.0029,1,,Chat
3270,20250329,1550,73,4,6,2,1,3531,785,4316,332,0.0019,1,,Chat
3271,20250426,1827,22,2,3,1,1,476,214,690,206,0.0002,1,,Completion
3272,20250506,1309,20,2,1,1,3,454,922,1376,233,0.0006,1,,Chat
3273,20250312,1006,26,1,1,1,1,9344,391,9735,684,0.0526,1,,Embedding
3274,20250401,1522,38,1,1,1,3,429,1946,2375,794,0.0313,1,4.7,Vision
3275,20250222,2023,28,5,7,2,3,360,359,719,283,0.0022,1,,Chat
3276,20250402,1548,79,6,5,2,1,179,362,541,140,0.0001,1,,Completion
3277,20250121,1530,26,1,3,4,1,159,103,262,836,0.0023,1,,Completion
3278,20250530,1114,59,3,5,1,3,498,2012,2510,724,0.0317,1,,Embedding
3279,20250110,1733,54,4,3,6,4,572,3221,3793,220,0.0042,1,,Chat
3280,20250405,2023,5,3,2,3,4,1259,124,1383,759,0.0056,1,,Completion
3281,20250314,1503,52,1,2,1,1,468,250,718,644,0.0061,1,,Completion
3282,20250531,1502,64,4,4,5,2,71,808,879,231,0.001,1,4.4,Chat
3283,20250524,834,9,3,2,1,3,3432,588,4020,926,0.0191,1,,Chat
3284,20250421,1525,58,6,3,4,2,664,290,954,327,0.0001,1,,Embedding
3285,20250217,1218,12,5,5,2,2,308,554,862,265,0.0032,1,,Chat
3286,20250307,1429,4,2,1,4,2,1773,299,2072,281,0.0004,1,4.4,Chat
3287,20250513,1105,42,2,5,2,2,980,444,1424,368,0.0004,1,,Chat
3288,20250425,1142,68,5,1,2,2,440,647,1087,304,0.0038,1,,Chat
3289,20250305,1005,43,5,1,4,3,2155,77,2232,356,0.0031,1,4.0,Chat
3290,20250530,848,49,1,3,1,2,8828,138,8966,912,0.0462,1,,Completion
3291,20250117,1357,67,2,5,2,2,478,386,864,341,0.0003,1,,Chat
3292,20250310,1024,18,1,5,1,3,592,1115,1707,261,0.0197,1,4.8,Chat
3293,20250622,1145,50,1,2,2,2,12000,239,12239,911,0.0636,1,,Chat
3294,20250304,1103,65,2,6,2,2,1051,576,1627,390,0.0005,1,,Chat
3295,20250619,1325,58,2,5,5,3,3983,200,4183,302,0.0007,1,,Completion
3296,20250114,1456,1,2,5,2,3,242,259,501,295,0.0002,1,4.5,Embedding
3297,20250309,1213,78,3,2,2,3,12000,271,12271,918,0.0401,1,,Chat
3298,20250306,1751,25,1,2,1,2,1320,264,1584,475,0.0106,1,3.7,Chat
3299,20250205,1103,48,4,2,1,3,133,140,273,134,0.0002,1,4.2,Completion
3300,20250406,1940,53,3,4,3,4,2486,1269,3755,783,0.0265,1,4.8,Chat
3301,20250217,1445,24,1,1,1,2,5771,336,6107,674,0.0339,1,,Chat
3302,20250627,1645,76,2,4,1,4,202,4000,4202,282,0.0024,1,3.6,Chat
3303,20250120,1447,79,1,1,6,4,4707,1435,6142,658,0.0451,1,3.9,Chat
3304,20250529,1453,38,1,1,2,4,297,354,651,767,0.0068,1,,Completion
3305,20250608,1527,79,2,1,1,2,1996,298,2294,144,0.0005,1,3.7,Chat
3306,20250610,1830,1,6,5,1,4,2422,708,3130,263,0.0004,1,,Completion
3307,20250205,1806,20,1,1,1,3,12000,671,12671,351,0.0701,1,,Chat
3308,20250303,1153,58,5,1,2,2,1167,84,1251,296,0.0019,1,3.3,Chat
3309,20250412,1554,45,2,5,1,2,2648,1005,3653,364,0.001,1,3.9,Embedding
3310,20250427,520,33,6,2,1,3,1523,601,2124,305,0.0003,1,4.0,Chat
3311,20250206,729,8,1,1,3,3,615,198,813,191,0.006,1,3.2,Vision
3312,20250505,1302,71,5,6,5,4,324,3076,3400,263,0.0158,1,4.0,Chat
3313,20250427,1955,50,1,1,3,1,278,363,641,672,0.0068,1,3.5,Chat
3314,20250105,1040,30,4,1,4,3,454,274,728,2056,0.0005,1,3.7,Completion
3315,20250424,2137,8,2,1,5,2,934,496,1430,332,0.0004,1,3.4,Chat
3316,20250327,1640,68,1,1,2,2,1232,443,1675,687,0.0128,1,3.4,Chat
3317,20250324,1845,9,4,1,4,3,1832,269,2101,355,0.0008,1,,Completion
3318,20250305,1314,47,1,3,1,2,1385,383,1768,608,0.0127,1,3.6,Chat
3319,20250101,1936,7,4,2,1,3,722,370,1092,138,0.0006,1,,Chat
3320,20250125,1250,19,4,1,2,2,535,163,698,282,0.0003,1,,Completion
3321,20250213,1235,80,2,1,1,3,714,366,1080,186,0.0003,1,,Chat
3322,20250425,1241,12,1,6,4,3,1447,1853,3300,708,0.035,1,,Chat
3323,20250125,1131,78,1,2,2,1,1996,3047,5043,858,0.0557,1,4.4,Completion
3324,20250531,1605,47,1,4,6,3,2767,2363,5130,894,0.0493,1,,Chat
3325,20250315,1641,49,1,4,2,2,3899,215,4114,308,0.0227,1,,Completion
3326,20250401,1452,38,1,1,2,3,1434,358,1792,837,0.0125,1,,Completion
3327,20250405,600,49,6,2,1,3,411,218,629,120,0.0001,1,,Embedding
3328,20250426,1907,24,2,6,1,1,195,200,395,368,0.0001,1,,Chat
3329,20250201,1635,9,4,7,4,3,245,589,834,308,0.0008,1,,Chat
3330,20250101,2337,56,1,7,5,3,2006,526,2532,455,0.0179,1,,Embedding
3331,20250204,1131,26,1,3,3,1,586,2213,2799,654,0.0361,1,,Chat
3332,20250430,1652,60,2,6,3,3,2598,44,2642,405,0.0004,1,,Chat
3333,20250126,1406,17,1,3,1,2,2069,273,2342,478,0.0144,1,,Completion
3334,20250426,1512,63,4,6,1,1,5688,774,6462,404,0.0024,1,,Chat
3335,20250208,1302,22,4,3,1,3,387,170,557,232,0.0003,1,,Embedding
3336,20250619,529,73,6,2,1,4,346,205,551,262,0.0001,1,,Completion
3337,20250430,1447,55,3,2,1,2,1924,593,2517,517,0.0147,1,,Chat
3338,20250506,646,15,3,1,2,3,753,238,991,756,0.0058,1,,Vision
3339,20250609,1742,79,2,2,1,4,1547,628,2175,266,0.0006,1,4.2,Chat
3340,20250215,1122,16,1,2,2,3,634,143,777,875,0.0053,1,3.3,Chat
3341,20250408,1351,20,4,6,2,3,216,163,379,195,0.0003,1,,Completion
3342,20250224,1440,5,6,3,1,2,1738,245,1983,120,0.0002,1,,Chat
3343,20250406,1314,62,1,2,2,1,1145,486,1631,507,0.013,1,,Chat
3344,20250506,1416,71,4,1,2,2,705,323,1028,320,0.0006,1,3.5,Chat
3345,20250426,1214,16,3,4,1,3,823,2233,3056,777,0.036,1,3.4,Completion
3346,20250304,1736,2,1,4,2,2,4564,991,5555,861,0.0377,1,,Embedding
3347,20250504,744,42,2,6,3,1,799,282,1081,444,0.0003,1,,Completion
3348,20250224,1719,39,3,2,1,4,713,857,1570,688,0.015,1,3.6,Vision
3349,20250206,1557,76,1,4,2,1,483,847,1330,598,0.0151,1,4.3,Chat
3350,20250614,1522,58,4,1,2,4,346,200,546,395,0.0003,0,4.3,Chat
3351,20250102,951,59,3,2,1,4,503,573,1076,474,0.0101,1,3.2,Completion
3352,20250128,1003,35,1,5,2,4,1487,144,1631,420,0.0096,1,3.7,Embedding
3353,20250530,2209,36,4,3,1,2,1005,175,1180,320,0.0005,1,,Chat
3354,20250606,1657,54,3,1,2,3,3620,533,4153,872,0.0189,1,,Chat
3355,20250324,513,58,1,6,3,2,465,703,1168,724,0.0129,1,,Embedding
3356,20250318,1029,25,1,1,3,1,1736,332,2068,586,0.0137,1,3.4,Vision
3357,20250319,1853,24,2,6,5,2,1507,141,1648,176,0.0003,1,,Chat
3358,20250329,1245,30,6,1,1,1,649,188,837,381,0.0001,1,,Completion
3359,20250424,1515,11,1,4,2,1,2010,180,2190,915,0.0127,1,3.9,Embedding
3360,20250501,243,34,5,5,5,4,1409,730,2139,237,0.0054,1,,Chat
3361,20250114,1928,10,4,1,2,4,628,348,976,313,0.0006,1,,Chat
3362,20250215,200,11,1,1,1,3,5138,1171,6309,442,0.0433,1,4.3,Chat
3363,20250306,1442,56,2,2,1,3,319,664,983,293,0.0004,1,,Vision
3364,20250403,946,51,2,1,1,2,715,160,875,294,0.0002,1,3.8,Vision
3365,20250522,1007,41,5,1,5,3,681,625,1306,274,0.004,1,,Completion
3366,20250319,1237,23,4,3,2,3,798,597,1395,171,0.0009,1,4.3,Chat
3367,20250311,1532,78,4,4,1,3,2177,537,2714,285,0.0012,1,3.2,Chat
3368,20250529,1612,74,5,7,3,2,999,626,1625,120,0.0044,1,3.5,Chat
3369,20250426,719,14,1,1,1,3,3658,144,3802,741,0.0204,1,4.3,Chat
3370,20250411,1225,67,2,1,3,3,271,444,715,299,0.0003,1,3.3,Chat
3371,20250428,2256,50,2,7,2,2,379,1123,1502,314,0.0007,1,,Vision
3372,20250322,1112,16,5,1,1,3,1365,534,1899,283,0.0044,1,,Completion
3373,20250225,1506,18,1,1,1,3,737,274,1011,822,0.0078,1,,Chat
3374,20250202,1309,2,1,7,1,3,1236,785,2021,710,0.018,1,,Vision
3375,20250210,800,32,2,7,2,1,2116,366,2482,260,0.0005,0,4.9,Vision
3376,20250425,1530,6,5,1,2,2,822,633,1455,332,0.0042,1,3.4,Embedding
3377,20250507,1640,69,1,7,5,3,5171,1393,6564,613,0.0467,1,,Completion
3378,20250505,955,64,5,1,6,3,2983,269,3252,233,0.0051,1,4.4,Chat
3379,20250405,754,5,2,4,1,4,902,374,1276,131,0.0004,1,,Embedding
3380,20250429,1551,37,4,4,2,4,424,3251,3675,224,0.0042,1,3.5,Chat
3381,20250621,1213,76,5,2,4,4,302,978,1280,243,0.0053,1,,Embedding
3382,20250323,1144,71,4,7,3,2,1256,102,1358,341,0.0004,1,,Chat
3383,20250615,2112,49,3,5,2,2,2360,1103,3463,847,0.0236,1,,Completion
3384,20250312,2011,6,2,4,2,3,1976,479,2455,368,0.0006,1,4.8,Chat
3385,20250119,1052,31,3,1,3,2,2911,231,3142,566,0.0122,1,,Completion
3386,20250115,122,60,1,1,1,2,2001,326,2327,902,0.0149,1,,Embedding
3387,20250318,1536,71,3,2,1,3,4122,214,4336,886,0.0156,1,,Completion
3388,20250630,2226,54,5,1,1,2,1323,646,1969,296,0.0049,1,4.2,Chat
3389,20250522,1117,33,2,3,1,3,1319,91,1410,239,0.0003,1,3.5,Embedding
3390,20250109,647,25,3,2,1,4,662,1107,1769,764,0.0186,1,3.7,Completion
3391,20250107,1438,13,1,4,1,3,1588,100,1688,565,0.0094,1,3.4,Chat
3392,20250103,1154,78,5,7,1,3,367,549,916,1560,0.0032,1,3.3,Chat
3393,20250629,1131,54,5,6,1,2,101,257,358,173,0.0014,1,,Chat
3394,20250225,1440,23,6,1,3,4,282,360,642,265,0.0001,1,4.1,Chat
3395,20250228,2022,73,5,6,4,3,1040,69,1109,156,0.0016,1,4.0,Completion
3396,20250423,1447,21,4,6,6,1,288,26,314,412,0.0001,1,,Chat
3397,20250222,1615,78,5,6,1,1,1063,197,1260,321,0.0023,0,3.2,Chat
3398,20250529,1156,43,2,7,1,2,799,151,950,428,0.0002,1,,Chat
3399,20250318,735,54,5,3,2,1,2016,341,2357,232,0.0042,1,,Completion
3400,20250107,1434,33,5,1,2,2,1286,1055,2341,310,0.0069,1,4.1,Vision
3401,20250217,1048,25,1,4,2,2,1416,3381,4797,956,0.0578,1,,Completion
3402,20250313,1712,3,5,6,1,1,1361,598,1959,393,0.0047,1,,Chat
3403,20250117,1255,47,4,1,1,1,196,350,546,199,0.0005,1,4.7,Chat
3404,20250327,947,47,1,1,1,2,651,4000,4651,680,0.0633,1,3.3,Chat
3405,20250402,1527,77,6,1,3,3,221,68,289,199,0.0,1,,Chat
3406,20250603,1957,67,3,2,4,1,1871,1062,2933,818,0.0215,1,,Completion
3407,20250423,1158,61,4,6,4,3,2319,192,2511,417,0.0008,1,4.1,Chat
3408,20250227,1539,74,1,5,3,1,223,295,518,243,0.0055,1,,Chat
3409,20250306,1820,76,1,2,1,2,1306,72,1378,735,0.0076,1,,Vision
3410,20250313,1107,29,5,1,3,3,174,1375,1549,290,0.0071,1,,Chat
3411,20250305,1240,6,6,3,2,2,464,91,555,152,0.0001,1,4.8,Embedding
3412,20250613,1920,70,3,3,5,1,833,614,1447,184,0.0117,1,,Chat
3413,20250530,811,31,2,1,1,2,1151,455,1606,451,0.0004,1,,Chat
3414,20250103,1908,59,1,2,2,4,1063,943,2006,577,0.0195,1,,Vision
3415,20250115,2243,24,1,2,2,3,4226,707,4933,695,0.0317,1,,Completion
3416,20250426,1948,5,4,5,3,2,1120,1242,2362,120,0.0018,1,,Completion
3417,20250531,1559,69,2,2,6,4,418,1469,1887,431,0.0009,1,,Embedding
3418,20250427,1449,5,1,7,1,4,6220,3274,9494,666,0.0802,1,,Vision
3419,20250201,2350,9,1,5,1,3,1298,490,1788,846,0.0138,1,,Completion
3420,20250125,1256,36,2,2,3,4,718,1094,1812,281,0.0008,1,,Chat
3421,20250208,727,35,2,2,2,2,925,182,1107,364,0.0002,1,4.7,Vision
3422,20250105,1607,15,1,1,2,3,5833,1425,7258,898,0.0505,1,,Chat
3423,20250227,1150,38,1,2,4,3,2992,3905,6897,493,0.0735,1,,Chat
3424,20250504,2142,79,5,4,4,3,405,160,565,309,0.0013,1,,Embedding
3425,20250512,1606,30,1,1,4,2,3333,241,3574,748,0.0203,1,,Completion
3426,20250211,1118,74,4,7,2,2,174,149,323,206,0.0002,1,4.1,Chat
3427,20250304,1608,37,6,1,1,2,1876,94,1970,314,0.0002,1,,Vision
3428,20250429,923,22,4,5,1,3,1171,194,1365,176,0.0005,1,,Chat
3429,20250209,1722,26,1,1,5,3,744,445,1189,144,0.0104,1,,Chat
3430,20250408,1708,27,1,5,6,3,3043,604,3647,302,0.0243,1,,Completion
3431,20250130,1837,9,1,1,1,1,687,391,1078,1175,0.0093,1,,Completion
3432,20250222,1103,75,1,1,1,3,2813,1026,3839,738,0.0295,1,,Chat
3433,20250423,1541,55,1,4,1,3,1951,779,2730,638,0.0214,0,4.6,Embedding
3434,20250415,2006,16,3,4,1,2,360,1588,1948,837,0.0249,1,4.6,Completion
3435,20250517,1617,11,3,1,1,3,4092,551,4643,224,0.0205,1,3.6,Completion
3436,20250614,1339,17,6,1,6,2,272,177,449,158,0.0001,1,,Chat
3437,20250219,1208,24,3,5,3,4,737,62,799,809,0.0031,1,,Completion
3438,20250615,2210,43,5,3,3,4,1147,277,1424,274,0.0028,1,3.3,Embedding
3439,20250625,1256,75,2,6,3,3,721,320,1041,197,0.0003,1,,Embedding
3440,20250216,2017,46,2,5,4,4,174,608,782,270,0.0004,1,,Chat
3441,20250304,2102,76,1,5,1,2,1883,427,2310,593,0.0158,1,3.3,Chat
3442,20250520,1427,39,2,3,2,1,237,172,409,120,0.0001,1,,Chat
3443,20250401,1057,72,5,5,2,3,723,426,1149,120,0.003,1,4.6,Chat
3444,20250210,1355,60,1,1,5,2,2352,515,2867,505,0.0195,1,,Chat
3445,20250607,1254,74,1,2,1,2,779,328,1107,689,0.0088,0,4.7,Completion
3446,20250621,2357,47,2,2,1,4,340,252,592,274,0.0002,1,,Chat
3447,20250616,1152,8,1,2,1,1,4016,63,4079,529,0.021,1,,Completion
3448,20250308,1717,68,3,1,3,3,998,275,1273,750,0.0071,1,,Completion
3449,20250601,1758,64,1,6,2,3,1653,281,1934,753,0.0125,1,,Chat
3450,20250401,1253,80,6,1,3,4,1300,1165,2465,120,0.0004,1,,Chat
3451,20250624,1446,37,2,1,1,3,139,2632,2771,234,0.0016,1,,Chat
3452,20250107,1610,36,1,1,4,4,1292,280,1572,440,0.0107,1,,Chat
3453,20250108,2049,35,3,1,2,3,3484,3813,7297,662,0.0676,1,,Chat
3454,20250407,1514,71,6,2,1,1,522,258,780,177,0.0001,1,,Vision
3455,20250604,1410,69,2,7,3,4,326,480,806,296,0.0003,1,,Chat
3456,20250204,1528,68,3,3,1,4,7151,580,7731,822,0.0302,1,,Chat
3457,20250225,2258,34,4,1,3,2,2155,880,3035,249,0.0016,1,,Vision
3458,20250605,1426,28,2,5,1,2,203,504,707,306,0.0003,1,,Chat
3459,20250423,1448,63,6,1,1,2,1676,118,1794,440,0.0002,1,4.8,Completion
3460,20250329,1713,49,6,4,2,4,624,291,915,327,0.0001,1,4.8,Chat
3461,20250219,2004,72,1,1,1,3,1482,690,2172,654,0.0178,1,4.4,Completion
3462,20250228,2106,58,2,2,1,2,477,322,799,423,0.0003,1,,Vision
3463,20250114,1457,44,5,1,1,2,1850,152,2002,259,0.0031,1,4.4,Completion
3464,20250208,1926,68,6,3,4,3,361,290,651,305,0.0001,1,4.3,Chat
3465,20250201,1033,21,1,3,3,1,885,669,1554,660,0.0145,1,,Chat
3466,20250110,1908,53,1,3,3,2,6257,266,6523,675,0.0353,1,3.8,Completion
3467,20250428,1623,15,4,4,3,4,2603,608,3211,308,0.0014,1,,Chat
3468,20250101,1656,56,1,5,2,3,2627,249,2876,693,0.0169,1,,Chat
3469,20250107,1903,29,1,7,3,1,1088,680,1768,594,0.0156,1,,Chat
3470,20250328,400,70,3,3,4,2,1367,801,2168,533,0.0161,1,,Chat
3471,20250411,926,32,2,1,4,2,301,632,933,473,0.0004,1,,Chat
3472,20250315,1949,16,1,2,1,3,349,1355,1704,499,0.0221,1,4.6,Embedding
3473,20250413,1109,34,3,1,3,4,843,1177,2020,868,0.0202,1,,Chat
3474,20250128,1327,37,1,1,4,4,1235,935,2170,779,0.0202,1,,Completion
3475,20250622,1856,72,5,2,6,2,209,335,544,175,0.0019,1,,Completion
3476,20250425,1317,41,5,4,4,2,542,317,859,201,0.0023,1,,Chat
3477,20250316,805,55,2,5,2,3,100,295,395,237,0.0002,1,,Completion
3478,20250119,1110,7,2,3,1,3,2187,159,2346,418,0.0004,1,4.7,Chat
3479,20250305,2059,34,1,4,2,4,190,657,847,559,0.0108,1,4.0,Chat
3480,20250425,223,66,2,3,2,1,181,638,819,477,0.0004,1,,Vision
3481,20250621,1746,29,5,6,1,1,890,324,1214,444,0.0027,1,,Vision
3482,20250119,2209,24,4,1,1,4,392,60,452,120,0.0002,1,4.2,Chat
3483,20250301,1909,48,3,6,1,3,1277,716,1993,242,0.0146,1,4.6,Chat
3484,20250506,1051,43,1,3,3,1,996,733,1729,559,0.016,1,,Completion
3485,20250304,952,10,4,1,1,4,328,922,1250,303,0.0012,1,3.5,Completion
3486,20250424,1655,78,2,5,2,3,296,26,322,228,0.0001,1,,Vision
3487,20250407,1006,35,4,5,2,1,910,4000,4910,348,0.0052,1,,Chat
3488,20250619,31,11,2,7,4,3,1109,193,1302,314,0.0003,0,,Chat
3489,20250303,2132,49,2,2,3,3,3451,202,3653,304,0.0006,1,,Chat
3490,20250102,847,39,1,2,2,3,3055,2632,5687,659,0.0548,1,,Embedding
3491,20250320,1104,64,2,1,1,3,919,470,1389,287,0.0004,1,,Chat
3492,20250509,1430,65,1,1,1,3,1125,1550,2675,817,0.0289,1,3.7,Completion
3493,20250515,1057,75,1,1,1,2,487,472,959,817,0.0095,1,,Chat
3494,20250205,1442,28,3,1,2,4,704,771,1475,574,0.0137,1,3.7,Chat
3495,20250404,1753,10,6,2,2,3,897,252,1149,302,0.0001,1,4.5,Chat
3496,20250301,1936,76,4,2,1,2,398,465,863,273,0.0007,1,4.4,Completion
3497,20250413,1559,58,2,4,2,3,369,362,731,388,0.0003,1,,Chat
3498,20250202,1000,46,2,1,6,1,201,110,311,165,0.0001,1,,Chat
3499,20250119,1631,24,3,3,1,4,328,453,781,790,0.0078,1,4.3,Chat
3500,20250403,1519,60,3,3,2,4,910,721,1631,674,0.0135,1,3.2,Chat
3501,20250602,1352,22,4,2,1,4,550,2208,2758,359,0.0029,1,,Chat
3502,20250205,2319,62,3,5,1,1,814,555,1369,346,0.0108,1,,Chat
3503,20250219,1005,8,1,1,4,2,8972,366,9338,1086,0.0503,1,4.2,Embedding
3504,20250309,942,66,1,1,1,4,467,435,902,635,0.0089,1,,Chat
3505,20250402,1709,38,2,3,1,1,997,231,1228,266,0.0003,1,3.3,Chat
3506,20250224,1220,67,3,7,1,3,536,258,794,883,0.0055,1,,Completion
3507,20250326,622,31,3,4,2,4,6750,434,7184,474,0.0268,1,,Embedding
3508,20250528,1622,70,2,6,3,2,2531,854,3385,329,0.0009,1,,Chat
3509,20250112,1844,50,1,2,2,1,240,366,606,442,0.0067,1,,Completion
3510,20250604,1819,55,1,5,3,1,912,1343,2255,771,0.0247,1,,Vision
3511,20250205,1027,37,3,2,5,4,744,2057,2801,473,0.0331,1,,Chat
3512,20250113,1405,78,6,2,2,3,328,252,580,275,0.0001,1,4.4,Vision
3513,20250322,1054,80,5,5,3,1,280,421,701,197,0.0025,1,,Chat
3514,20250201,1049,17,1,3,3,2,523,558,1081,864,0.011,1,,Chat
3515,20250320,2052,22,1,1,1,3,648,4000,4648,421,0.0632,0,4.4,Chat
3516,20250604,1813,31,1,2,2,3,650,263,913,480,0.0072,0,,Chat
3517,20250124,1317,69,2,5,2,2,1120,583,1703,187,0.0005,1,4.1,Chat
3518,20250210,1003,36,5,5,4,1,291,300,591,259,0.0019,1,3.7,Completion
3519,20250224,1047,77,2,2,1,3,847,2260,3107,230,0.0015,1,,Chat
3520,20250107,1208,60,5,4,5,3,1100,205,1305,345,0.0024,1,4.9,Chat
3521,20250214,1115,72,1,3,2,1,8367,835,9202,508,0.0544,1,,Chat
3522,20250506,1127,29,6,5,2,3,418,1060,1478,155,0.0003,1,3.9,Chat
3523,20250128,1118,72,2,2,1,2,401,325,726,253,0.0003,1,4.8,Chat
3524,20250202,838,74,1,6,1,2,898,547,1445,507,0.0127,1,,Chat
3525,20250307,1653,27,1,1,1,3,3359,558,3917,702,0.0252,1,,Completion
3526,20250614,556,79,2,2,4,3,455,775,1230,238,0.0005,1,3.7,Chat
3527,20250604,1155,17,1,4,4,1,12000,3388,15388,756,0.1108,1,4.0,Chat
3528,20250628,1850,73,3,1,2,3,144,284,428,543,0.0047,1,,Vision
3529,20250622,1311,54,6,5,1,3,427,37,464,317,0.0,1,4.9,Chat
3530,20250306,1612,36,3,4,2,1,6646,284,6930,452,0.0242,1,,Chat
3531,20250531,305,54,2,1,1,3,510,710,1220,220,0.0005,1,4.6,Vision
3532,20250412,2245,57,1,1,3,2,1036,692,1728,339,0.0156,1,4.0,Chat
3533,20250621,1530,41,3,6,5,4,185,1163,1348,814,0.018,1,,Chat
3534,20250116,1942,6,3,2,1,1,483,701,1184,778,0.012,1,,Chat
3535,20250326,1518,58,3,6,3,3,563,62,625,728,0.0026,1,,Chat
3536,20250316,1317,31,1,4,6,3,760,1243,2003,639,0.0224,1,,Chat
3537,20250516,818,53,4,5,1,3,116,126,242,514,0.0002,1,,Chat
3538,20250222,1620,64,4,5,1,3,788,283,1071,255,0.0006,1,,Embedding
3539,20250526,1843,51,3,1,3,4,820,1041,1861,570,0.0181,1,,Completion
3540,20250630,2114,30,5,2,4,1,1297,952,2249,222,0.0064,1,3.5,Embedding
3541,20250210,1811,73,4,3,3,1,502,362,864,440,0.0006,1,3.4,Chat
3542,20250427,941,26,2,6,3,4,798,479,1277,330,0.0004,1,,Chat
3543,20250217,1239,8,1,1,5,2,10788,175,10963,981,0.0566,1,3.3,Completion
3544,20250403,1840,26,1,3,1,1,8963,133,9096,452,0.0468,1,5.0,Chat
3545,20250526,1925,40,1,3,1,1,204,130,334,538,0.003,1,,Chat
3546,20250604,1403,26,5,4,3,4,2787,282,3069,220,0.0049,1,,Vision
3547,20250107,1503,80,3,4,4,2,2142,915,3057,609,0.0202,1,,Chat
3548,20250226,627,72,2,2,2,3,291,1104,1395,298,0.0007,1,,Completion
3549,20250105,1233,46,3,1,2,3,4097,205,4302,598,0.0154,1,,Chat
3550,20250525,1448,49,3,1,2,2,861,662,1523,607,0.0125,1,4.8,Chat
3551,20250416,858,39,2,5,2,3,783,106,889,296,0.0002,1,,Completion
3552,20250622,1943,25,2,1,3,3,516,122,638,267,0.0002,1,,Embedding
3553,20250603,1046,39,6,2,1,2,1135,291,1426,447,0.0002,1,3.3,Chat
3554,20250628,1833,67,3,1,4,2,1149,1187,2336,560,0.0213,1,,Completion
3555,20250304,1443,3,1,7,3,4,933,1246,2179,976,0.0234,1,,Completion
3556,20250417,1751,42,3,1,6,3,3367,1446,4813,775,0.0318,1,,Chat
3557,20250520,915,13,5,7,1,3,3074,1531,4605,257,0.0115,1,4.2,Chat
3558,20250507,1231,27,2,3,4,3,1154,527,1681,260,0.0005,1,,Completion
3559,20250210,859,21,3,5,1,3,1818,1016,2834,815,0.0207,1,3.6,Chat
3560,20250404,1509,13,2,1,3,2,521,768,1289,286,0.0005,1,,Chat
3561,20250102,1237,38,5,4,3,3,565,74,639,262,0.0011,1,4.1,Chat
3562,20250216,1639,15,1,3,2,2,1881,2551,4432,590,0.0477,1,4.7,Chat
3563,20250628,1544,74,3,2,3,2,2959,4000,6959,682,0.0689,1,,Completion
3564,20250407,955,60,3,4,4,1,3127,3541,6668,576,0.0625,1,,Chat
3565,20250225,1750,33,4,7,4,3,2009,784,2793,292,0.0015,1,,Chat
3566,20250608,1107,56,2,1,1,3,618,487,1105,369,0.0004,1,,Chat
3567,20250217,1557,69,4,3,1,3,472,529,1001,364,0.0008,1,3.3,Chat
3568,20250314,1540,26,6,4,1,4,313,283,596,372,0.0001,1,,Chat
3569,20250603,855,48,1,1,3,1,165,2521,2686,766,0.0386,1,4.5,Chat
3570,20250211,1623,50,1,5,1,3,456,1212,1668,712,0.0205,1,,Embedding
3571,20250212,733,38,1,1,2,3,5565,699,6264,559,0.0383,1,,Chat
3572,20250425,1232,52,2,4,1,3,108,546,654,305,0.0003,1,,Vision
3573,20250102,1311,77,2,5,2,3,2101,101,2202,221,0.0004,1,4.1,Embedding
3574,20250111,1039,22,4,2,1,1,517,349,866,322,0.0006,1,4.4,Vision
3575,20250403,1250,2,2,4,1,4,301,1384,1685,516,0.0009,1,,Chat
3576,20250101,1433,41,1,4,1,2,628,2444,3072,320,0.0398,1,4.2,Chat
3577,20250426,1239,56,2,1,4,3,355,123,478,252,0.0001,1,,Completion
3578,20250111,1021,38,4,7,3,2,672,338,1010,219,0.0006,1,3.8,Embedding
3579,20250424,1215,77,1,6,2,3,1063,1299,2362,616,0.0248,1,3.5,Chat
3580,20250124,1748,14,5,3,1,1,1126,536,1662,416,0.0041,1,,Chat
3581,20250602,902,80,2,1,2,1,434,1478,1912,254,0.001,1,3.3,Chat
3582,20250120,246,61,1,2,3,2,1093,684,1777,120,0.0157,1,3.9,Chat
3583,20250414,1912,72,6,6,2,4,349,436,785,257,0.0002,1,4.8,Completion
3584,20250612,819,40,1,1,3,3,459,247,706,896,0.006,1,3.6,Vision
3585,20250327,1344,36,3,3,5,1,794,247,1041,922,0.0061,1,,Chat
3586,20250525,1925,35,2,6,2,2,1931,501,2432,308,0.0006,1,3.3,Chat
3587,20250430,948,62,1,2,1,4,1047,314,1361,234,0.0099,1,3.5,Chat
3588,20250510,1855,58,1,4,1,2,667,1874,2541,850,0.0314,1,,Chat
3589,20250614,1644,76,5,4,1,4,1154,195,1349,462,0.0024,1,4.2,Chat
3590,20250608,1438,22,1,4,2,4,1811,324,2135,438,0.0139,1,4.3,Chat
3591,20250108,1557,33,2,4,1,3,808,168,976,139,0.0002,1,4.1,Completion
3592,20250517,818,37,1,3,2,3,4429,336,4765,572,0.0272,1,,Chat
3593,20250203,1945,45,3,1,4,3,436,301,737,475,0.0058,1,4.5,Chat
3594,20250227,2053,43,2,1,6,3,0,0,0,356,0.0,1,3.2,Chat
3595,20250116,1107,35,1,6,2,2,9389,776,10165,844,0.0586,1,,Chat
3596,20250417,1313,23,2,1,5,4,522,1357,1879,332,0.0009,1,,Chat
3597,20250312,1917,37,2,6,1,3,836,160,996,222,0.0002,1,,Chat
3598,20250207,1405,38,5,4,1,2,378,128,506,397,0.0011,1,,Chat
3599,20250212,1148,37,3,1,2,3,1537,797,2334,516,0.0166,1,,Chat
3600,20250129,1957,65,2,6,4,2,243,412,655,304,0.0003,1,3.4,Vision
3601,20250619,1324,33,2,5,3,2,207,692,899,352,0.0004,1,,Embedding
3602,20250616,1158,28,6,1,2,2,1257,454,1711,154,0.0002,1,,Chat
3603,20250116,1029,1,4,3,1,2,1852,429,2281,224,0.001,1,3.9,Vision
3604,20250215,1058,73,1,3,4,3,799,394,1193,457,0.0099,1,3.8,Chat
3605,20250107,746,10,5,1,1,2,1855,753,2608,155,0.0061,1,3.9,Chat
3606,20250213,1419,50,6,5,2,3,295,264,559,246,0.0001,1,4.7,Chat
3607,20250410,1207,76,1,2,2,3,9926,396,10322,466,0.0556,1,,Embedding
3608,20250207,1051,14,3,1,2,2,3803,125,3928,476,0.0133,1,4.8,Completion
3609,20250423,1905,35,4,1,1,2,828,388,1216,488,0.0007,1,3.4,Chat
3610,20250307,1448,1,1,4,1,2,659,460,1119,391,0.0102,1,,Chat
3611,20250228,1940,66,3,5,2,3,2379,1751,4130,925,0.0334,1,,Chat
3612,20250206,1223,38,2,1,3,3,284,316,600,194,0.0002,1,,Chat
3613,20250308,1410,65,2,3,3,4,1842,286,2128,294,0.0004,1,3.3,Chat
3614,20250506,1310,29,5,1,2,3,1369,187,1556,120,0.0026,1,,Embedding
3615,20250603,1545,42,1,7,2,2,3596,919,4515,504,0.0318,1,5.0,Completion
3616,20250509,910,78,4,1,4,3,1037,372,1409,267,0.0007,1,3.8,Chat
3617,20250410,2128,27,2,5,3,4,283,1493,1776,283,0.0009,1,,Completion
3618,20250127,620,69,1,2,1,2,1119,1497,2616,566,0.028,1,4.7,Completion
3619,20250516,822,18,6,2,4,3,573,159,732,328,0.0001,1,,Completion
3620,20250402,1719,28,6,2,1,3,257,181,438,354,0.0001,1,,Chat
3621,20250123,1032,8,5,2,1,2,251,121,372,314,0.0009,1,,Completion
3622,20250203,1554,3,2,6,1,1,359,331,690,429,0.0003,1,,Chat
3623,20250303,1021,48,2,5,3,2,114,486,600,269,0.0003,1,3.6,Completion
3624,20250624,1159,54,4,7,1,4,1196,674,1870,120,0.0011,1,,Chat
3625,20250209,1121,46,1,6,1,4,12000,1047,13047,803,0.0757,1,3.8,Embedding
3626,20250122,1842,7,3,1,2,3,1362,1282,2644,813,0.0233,1,3.5,Chat
3627,20250625,1648,73,2,5,5,3,497,382,879,222,0.0003,1,,Embedding
3628,20250525,1439,75,1,4,2,3,416,283,699,585,0.0063,1,3.6,Chat
3629,20250329,1036,12,1,2,1,2,808,515,1323,741,0.0118,1,,Chat
3630,20250329,1704,70,2,5,2,2,438,1027,1465,371,0.0007,1,4.9,Embedding
3631,20250321,1608,10,2,1,1,2,763,433,1196,396,0.0004,1,,Chat
3632,20250309,1856,27,1,2,1,3,5089,625,5714,776,0.0348,1,4.3,Chat
3633,20250604,1957,45,1,1,1,2,717,444,1161,653,0.0102,1,,Completion
3634,20250409,1703,11,1,1,6,1,3344,483,3827,306,0.024,0,4.7,Embedding
3635,20250616,1419,68,1,3,1,2,534,146,680,362,0.0049,1,,Embedding
3636,20250123,1514,26,1,1,1,3,5224,624,5848,698,0.0355,1,,Chat
3637,20250505,1846,54,1,6,1,2,285,986,1271,647,0.0162,1,,Chat
3638,20250407,1619,59,2,2,1,2,430,164,594,293,0.0002,1,4.3,Chat
3639,20250221,2022,33,1,7,1,2,3168,371,3539,344,0.0214,1,,Chat
3640,20250302,752,27,1,2,1,2,4994,242,5236,575,0.0286,1,,Completion
3641,20250404,1943,27,1,1,3,4,266,2484,2750,592,0.0386,1,5.0,Chat
3642,20250105,927,33,2,5,2,1,532,178,710,323,0.0002,1,,Chat
3643,20250320,1152,39,2,4,1,4,119,273,392,147,0.0002,1,,Chat
3644,20250307,1442,32,6,7,6,3,228,218,446,297,0.0001,1,,Embedding
3645,20250526,1320,56,3,1,1,2,1720,1148,2868,386,0.0224,1,,Chat
3646,20250510,1339,47,3,1,3,3,50,761,811,581,0.0116,1,,Chat
3647,20250604,1057,72,2,1,1,4,883,894,1777,233,0.0007,1,,Embedding
3648,20250409,1043,11,3,7,4,2,1579,169,1748,499,0.0073,1,,Chat
3649,20250318,1827,38,4,3,1,4,703,66,769,120,0.0003,1,3.6,Completion
3650,20250515,1424,20,1,1,1,2,3172,129,3301,752,0.0178,1,,Chat
3651,20250603,1943,63,5,5,2,3,3637,437,4074,329,0.0067,1,4.8,Chat
3652,20250419,531,30,2,1,5,3,4401,202,4603,188,0.0008,1,,Chat
3653,20250620,1204,40,1,1,2,1,6073,4000,10073,678,0.0904,1,,Chat
3654,20250128,1726,32,3,1,3,2,1398,224,1622,985,0.0076,1,,Chat
3655,20250310,1122,50,2,3,4,3,2649,996,3645,340,0.001,1,,Chat
3656,20250202,2148,26,2,1,2,4,4959,284,5243,200,0.0009,1,,Completion
3657,20250411,633,55,3,6,6,3,12000,396,12396,908,0.0419,1,3.8,Chat
3658,20250417,1135,54,4,2,2,2,2655,182,2837,163,0.0009,0,,Vision
3659,20250613,1300,53,3,2,3,2,786,1060,1846,638,0.0183,1,,Chat
3660,20250327,1626,76,4,1,5,2,511,187,698,222,0.0004,1,3.7,Chat
3661,20250202,2205,76,1,1,2,2,1677,91,1768,531,0.0097,1,,Chat
3662,20250529,1431,50,3,6,5,3,8479,1599,10078,440,0.0494,1,,Completion
3663,20250527,2327,11,5,4,6,3,646,952,1598,166,0.0056,1,3.5,Completion
3664,20250216,448,24,1,1,2,4,327,27,354,1130,0.002,1,,Chat
3665,20250414,1437,37,1,1,5,1,531,925,1456,693,0.0165,1,,Chat
3666,20250419,1615,65,2,7,4,1,1975,258,2233,193,0.0005,1,,Chat
3667,20250208,1711,54,3,4,1,2,2987,662,3649,1145,0.0189,1,,Chat
3668,20250608,1246,51,2,4,1,3,295,471,766,213,0.0003,1,,Chat
3669,20250225,1554,5,5,1,1,1,314,235,549,465,0.0016,1,,Chat
3670,20250627,1224,39,4,1,2,3,324,893,1217,176,0.0012,1,,Chat
3671,20250512,1144,72,4,5,4,1,1117,733,1850,399,0.0012,1,3.6,Vision
3672,20250326,1132,75,1,6,4,3,2430,386,2816,512,0.0179,1,,Chat
3673,20250127,1806,9,1,2,5,4,773,783,1556,685,0.0156,1,4.6,Chat
3674,20250409,925,55,4,1,5,3,1586,531,2117,120,0.0011,1,,Vision
3675,20250325,1537,54,2,1,1,2,331,839,1170,138,0.0006,1,3.5,Vision
3676,20250108,1253,36,2,1,1,3,921,345,1266,354,0.0003,1,,Chat
3677,20250329,708,33,4,4,1,2,2941,516,3457,413,0.0014,1,,Completion
3678,20250114,1723,32,2,6,2,2,658,110,768,224,0.0002,1,,Chat
3679,20250314,2054,20,4,1,4,2,2314,195,2509,120,0.0008,1,4.2,Chat
3680,20250509,1357,65,2,5,2,3,513,267,780,331,0.0002,1,4.5,Chat
3681,20250304,1725,12,1,2,2,2,3605,919,4524,240,0.0318,1,,Chat
3682,20250630,1251,18,2,2,2,4,5290,453,5743,316,0.0011,1,4.2,Chat
3683,20250525,1519,17,1,6,3,1,2029,62,2091,595,0.0111,1,4.6,Chat
3684,20250415,1355,62,5,5,3,2,2107,343,2450,120,0.0043,1,,Chat
3685,20250530,1554,5,3,6,1,2,599,189,788,460,0.0046,1,,Chat
3686,20250628,1641,73,2,2,1,4,2064,497,2561,341,0.0006,1,,Chat
3687,20250529,1549,15,6,3,1,4,728,597,1325,120,0.0002,1,4.0,Chat
3688,20250507,1434,68,1,5,3,2,471,1816,2287,616,0.0296,1,,Chat
3689,20250521,1435,28,3,1,4,2,297,1581,1878,792,0.0246,1,3.2,Embedding
3690,20250211,1601,57,3,2,2,4,594,288,882,700,0.0061,1,,Chat
3691,20250101,1129,62,1,1,5,2,2069,77,2146,539,0.0115,1,,Completion
3692,20250531,2126,25,2,4,1,4,987,380,1367,474,0.0004,1,3.7,Embedding
3693,20250601,447,1,1,1,2,3,592,411,1003,845,0.0091,0,4.0,Chat
3694,20250513,1732,46,3,5,1,3,563,1553,2116,558,0.025,1,4.7,Chat
3695,20250202,1820,54,6,1,2,2,262,297,559,231,0.0001,1,,Chat
3696,20250124,1849,2,1,1,1,1,794,578,1372,765,0.0126,1,3.8,Completion
3697,20250109,1628,8,4,1,1,4,1477,395,1872,239,0.0009,1,,Chat
3698,20250314,1215,64,2,6,3,3,680,408,1088,265,0.0003,1,,Chat
3699,20250128,1436,27,3,7,2,2,293,1134,1427,691,0.0179,1,,Chat
3700,20250317,1808,45,1,1,1,4,1339,115,1454,568,0.0084,1,,Chat
3701,20250617,1302,75,4,1,3,1,1298,56,1354,284,0.0004,1,,Chat
3702,20250216,1620,9,4,3,1,3,366,351,717,218,0.0005,1,,Completion
3703,20250523,1134,32,3,4,1,3,890,306,1196,805,0.0073,1,,Vision
3704,20250515,1136,22,2,2,6,2,295,1484,1779,374,0.0009,1,,Embedding
3705,20250525,639,28,5,5,4,1,334,405,739,311,0.0024,1,,Chat
3706,20250126,832,68,2,1,3,2,1886,666,2552,327,0.0007,1,4.4,Completion
3707,20250216,1924,2,1,4,3,2,2105,921,3026,1004,0.0243,1,3.5,Chat
3708,20250226,1814,16,1,7,2,3,577,1098,1675,498,0.0194,1,4.7,Chat
3709,20250119,1637,64,1,2,2,4,2157,161,2318,622,0.0132,1,,Embedding
3710,20250116,1558,30,3,3,1,1,865,811,1676,833,0.0148,1,,Vision
3711,20250302,1343,24,2,2,1,3,814,1070,1884,326,0.0008,1,3.2,Chat
3712,20250501,1442,77,3,1,5,2,513,1138,1651,725,0.0186,1,,Chat
3713,20250503,1916,54,5,1,5,2,693,70,763,120,0.0012,1,4.5,Chat
3714,20250623,1651,39,2,5,1,3,398,478,876,291,0.0003,1,,Chat
3715,20250527,1303,78,5,1,2,4,609,158,767,278,0.0016,1,,Chat
3716,20250502,1157,56,1,6,4,2,923,442,1365,598,0.0112,1,4.8,Chat
3717,20250116,1742,48,2,1,2,4,591,788,1379,430,0.0006,1,,Vision
3718,20250530,1714,9,1,3,1,3,2285,820,3105,846,0.0237,1,3.3,Completion
3719,20250330,1424,39,2,7,1,4,1613,556,2169,244,0.0006,1,3.6,Chat
3720,20250324,1728,36,1,1,6,2,1467,544,2011,541,0.0155,1,4.8,Embedding
3721,20250219,1434,52,4,6,5,3,1630,703,2333,314,0.0013,1,,Chat
3722,20250429,1605,19,1,1,3,4,4777,521,5298,396,0.0317,1,,Completion
3723,20250529,1959,49,2,1,5,3,412,183,595,120,0.0002,1,,Chat
3724,20250107,1613,61,4,1,5,2,154,174,328,337,0.0003,1,5.0,Chat
3725,20250527,1655,13,4,5,3,2,369,294,663,194,0.0005,1,4.3,Chat
3726,20250629,1114,23,3,1,4,3,1747,373,2120,594,0.0108,1,,Chat
3727,20250306,855,75,6,7,2,2,1843,509,2352,357,0.0003,1,,Chat
3728,20250518,1957,41,2,1,4,3,316,243,559,120,0.0002,1,,Chat
3729,20250108,212,29,1,1,5,2,1153,1614,2767,368,0.03,1,3.5,Chat
3730,20250529,1752,58,2,1,3,2,3539,313,3852,180,0.0007,1,,Chat
3731,20250124,1312,18,1,5,2,3,144,580,724,836,0.0094,1,,Chat
3732,20250409,1318,41,3,1,2,4,1008,993,2001,787,0.0179,1,4.0,Chat
3733,20250528,710,3,4,5,5,2,720,2619,3339,149,0.0035,1,,Chat
3734,20250411,1313,28,3,4,1,3,9337,1718,11055,533,0.0538,1,3.2,Completion
3735,20250512,1449,20,2,1,1,2,663,174,837,272,0.0002,1,,Completion
3736,20250314,1236,64,2,3,2,4,736,174,910,154,0.0002,1,4.7,Chat
3737,20250125,1303,30,5,4,4,3,3113,354,3467,247,0.0057,1,,Chat
3738,20250515,1717,19,1,2,1,3,1143,3549,4692,649,0.0589,1,3.3,Completion
3739,20250208,1610,49,3,2,3,4,629,970,1599,712,0.0164,1,,Completion
3740,20250408,1346,5,1,1,1,2,810,328,1138,714,0.009,1,,Chat
3741,20250418,1637,38,3,1,4,4,1179,790,1969,641,0.0154,1,3.7,Completion
3742,20250204,1457,49,1,5,3,4,1096,612,1708,1263,0.0147,1,3.2,Chat
3743,20250207,1558,29,2,3,1,3,1188,479,1667,254,0.0005,1,4.8,Embedding
3744,20250310,1947,45,1,6,4,3,1001,1639,2640,573,0.0296,1,,Chat
3745,20250607,1033,22,5,4,1,3,924,129,1053,332,0.0018,1,4.4,Chat
3746,20250125,916,57,2,7,1,2,499,97,596,556,0.0001,1,3.6,Chat
3747,20250402,716,41,1,5,1,3,1352,1783,3135,885,0.0335,1,4.2,Completion
3748,20250102,1752,21,3,1,4,3,975,2172,3147,857,0.0355,1,,Completion
3749,20250624,1422,76,3,2,3,1,1703,450,2153,443,0.0119,1,,Embedding
3750,20250212,1821,56,3,1,4,2,4975,259,5234,615,0.0188,1,,Completion
3751,20250117,1314,77,2,1,3,2,645,348,993,372,0.0003,1,3.3,Embedding
3752,20250306,1138,63,4,1,1,3,310,944,1254,234,0.0013,1,5.0,Completion
3753,20250504,841,30,3,1,1,4,824,439,1263,1003,0.0091,1,4.3,Completion
3754,20250218,1714,3,1,5,4,3,4219,1311,5530,865,0.0408,0,,Completion
3755,20250601,1141,17,5,1,2,2,556,142,698,259,0.0014,1,3.2,Vision
3756,20250327,1637,14,4,1,3,4,750,1007,1757,168,0.0014,1,4.2,Embedding
3757,20250315,1616,33,2,1,1,1,216,357,573,352,0.0002,1,,Completion
3758,20250108,1312,2,4,2,2,2,1092,146,1238,120,0.0005,1,,Chat
3759,20250622,1659,43,5,4,5,3,3195,141,3336,399,0.0047,1,3.7,Chat
3760,20250407,1446,51,2,2,1,1,199,126,325,281,0.0001,1,4.8,Chat
3761,20250513,1238,56,1,1,1,1,360,120,480,457,0.0036,1,,Chat
3762,20250102,1419,37,5,5,3,3,661,215,876,299,0.0019,1,3.9,Chat
3763,20250406,1808,57,1,3,3,3,1986,536,2522,861,0.018,1,,Completion
3764,20250220,1025,55,6,7,1,3,543,278,821,158,0.0001,1,3.8,Chat
3765,20250210,1239,35,3,1,1,3,168,3701,3869,436,0.056,1,,Chat
3766,20250303,2038,46,3,1,6,3,1391,1029,2420,538,0.0196,1,,Embedding
3767,20250603,1451,24,2,3,2,2,1194,581,1775,355,0.0005,1,,Chat
3768,20250506,1253,78,4,1,1,3,431,85,516,331,0.0002,1,,Chat
3769,20250110,1817,60,4,1,4,2,2848,428,3276,204,0.0012,1,,Chat
3770,20250328,736,50,6,2,1,2,1698,71,1769,246,0.0001,1,,Completion
3771,20250106,1321,33,1,6,3,3,1249,622,1871,681,0.0156,1,,Chat
3772,20250317,451,3,5,4,1,1,673,49,722,351,0.0011,1,,Vision
3773,20250211,1151,61,2,4,1,2,95,165,260,224,0.0001,1,,Completion
3774,20250528,1837,55,3,4,4,3,1630,834,2464,918,0.0174,1,4.0,Chat
3775,20250423,1335,43,1,5,1,2,2847,1152,3999,357,0.0315,1,,Vision
3776,20250521,1953,21,1,1,1,3,323,1438,1761,304,0.0232,1,,Embedding
3777,20250614,1654,80,3,1,4,3,8620,491,9111,591,0.0332,1,,Completion
3778,20250107,1640,52,1,7,2,3,963,3385,4348,693,0.0556,1,4.5,Completion
3779,20250116,1245,30,3,2,1,3,780,248,1028,507,0.0061,1,4.8,Chat
3780,20250201,1227,64,3,2,2,3,822,322,1144,1127,0.0073,1,,Chat
3781,20250116,947,1,4,6,1,2,758,546,1304,341,0.0009,1,4.0,Chat
3782,20250321,1349,55,1,5,6,1,1052,924,1976,710,0.0191,1,,Completion
3783,20250509,1242,72,1,2,3,2,280,385,665,389,0.0072,1,,Chat
3784,20250528,1152,63,2,1,1,4,685,448,1133,454,0.0004,1,4.8,Chat
3785,20250415,1140,53,5,6,2,2,1335,428,1763,407,0.0038,1,3.7,Completion
3786,20250620,1630,32,2,6,2,3,268,76,344,310,0.0001,1,,Embedding
3787,20250115,1150,76,2,7,3,1,275,112,387,295,0.0001,1,,Chat
3788,20250502,2018,14,3,1,2,3,890,1054,1944,626,0.0185,1,,Chat
3789,20250317,807,6,6,1,1,3,1288,130,1418,282,0.0001,1,4.4,Embedding
3790,20250209,1256,15,2,1,4,1,1485,134,1619,318,0.0003,1,,Completion
3791,20250416,1055,2,2,2,1,4,419,20,439,485,0.0001,1,5.0,Chat
3792,20250521,1640,66,3,3,1,2,621,206,827,537,0.005,1,,Chat
3793,20250206,1647,5,2,7,1,4,121,292,413,453,0.0002,1,3.3,Completion
3794,20250311,956,54,6,3,1,2,715,2149,2864,341,0.0007,1,3.3,Chat
3795,20250624,1413,6,5,7,2,4,1049,234,1283,407,0.0025,1,4.4,Chat
3796,20250117,1215,51,4,4,1,4,114,236,350,185,0.0003,1,,Embedding
3797,20250421,1224,8,2,1,1,3,526,913,1439,348,0.0006,1,,Chat
3798,20250610,1541,21,3,2,3,2,1335,220,1555,153,0.0073,1,,Vision
3799,20250422,1458,65,1,2,3,4,2965,542,3507,528,0.023,1,,Chat
3800,20250426,1514,43,3,1,6,3,1232,2985,4217,930,0.0485,1,4.6,Chat
3801,20250327,1753,46,3,7,3,2,2857,176,3033,800,0.0112,1,,Chat
3802,20250103,1523,64,1,1,3,3,2456,961,3417,753,0.0267,1,4.9,Chat
3803,20250218,21,17,2,2,4,2,621,732,1353,233,0.0005,1,,Embedding
3804,20250524,1725,41,6,3,2,2,1549,450,1999,443,0.0003,1,,Chat
3805,20250117,1023,45,2,1,3,2,429,395,824,366,0.0003,1,,Vision
3806,20250221,1430,75,5,2,6,1,2115,188,2303,168,0.0036,1,3.8,Chat
3807,20250327,1533,33,6,2,1,3,620,523,1143,277,0.0002,1,,Completion
3808,20250123,1225,54,2,4,1,4,621,338,959,250,0.0003,1,,Chat
3809,20250206,1308,20,6,5,2,2,462,684,1146,299,0.0002,1,,Embedding
3810,20250128,2317,1,4,1,3,1,768,206,974,541,0.0004,1,4.2,Chat
3811,20250618,1516,77,3,3,1,4,3605,1056,4661,791,0.0267,1,,Vision
3812,20250204,1657,16,3,5,4,3,444,853,1297,348,0.0141,1,4.6,Completion
3813,20250601,1338,70,1,1,4,2,648,845,1493,726,0.0159,1,4.4,Vision
3814,20250329,1502,4,1,1,1,2,1785,338,2123,590,0.014,1,,Completion
3815,20250614,1733,44,5,2,6,3,1739,124,1863,129,0.0028,1,,Embedding
3816,20250118,1106,31,3,1,1,1,3809,1908,5717,439,0.04,1,,Chat
3817,20250421,1528,38,1,1,3,2,8386,892,9278,973,0.0553,1,,Chat
3818,20250218,1725,68,1,4,3,2,539,502,1041,657,0.0102,1,4.7,Chat
3819,20250603,1404,42,3,3,4,3,3348,887,4235,120,0.0233,1,,Embedding
3820,20250405,826,56,1,1,1,4,150,710,860,704,0.0114,1,,Completion
3821,20250611,1506,66,5,5,2,3,280,585,865,350,0.0033,1,4.2,Chat
3822,20250316,841,51,1,1,2,3,309,601,910,1057,0.0106,1,3.3,Chat
3823,20250202,2054,17,5,4,2,2,1104,177,1281,366,0.0023,1,,Chat
3824,20250307,1206,50,1,4,6,4,621,78,699,673,0.0043,1,,Embedding
3825,20250506,1116,47,3,3,4,4,1475,67,1542,688,0.0054,1,,Chat
3826,20250110,433,40,1,2,2,3,3975,988,4963,586,0.0347,1,4.7,Chat
3827,20250511,1607,70,1,4,2,2,503,644,1147,830,0.0122,1,4.3,Chat
3828,20250428,127,19,3,1,3,3,856,589,1445,605,0.0114,1,3.9,Chat
3829,20250222,1939,69,5,2,1,2,241,194,435,120,0.0013,1,,Vision
3830,20250211,2057,5,6,4,2,3,532,227,759,274,0.0001,1,,Embedding
3831,20250623,1601,11,1,3,1,3,1895,4000,5895,753,0.0695,1,,Chat
3832,20250310,1229,37,5,1,2,3,401,236,637,132,0.0017,1,,Chat
3833,20250119,1401,80,1,6,3,3,2932,336,3268,466,0.0197,1,3.6,Completion
3834,20250527,2040,60,5,2,3,2,184,56,240,167,0.0005,1,,Completion
3835,20250125,705,7,6,1,2,3,941,243,1184,258,0.0001,1,3.2,Chat
3836,20250122,1841,3,1,5,4,2,670,1256,1926,993,0.0222,1,,Chat
3837,20250206,1208,37,3,2,1,4,2799,478,3277,860,0.0156,1,,Vision
3838,20250426,749,62,1,1,1,3,258,415,673,447,0.0075,1,,Chat
3839,20250515,1156,67,3,1,6,3,1075,1192,2267,557,0.0211,1,4.9,Chat
3840,20250228,1037,68,2,7,1,2,484,171,655,188,0.0002,1,,Chat
3841,20250620,718,3,3,3,1,4,1435,350,1785,869,0.0096,1,,Completion
3842,20250321,828,77,5,5,1,3,408,1542,1950,187,0.0082,1,3.9,Completion
3843,20250203,1341,31,4,1,2,3,222,104,326,431,0.0002,1,5.0,Chat
3844,20250601,1418,61,2,6,3,3,750,78,828,315,0.0002,1,,Completion
3845,20250422,1813,67,3,5,2,3,4227,1135,5362,393,0.0297,1,,Chat
3846,20250530,1508,42,1,3,3,2,2611,109,2720,394,0.0147,1,4.5,Chat
3847,20250123,1739,7,2,1,3,4,1463,88,1551,357,0.0003,1,4.1,Chat
3848,20250316,1449,46,2,1,5,3,1343,192,1535,343,0.0003,1,,Embedding
3849,20250204,1701,20,3,3,3,3,942,612,1554,502,0.012,1,,Chat
3850,20250620,2026,53,4,1,1,3,596,150,746,209,0.0003,1,,Chat
3851,20250111,1436,75,2,2,1,2,1310,106,1416,461,0.0003,1,,Completion
3852,20250309,1540,1,4,7,1,3,1012,304,1316,281,0.0006,1,,Chat
3853,20250627,1337,38,1,1,1,4,3706,597,4303,824,0.0275,1,,Completion
3854,20250130,1229,45,1,1,2,4,1628,280,1908,926,0.0123,1,,Completion
3855,20250325,1014,31,1,4,4,2,967,446,1413,569,0.0115,1,,Completion
3856,20250410,1651,17,3,2,1,4,975,2262,3237,463,0.0369,1,4.7,Chat
3857,20250603,1405,57,1,1,1,3,616,897,1513,646,0.0165,1,,Chat
3858,20250122,1342,53,3,4,1,3,4396,323,4719,783,0.018,0,,Chat
3859,20250508,1053,78,1,2,5,4,1499,193,1692,499,0.0104,1,,Completion
3860,20250316,1349,22,5,5,2,3,3405,359,3764,442,0.0061,1,,Chat
3861,20250220,1424,45,5,5,3,2,469,1222,1691,322,0.0067,1,,Completion
3862,20250506,1113,49,4,6,1,2,1015,257,1272,120,0.0006,1,4.9,Completion
3863,20250318,1751,77,4,4,1,3,1781,1575,3356,321,0.0024,1,,Vision
3864,20250123,1316,49,2,4,5,2,1410,680,2090,440,0.0006,1,,Completion
3865,20250215,1355,51,3,4,1,3,1135,304,1439,772,0.008,1,,Chat
3866,20250117,740,41,2,1,4,1,1337,544,1881,337,0.0005,1,4.8,Chat
3867,20250114,1422,16,6,1,2,2,2643,693,3336,220,0.0004,1,,Chat
3868,20250318,1153,8,3,6,6,4,555,1016,1571,422,0.0169,1,3.6,Completion
3869,20250611,1842,61,4,6,1,4,2187,156,2343,261,0.0007,1,,Chat
3870,20250323,1437,77,1,6,5,3,3242,2776,6018,266,0.0578,1,,Chat
3871,20250502,1205,5,4,2,1,3,523,100,623,232,0.0003,0,,Embedding
3872,20250216,1552,71,2,5,5,2,517,88,605,561,0.0001,1,4.4,Completion
3873,20250511,1536,51,1,4,1,4,1497,212,1709,709,0.0107,1,,Chat
3874,20250120,1323,37,1,1,4,4,202,217,419,830,0.0043,1,3.4,Completion
3875,20250601,2122,9,1,1,3,3,1933,1716,3649,614,0.0354,1,,Chat
3876,20250226,1344,20,3,6,1,3,3987,2920,6907,945,0.0558,1,,Completion
3877,20250219,900,56,2,2,1,4,626,418,1044,254,0.0003,1,3.5,Completion
3878,20250520,1554,19,4,3,1,2,0,0,0,445,0.0,1,,Chat
3879,20250318,1231,53,4,1,4,3,194,447,641,464,0.0006,1,,Completion
3880,20250109,1229,42,5,2,2,3,1234,596,1830,298,0.0045,1,,Chat
3881,20250625,1403,46,4,6,1,3,289,47,336,171,0.0001,1,4.2,Chat
3882,20250519,1207,44,4,5,5,3,1785,302,2087,229,0.0008,1,3.2,Chat
3883,20250506,1051,77,5,3,3,2,1201,1047,2248,384,0.0067,1,4.0,Completion
3884,20250219,1653,49,2,5,3,4,176,244,420,470,0.0002,1,,Chat
3885,20250312,1847,57,2,7,1,4,166,315,481,315,0.0002,1,,Chat
3886,20250213,1032,56,2,6,1,3,83,359,442,202,0.0002,1,,Chat
3887,20250304,1018,64,1,2,1,4,939,530,1469,647,0.0126,0,4.9,Chat
3888,20250417,1001,17,2,1,3,2,545,74,619,310,0.0001,1,,Completion
3889,20250426,215,63,2,3,1,4,512,721,1233,176,0.0005,1,,Chat
3890,20250124,1628,72,3,5,1,1,4254,25,4279,615,0.0131,1,,Completion
3891,20250331,233,68,2,2,3,3,598,328,926,120,0.0003,1,4.5,Completion
3892,20250611,2139,15,2,4,1,1,860,160,1020,423,0.0002,1,,Chat
3893,20250525,620,32,4,3,2,4,220,46,266,456,0.0001,1,,Chat
3894,20250510,1517,29,2,1,3,1,1204,426,1630,336,0.0004,1,,Chat
3895,20250525,1453,71,5,5,5,1,848,361,1209,220,0.0029,1,4.1,Embedding
3896,20250111,1340,77,3,7,1,2,1760,668,2428,313,0.0153,1,,Chat
3897,20250324,835,49,1,1,3,2,3955,449,4404,783,0.0265,1,4.5,Chat
3898,20250127,908,61,1,1,1,2,307,270,577,599,0.0056,1,4.9,Embedding
3899,20250405,1139,25,4,5,1,2,2131,384,2515,461,0.001,1,4.8,Completion
3900,20250630,1507,24,3,3,6,2,119,1641,1760,306,0.025,1,,Chat
3901,20250207,1449,71,3,5,1,3,617,4000,4617,977,0.0619,1,,Chat
3902,20250226,1137,59,5,2,1,4,593,406,999,364,0.0028,1,,Chat
3903,20250508,1432,73,2,2,1,3,264,179,443,279,0.0001,1,,Vision
3904,20250619,1802,47,4,5,3,2,977,171,1148,343,0.0005,1,3.9,Vision
3905,20250105,1259,11,5,4,6,3,1482,2829,4311,244,0.016,1,3.5,Vision
3906,20250302,1701,50,2,1,2,2,340,300,640,282,0.0002,1,3.3,Chat
3907,20250424,1310,71,2,1,2,2,6104,254,6358,337,0.0011,1,,Completion
3908,20250510,642,5,4,3,4,3,981,871,1852,228,0.0013,1,3.8,Chat
3909,20250328,339,51,1,3,1,2,1288,611,1899,814,0.0156,1,4.1,Embedding
3910,20250331,2205,4,6,1,2,3,472,159,631,165,0.0001,1,,Chat
3911,20250410,1435,41,2,1,4,3,1023,207,1230,356,0.0003,1,,Chat
3912,20250426,1536,29,6,2,5,4,691,153,844,232,0.0001,1,,Chat
3913,20250502,406,29,2,7,2,2,822,337,1159,298,0.0003,1,4.8,Completion
3914,20250415,1635,5,3,5,2,3,1970,541,2511,661,0.014,1,,Chat
3915,20250424,810,55,5,5,4,4,393,344,737,207,0.0022,1,,Chat
3916,20250525,1722,45,2,7,2,2,367,396,763,291,0.0003,1,4.8,Completion
3917,20250504,1657,57,2,5,1,3,1496,595,2091,120,0.0006,1,,Chat
3918,20250509,1835,79,1,2,4,3,6169,380,6549,703,0.0365,1,,Embedding
3919,20250316,1048,65,5,3,1,2,115,176,291,227,0.001,1,,Chat
3920,20250122,1223,37,3,1,5,1,513,299,812,647,0.006,1,,Vision
3921,20250621,1007,67,4,3,1,2,1084,589,1673,513,0.001,1,,Chat
3922,20250615,1818,30,2,2,2,2,827,194,1021,308,0.0002,1,4.4,Chat
3923,20250614,1535,5,1,6,1,3,801,1267,2068,331,0.023,1,4.1,Chat
3924,20250605,1350,40,5,4,1,3,1096,258,1354,259,0.0027,1,4.0,Chat
3925,20250617,1325,29,4,6,4,4,313,895,1208,180,0.0012,1,3.7,Chat
3926,20250505,1502,13,1,2,4,4,2025,244,2269,666,0.0138,1,3.8,Completion
3927,20250611,1053,79,4,6,3,2,2326,125,2451,215,0.0007,1,,Chat
3928,20250601,958,28,3,5,3,2,344,2728,3072,773,0.042,1,,Chat
3929,20250507,1440,54,6,6,2,3,368,714,1082,199,0.0002,1,3.7,Completion
3930,20250223,1704,58,2,5,1,3,303,190,493,354,0.0002,1,4.3,Vision
3931,20250227,1757,14,5,7,6,4,1138,135,1273,236,0.0021,1,,Chat
3932,20250126,1424,7,2,1,1,1,309,1059,1368,120,0.0007,1,3.9,Vision
3933,20250128,1008,54,2,1,1,2,420,29,449,143,0.0001,1,,Chat
3934,20250401,1659,75,1,6,4,4,1380,2682,4062,1001,0.0471,1,,Completion
3935,20250615,1532,73,2,1,1,1,881,349,1230,120,0.0003,1,,Chat
3936,20250419,802,13,1,1,4,3,1481,1080,2561,715,0.0236,1,4.9,Embedding
3937,20250327,1002,54,1,6,1,1,3420,2460,5880,863,0.054,1,3.4,Chat
3938,20250603,1757,19,1,7,3,3,765,1672,2437,683,0.0289,1,,Chat
3939,20250226,1659,15,6,1,3,4,924,297,1221,195,0.0002,1,,Chat
3940,20250521,1351,25,3,2,2,1,3593,395,3988,853,0.0167,1,3.9,Chat
3941,20250630,1651,1,1,6,4,3,993,2251,3244,569,0.0387,1,,Chat
3942,20250422,2044,22,2,6,5,1,983,325,1308,192,0.0003,1,,Chat
3943,20250209,1353,56,2,2,1,2,553,113,666,258,0.0002,1,,Vision
3944,20250311,1059,46,5,2,1,1,1127,1002,2129,159,0.0064,1,,Chat
3945,20250509,2040,70,1,2,1,2,1177,238,1415,822,0.0095,1,,Completion
3946,20250208,1225,10,3,1,1,2,1234,409,1643,464,0.0098,1,4.4,Chat
3947,20250208,1626,32,3,2,5,3,1005,153,1158,775,0.0053,1,,Chat
3948,20250316,927,57,5,1,2,3,235,910,1145,162,0.0048,1,4.1,Chat
3949,20250613,445,58,1,4,1,2,2497,450,2947,600,0.0192,1,4.4,Vision
3950,20250506,1222,54,2,3,1,1,819,174,993,424,0.0002,1,,Vision
3951,20250102,858,78,5,5,2,3,992,570,1562,205,0.0041,1,4.4,Embedding
3952,20250201,957,51,3,1,1,2,3704,234,3938,511,0.0146,1,,Embedding
3953,20250522,1743,27,2,3,1,2,686,71,757,451,0.0001,1,3.4,Chat
3954,20250412,1125,14,6,7,3,3,462,410,872,341,0.0002,1,,Chat
3955,20250509,2133,29,2,3,4,4,149,666,815,352,0.0004,1,,Completion
3956,20250525,1330,31,5,7,1,2,1350,730,2080,144,0.0053,1,4.1,Chat
3957,20250420,2000,49,1,1,4,1,281,204,485,590,0.0045,1,,Chat
3958,20250617,2111,53,2,1,2,4,503,321,824,420,0.0003,1,4.9,Completion
3959,20250628,1209,71,3,1,5,2,412,404,816,961,0.0073,1,,Vision
3960,20250202,1404,54,1,5,1,1,9234,1213,10447,503,0.0644,1,3.3,Embedding
3961,20250204,1445,51,5,6,2,3,308,187,495,718,0.0013,1,,Chat
3962,20250516,1825,55,6,2,1,4,1443,194,1637,433,0.0002,1,,Vision
3963,20250130,1818,21,1,3,4,3,8792,3433,12225,313,0.0955,1,,Chat
3964,20250220,937,36,1,3,6,1,490,245,735,723,0.0061,1,,Completion
3965,20250215,1125,51,6,1,1,4,4295,1667,5962,279,0.0008,1,,Completion
3966,20250617,2128,42,6,7,2,3,2538,225,2763,120,0.0003,1,,Embedding
3967,20250326,1311,16,3,1,1,2,703,732,1435,670,0.0131,1,,Chat
3968,20250307,1402,42,1,2,3,4,2261,190,2451,743,0.0142,1,,Embedding
3969,20250316,1215,48,1,4,4,2,1635,1494,3129,371,0.0306,1,,Chat
3970,20250611,1253,61,2,3,2,1,597,213,810,368,0.0002,1,5.0,Completion
3971,20250331,1123,62,1,2,2,3,768,306,1074,898,0.0084,1,,Completion
3972,20250110,1200,47,2,6,2,3,1006,1771,2777,272,0.0012,1,,Chat
3973,20250125,1840,19,1,3,3,1,7124,1596,8720,646,0.0596,1,,Completion
3974,20250129,1651,31,6,4,1,2,208,170,378,220,0.0001,1,,Completion
3975,20250608,2243,12,1,1,1,2,594,274,868,412,0.0071,1,,Chat
3976,20250114,1643,50,1,6,2,4,1544,1689,3233,802,0.0331,1,3.9,Chat
3977,20250125,818,49,4,2,5,2,321,1054,1375,260,0.0014,1,,Chat
3978,20250530,1818,78,1,1,1,2,1153,240,1393,581,0.0094,1,,Chat
3979,20250522,1004,4,2,1,3,3,399,391,790,330,0.0003,1,,Chat
3980,20250613,722,30,5,5,2,2,654,200,854,216,0.0018,1,,Chat
3981,20250309,1407,24,3,1,4,2,772,2237,3009,920,0.0359,1,,Chat
3982,20250126,1803,62,1,6,2,3,816,241,1057,668,0.0077,1,4.0,Chat
3983,20250315,1305,57,3,7,1,2,728,196,924,640,0.0051,1,,Chat
3984,20250608,1254,80,1,2,1,3,2666,1132,3798,900,0.0303,1,,Completion
3985,20250609,845,67,2,2,1,3,954,177,1131,160,0.0002,1,,Completion
3986,20250503,1206,13,4,2,3,4,1740,240,1980,433,0.0007,1,,Chat
3987,20250321,1623,65,1,4,1,2,903,1811,2714,751,0.0317,1,,Chat
3988,20250309,1005,61,1,4,1,1,8593,770,9363,654,0.0545,1,,Completion
3989,20250519,1022,7,2,2,5,2,1922,512,2434,341,0.0006,1,,Chat
3990,20250414,1156,64,1,1,6,1,3084,1431,4515,497,0.0369,1,,Chat
3991,20250224,834,58,1,6,1,3,2395,135,2530,684,0.014,1,4.9,Completion
3992,20250501,1237,41,3,2,1,2,4530,414,4944,901,0.0198,1,,Chat
3993,20250316,1154,41,1,1,1,3,3640,4000,7640,407,0.0782,1,,Chat
3994,20250120,1507,38,5,2,4,1,7894,349,8243,286,0.0116,1,3.7,Completion
3995,20250306,1756,16,2,4,6,1,690,77,767,390,0.0001,0,3.7,Chat
3996,20250116,541,30,2,1,4,1,457,921,1378,245,0.0006,1,,Chat
3997,20250115,1114,52,4,5,2,3,1467,160,1627,160,0.0006,1,,Completion
3998,20250626,1527,36,2,4,1,1,564,114,678,342,0.0002,1,4.7,Chat
3999,20250311,1537,56,2,2,4,2,481,257,738,326,0.0002,1,3.3,Chat
4000,20250227,1841,14,5,1,3,2,515,576,1091,335,0.0035,1,,Completion
4001,20250520,1738,64,4,4,4,1,689,152,841,234,0.0004,1,4.1,Chat
4002,20250523,1551,15,5,5,2,2,3417,218,3635,358,0.0054,1,3.2,Chat
4003,20250320,1253,63,3,4,6,3,1495,2539,4034,823,0.0426,1,4.5,Chat
4004,20250503,902,78,3,4,3,2,755,1985,2740,682,0.032,1,,Completion
4005,20250323,903,62,1,7,4,1,590,1174,1764,876,0.0206,1,4.2,Chat
4006,20250527,1444,72,1,5,2,3,12000,1316,13316,594,0.0797,1,,Completion
4007,20250109,1038,46,2,3,1,3,276,439,715,232,0.0003,1,,Chat
4008,20250113,2025,65,1,1,3,2,5804,1098,6902,381,0.0455,1,,Completion
4009,20250124,1138,13,3,1,1,4,4701,352,5053,905,0.0194,1,4.7,Completion
4010,20250512,1541,63,6,4,5,2,696,181,877,270,0.0001,1,,Chat
4011,20250123,1448,26,3,5,3,2,3761,259,4020,590,0.0152,1,,Embedding
4012,20250211,1413,20,2,3,3,4,1207,152,1359,150,0.0003,1,3.8,Chat
4013,20250330,1648,67,1,1,3,4,293,2040,2333,614,0.0321,1,3.5,Chat
4014,20250508,741,23,1,7,1,2,828,862,1690,528,0.0171,1,3.6,Completion
4015,20250623,1457,13,1,2,1,4,2807,496,3303,436,0.0215,1,4.3,Chat
4016,20250427,1204,66,2,1,2,1,2376,1383,3759,120,0.0012,1,,Chat
4017,20250227,1855,43,1,6,1,3,1720,1447,3167,524,0.0303,1,,Chat
4018,20250506,631,71,4,2,3,3,1125,148,1273,143,0.0005,1,,Completion
4019,20250331,829,75,2,4,1,2,1142,371,1513,356,0.0004,1,,Completion
4020,20250122,1615,20,2,4,5,1,455,311,766,229,0.0003,1,4.8,Chat
4021,20250623,1302,48,3,1,1,2,509,872,1381,894,0.0146,1,5.0,Chat
4022,20250213,1013,14,3,5,1,3,4823,670,5493,704,0.0245,1,,Chat
4023,20250324,756,68,5,6,2,3,130,373,503,357,0.002,1,,Chat
4024,20250305,1130,14,4,5,2,2,2990,616,3606,190,0.0015,1,,Chat
4025,20250227,1407,16,5,7,1,3,6181,114,6295,331,0.0083,1,,Completion
4026,20250223,1228,77,1,4,2,3,2715,2006,4721,562,0.0437,1,3.6,Vision
4027,20250519,1800,32,5,1,3,3,4910,349,5259,356,0.0079,1,,Vision
4028,20250223,1128,29,2,5,1,1,676,284,960,358,0.0003,1,3.7,Chat
4029,20250104,1820,2,5,1,1,4,602,1216,1818,429,0.0068,1,,Chat
4030,20250126,1742,71,6,3,4,4,418,196,614,200,0.0001,1,,Completion
4031,20250115,1751,42,5,3,3,3,223,587,810,174,0.0032,1,,Chat
4032,20250512,1731,44,2,3,2,2,675,1026,1701,391,0.0007,1,3.3,Chat
4033,20250225,1947,31,4,1,5,4,2476,373,2849,166,0.0011,1,,Chat
4034,20250224,948,52,2,6,1,4,101,131,232,286,0.0001,1,4.2,Vision
4035,20250327,1121,76,4,4,6,4,565,502,1067,250,0.0008,1,3.6,Chat
4036,20250609,904,64,1,1,3,2,1269,256,1525,588,0.0102,1,4.9,Chat
4037,20250205,1956,75,3,1,2,4,1021,3237,4258,975,0.0516,1,5.0,Chat
4038,20250425,1144,35,1,2,4,2,440,572,1012,912,0.0108,1,4.2,Vision
4039,20250326,1253,55,1,2,4,2,3321,1896,5217,473,0.045,1,,Chat
4040,20250612,1107,80,4,1,4,4,1263,375,1638,212,0.0008,1,,Vision
4041,20250619,1238,71,5,5,1,2,624,87,711,355,0.0012,1,4.5,Completion
4042,20250519,1255,54,1,7,1,3,82,588,670,481,0.0092,1,,Chat
4043,20250121,2052,69,2,2,3,4,392,129,521,329,0.0001,1,5.0,Chat
4044,20250405,1159,11,2,1,6,2,329,509,838,178,0.0004,1,4.1,Vision
4045,20250322,838,64,1,5,1,3,7525,1043,8568,589,0.0533,1,,Chat
4046,20250319,1355,11,6,1,5,4,1048,755,1803,205,0.0003,1,,Chat
4047,20250421,1522,35,2,2,2,4,421,281,702,295,0.0002,1,5.0,Chat
4048,20250306,1339,46,5,1,1,2,1289,499,1788,132,0.0041,1,,Chat
4049,20250105,818,53,4,3,2,2,476,1562,2038,196,0.0021,0,,Completion
4050,20250122,1312,8,5,2,1,2,410,206,616,297,0.0015,1,,Completion
4051,20250409,1922,14,4,1,2,2,1002,166,1168,549,0.0005,1,,Chat
4052,20250128,1421,31,3,2,1,1,752,2301,3053,543,0.0368,1,,Embedding
4053,20250504,2051,36,5,5,1,3,303,1113,1416,299,0.0059,1,,Completion
4054,20250626,1957,6,2,1,4,4,3683,126,3809,405,0.0006,1,,Completion
4055,20250407,806,40,1,2,2,2,470,280,750,764,0.0066,1,3.7,Chat
4056,20250306,1443,24,2,2,5,3,572,374,946,337,0.0003,1,,Chat
4057,20250424,1640,31,1,6,1,1,4000,3391,7391,645,0.0709,1,,Completion
4058,20250529,1129,21,1,2,3,4,2473,202,2675,495,0.0154,1,4.2,Completion
4059,20250320,1701,74,1,6,6,4,1183,190,1373,311,0.0088,1,,Chat
4060,20250529,1409,31,2,5,2,4,1858,862,2720,290,0.0008,1,4.5,Embedding
4061,20250412,2242,62,2,1,6,3,605,293,898,120,0.0003,1,,Chat
4062,20250324,1215,6,1,3,5,3,3140,2659,5799,461,0.0556,1,3.4,Chat
4063,20250320,1528,58,3,1,1,3,3815,608,4423,130,0.0206,1,,Chat
4064,20250603,1412,16,6,5,3,1,1319,147,1466,255,0.0001,1,4.7,Chat
4065,20250508,954,75,3,4,1,2,102,1596,1698,649,0.0242,1,4.6,Chat
4066,20250224,2050,56,5,1,1,3,1438,244,1682,271,0.003,1,,Completion
4067,20250503,1630,58,6,2,3,4,1587,434,2021,388,0.0002,1,,Chat
4068,20250204,1223,8,2,2,4,4,271,312,583,300,0.0002,0,,Completion
4069,20250627,939,80,2,7,1,2,199,483,682,240,0.0003,1,4.7,Chat
4070,20250521,1317,35,2,4,2,4,481,1202,1683,403,0.0008,1,,Completion
4071,20250223,915,53,3,2,4,3,786,1349,2135,786,0.0226,1,,Vision
4072,20250225,1349,44,1,6,1,4,429,314,743,532,0.0069,1,,Chat
4073,20250502,1524,19,4,1,3,3,3082,184,3266,179,0.001,1,,Embedding
4074,20250615,1327,21,2,7,2,4,1683,96,1779,422,0.0003,1,3.9,Chat
4075,20250624,1356,56,3,1,3,3,642,131,773,810,0.0039,1,,Completion
4076,20250112,1303,47,4,7,4,2,775,153,928,248,0.0004,1,,Chat
4077,20250624,1233,60,1,2,2,4,1211,318,1529,300,0.0108,1,3.4,Vision
4078,20250529,21,55,3,1,1,2,342,715,1057,246,0.0118,1,,Chat
4079,20250119,622,78,1,3,1,1,1477,710,2187,936,0.018,1,,Chat
4080,20250515,1504,3,3,1,1,3,1153,244,1397,991,0.0071,1,,Completion
4081,20250318,1714,62,5,3,1,4,216,341,557,294,0.002,1,,Completion
4082,20250101,1205,71,4,5,1,2,1332,669,2001,261,0.0012,1,,Completion
4083,20250318,1226,74,5,3,1,3,2563,729,3292,287,0.0068,1,3.3,Chat
4084,20250402,737,56,1,2,2,1,1889,1168,3057,120,0.027,1,,Completion
4085,20250405,1538,8,1,1,1,4,882,487,1369,443,0.0117,1,,Completion
4086,20250218,1335,38,3,1,1,4,5388,393,5781,869,0.0221,1,,Chat
4087,20250509,1019,68,5,5,6,4,1316,330,1646,314,0.0033,1,,Chat
4088,20250103,1452,32,2,3,4,1,1184,37,1221,140,0.0002,1,4.0,Completion
4089,20250413,1510,10,4,1,2,2,105,210,315,274,0.0003,1,,Chat
4090,20250622,1049,40,1,2,3,1,670,778,1448,879,0.015,1,4.0,Chat
4091,20250511,1056,31,3,2,3,3,753,300,1053,120,0.0068,1,,Chat
4092,20250212,1432,57,3,5,4,4,3410,1580,4990,451,0.0339,1,4.6,Chat
4093,20250602,824,22,3,1,1,2,1368,1323,2691,685,0.0239,1,,Chat
4094,20250120,1542,29,1,5,1,2,4195,298,4493,599,0.0254,1,3.7,Chat
4095,20250602,2049,18,4,1,4,3,557,112,669,214,0.0003,1,4.4,Chat
4096,20250316,1039,13,6,1,1,3,917,154,1071,306,0.0001,1,,Chat
4097,20250108,1156,11,1,1,1,1,160,805,965,683,0.0129,1,3.7,Chat
4098,20250627,1602,8,5,7,1,2,362,170,532,319,0.0013,1,,Vision
4099,20250403,2026,58,4,1,1,4,671,473,1144,248,0.0008,1,,Vision
4100,20250224,729,57,1,7,3,3,3524,1426,4950,811,0.039,1,,Chat
4101,20250619,1356,13,3,1,4,4,2433,1406,3839,1018,0.0284,1,,Chat
4102,20250623,1757,21,1,5,2,4,1427,173,1600,685,0.0097,1,,Chat
4103,20250414,1503,55,1,2,1,3,2721,2178,4899,628,0.0463,1,,Embedding
4104,20250501,2205,36,6,1,1,3,136,471,607,201,0.0002,1,,Embedding
4105,20250304,659,41,6,1,1,1,554,95,649,264,0.0001,1,4.9,Completion
4106,20250504,1425,20,5,7,4,2,1820,91,1911,369,0.0027,1,4.8,Embedding
4107,20250417,1403,56,4,7,2,3,1679,228,1907,149,0.0007,1,4.1,Embedding
4108,20250215,919,22,2,1,1,4,207,495,702,424,0.0003,1,3.3,Completion
4109,20250328,1154,63,1,5,2,3,2512,141,2653,691,0.0147,1,4.1,Chat
4110,20250408,1603,13,2,5,1,3,180,277,457,350,0.0002,1,,Vision
4111,20250111,235,63,3,4,4,2,5092,842,5934,6504,0.0279,1,,Chat
4112,20250124,1257,38,5,2,1,2,141,520,661,271,0.0028,1,,Completion
4113,20250611,1401,64,3,6,4,3,3974,1241,5215,1087,0.0305,1,3.8,Chat
4114,20250215,1426,54,2,1,2,3,357,281,638,320,0.0002,1,,Vision
4115,20250620,1832,73,2,1,1,2,177,332,509,437,0.0002,1,4.8,Chat
4116,20250420,1334,6,6,4,1,3,1537,502,2039,373,0.0003,1,4.0,Completion
4117,20250411,1026,60,1,7,2,3,598,613,1211,301,0.0122,1,,Chat
4118,20250421,1200,64,1,2,1,1,1724,3279,5003,741,0.0578,1,,Chat
4119,20250425,1658,1,4,1,3,4,1896,145,2041,263,0.0007,1,4.1,Vision
4120,20250504,2351,62,2,2,2,2,619,853,1472,374,0.0006,1,,Chat
4121,20250318,837,30,1,4,4,2,1827,691,2518,725,0.0195,1,3.2,Completion
4122,20250609,1031,47,4,1,1,4,243,220,463,270,0.0003,1,4.9,Chat
4123,20250127,1810,74,6,5,1,3,3413,1082,4495,364,0.0006,1,4.3,Embedding
4124,20250517,955,76,5,4,3,3,460,394,854,218,0.0025,1,4.4,Chat
4125,20250104,1655,13,4,5,1,2,1272,521,1793,380,0.001,1,3.8,Embedding
4126,20250617,1025,7,1,1,2,3,3404,310,3714,435,0.0217,1,,Chat
4127,20250323,1607,14,2,2,1,4,1986,500,2486,282,0.0006,1,,Completion
4128,20250519,1555,45,2,2,6,2,752,126,878,158,0.0002,1,,Chat
4129,20250512,1331,49,5,1,4,2,714,333,1047,346,0.0026,1,3.3,Chat
4130,20250410,1339,3,2,1,1,3,1103,292,1395,458,0.0003,1,,Completion
4131,20250508,1458,72,6,5,4,4,5467,445,5912,259,0.0005,1,,Embedding
4132,20250613,1000,7,3,1,1,1,316,234,550,449,0.0045,1,3.7,Chat
4133,20250301,1501,73,6,7,4,3,414,387,801,405,0.0001,1,3.3,Completion
4134,20250628,1354,78,2,4,2,3,4320,121,4441,265,0.0007,1,,Chat
4135,20250102,1118,80,1,6,3,3,3416,71,3487,321,0.0181,1,,Vision
4136,20250309,1330,8,3,7,3,4,6319,745,7064,342,0.0301,1,,Chat
4137,20250102,943,25,1,6,2,2,7136,333,7469,435,0.0407,1,4.9,Completion
4138,20250506,1921,42,5,1,3,4,1652,975,2627,186,0.0069,1,4.2,Completion
4139,20250212,732,66,3,1,1,2,1530,827,2357,732,0.017,1,3.5,Chat
4140,20250323,1953,10,1,2,1,3,236,1362,1598,400,0.0216,1,3.5,Chat
4141,20250104,1746,45,2,1,2,3,433,165,598,220,0.0002,1,4.8,Completion
4142,20250124,852,46,1,3,1,3,1394,288,1682,828,0.0113,1,4.9,Vision
4143,20250118,1621,48,1,1,5,4,7245,852,8097,768,0.049,1,,Embedding
4144,20250408,1935,19,1,5,2,3,715,146,861,695,0.0058,1,,Chat
4145,20250622,823,20,1,2,3,1,12000,2398,14398,1142,0.096,1,3.3,Vision
4146,20250319,1453,20,2,1,4,2,1091,223,1314,366,0.0003,1,4.1,Completion
4147,20250526,914,9,2,1,3,3,67,168,235,137,0.0001,1,,Chat
4148,20250122,1942,25,1,1,6,2,8231,158,8389,943,0.0435,1,,Chat
4149,20250131,1723,71,6,7,1,4,161,237,398,223,0.0001,1,,Chat
4150,20250517,1628,14,1,1,3,3,391,547,938,493,0.0102,1,,Embedding
4151,20250103,1517,26,4,1,3,1,547,209,756,259,0.0004,1,,Chat
4152,20250409,2200,73,1,3,3,2,882,223,1105,782,0.0078,1,4.3,Completion
4153,20250520,1358,32,1,1,1,3,325,4000,4325,569,0.0616,1,,Chat
4154,20250429,1220,21,2,5,3,2,768,1437,2205,120,0.001,1,,Chat
4155,20250219,1533,63,2,2,1,2,4352,368,4720,158,0.0009,1,,Chat
4156,20250108,1105,59,6,1,5,1,801,1023,1824,246,0.0004,1,,Chat
4157,20250515,1744,13,2,2,3,3,182,96,278,232,0.0001,1,3.2,Chat
4158,20250414,1929,25,3,5,4,2,1434,792,2226,713,0.0162,1,,Chat
4159,20250103,1800,50,3,1,2,4,727,1157,1884,460,0.0195,1,,Chat
4160,20250505,2137,21,4,4,2,4,323,156,479,333,0.0003,1,,Chat
4161,20250419,1434,3,1,4,1,3,1857,746,2603,401,0.0205,1,,Completion
4162,20250604,2028,59,1,1,3,3,3273,2188,5461,529,0.0492,1,4.2,Chat
4163,20250308,1516,45,1,4,3,4,1631,1757,3388,913,0.0345,1,,Completion
4164,20250305,1412,69,1,5,5,4,293,3263,3556,776,0.0504,1,,Chat
4165,20250116,1111,50,2,4,5,3,958,91,1049,383,0.0002,1,5.0,Completion
4166,20250613,838,41,2,2,3,2,545,406,951,381,0.0003,1,,Completion
4167,20250424,1433,28,1,1,2,3,2527,585,3112,642,0.0214,1,,Completion
4168,20250516,1431,68,4,6,2,1,561,78,639,204,0.0002,1,,Chat
4169,20250611,1446,31,4,2,2,3,531,289,820,248,0.0005,1,,Chat
4170,20250205,1017,50,1,7,4,3,818,449,1267,651,0.0108,1,,Vision
4171,20250426,1514,21,1,1,1,4,1118,226,1344,331,0.009,1,4.4,Completion
4172,20250514,17,57,2,1,2,4,240,212,452,330,0.0002,1,,Embedding
4173,20250205,1507,50,4,2,2,2,1062,226,1288,303,0.0005,1,,Chat
4174,20250619,1454,44,2,2,3,2,502,406,908,383,0.0003,1,4.2,Chat
4175,20250211,1308,60,2,3,2,1,655,818,1473,374,0.0006,1,,Completion
4176,20250127,2014,34,1,4,1,4,231,1422,1653,786,0.0225,1,,Vision
4177,20250607,1008,31,1,2,2,2,1722,1633,3355,461,0.0331,1,,Completion
4178,20250419,1541,33,3,2,1,3,3201,217,3418,617,0.0129,1,,Completion
4179,20250508,1517,48,5,7,1,2,324,156,480,266,0.0012,1,4.8,Chat
4180,20250416,1709,21,3,1,1,3,2549,265,2814,798,0.0116,1,,Chat
4181,20250315,1054,53,2,1,1,4,156,241,397,390,0.0002,1,,Completion
4182,20250102,1603,11,2,1,4,3,664,231,895,241,0.0002,1,,Chat
4183,20250110,1403,32,3,6,1,4,460,432,892,600,0.0079,1,,Embedding
4184,20250616,844,39,5,1,3,3,312,468,780,280,0.0027,1,,Embedding
4185,20250527,1232,71,2,5,1,3,292,1261,1553,197,0.0008,1,,Vision
4186,20250412,1523,53,1,2,6,2,822,622,1444,754,0.0134,1,,Completion
4187,20250117,855,52,1,5,1,3,1330,1865,3195,1050,0.0346,1,,Chat
4188,20250415,1317,3,5,1,1,1,690,2163,2853,391,0.0117,1,,Vision
4189,20250621,1126,40,5,1,1,3,381,744,1125,180,0.0042,1,,Completion
4190,20250506,1843,64,5,1,1,2,898,512,1410,254,0.0037,1,5.0,Chat
4191,20250518,1146,71,3,4,5,2,5779,476,6255,556,0.0245,1,,Completion
4192,20250308,1346,8,3,6,2,3,1624,226,1850,521,0.0083,1,3.8,Vision
4193,20250113,1151,30,6,5,4,2,1423,155,1578,120,0.0002,1,,Vision
4194,20250604,631,18,4,1,3,3,177,1050,1227,281,0.0014,1,4.4,Chat
4195,20250623,1629,45,1,4,1,3,2290,634,2924,632,0.021,1,,Embedding
4196,20250427,1808,61,4,5,5,1,758,1084,1842,340,0.0015,1,,Chat
4197,20250224,1142,66,1,4,1,4,814,301,1115,926,0.0086,1,4.6,Chat
4198,20250527,1228,77,3,5,5,1,602,815,1417,627,0.014,1,3.5,Chat
4199,20250202,1532,16,3,1,1,2,8864,1432,10296,656,0.0481,1,,Chat
4200,20250314,833,24,3,7,1,4,812,1182,1994,383,0.0202,1,4.4,Chat
4201,20250228,2216,34,3,1,4,4,1358,630,1988,498,0.0135,1,,Chat
4202,20250309,1517,27,6,4,6,2,234,2080,2314,409,0.0006,1,,Completion
4203,20250601,1721,31,3,1,4,2,333,731,1064,925,0.012,1,3.8,Chat
4204,20250501,1613,3,4,4,1,2,269,190,459,235,0.0003,0,,Chat
4205,20250320,1140,51,3,1,1,1,6178,97,6275,799,0.02,1,,Chat
4206,20250225,849,75,2,1,2,3,280,59,339,226,0.0001,1,,Chat
4207,20250613,2025,3,1,6,2,3,1745,192,1937,881,0.0116,1,,Chat
4208,20250203,1827,26,2,1,1,3,730,1862,2592,360,0.0012,1,4.9,Chat
4209,20250614,1615,80,3,1,2,3,599,1092,1691,699,0.0182,1,,Chat
4210,20250609,1627,76,3,1,6,2,675,679,1354,464,0.0122,1,4.2,Chat
4211,20250520,543,76,3,2,1,4,3634,144,3778,674,0.0131,1,,Chat
4212,20250604,1501,19,6,6,1,2,892,259,1151,306,0.0001,1,,Chat
4213,20250425,1554,37,2,4,1,3,1288,1441,2729,302,0.0011,1,,Vision
4214,20250119,1441,27,6,2,1,2,294,478,772,345,0.0002,1,,Chat
4215,20250117,1339,50,4,1,1,3,1085,257,1342,345,0.0006,1,,Embedding
4216,20250112,1710,3,2,4,1,4,1493,365,1858,178,0.0004,1,,Completion
4217,20250115,1149,60,4,2,4,3,1136,2647,3783,246,0.0036,1,3.4,Chat
4218,20250125,1539,25,3,4,5,3,768,238,1006,496,0.0059,1,3.6,Chat
4219,20250612,536,60,5,7,1,3,2248,49,2297,254,0.0031,1,,Completion
4220,20250215,925,24,6,2,3,3,300,1064,1364,299,0.0003,1,,Chat
4221,20250222,1034,34,1,1,5,2,742,290,1032,640,0.0081,1,,Chat
4222,20250306,1441,39,2,3,3,2,3662,64,3726,276,0.0006,1,,Completion
4223,20250616,1224,74,3,3,3,2,3451,843,4294,784,0.023,1,3.6,Chat
4224,20250425,1542,64,6,7,3,1,287,924,1211,358,0.0003,1,,Embedding
4225,20250116,1720,57,1,4,2,1,4741,894,5635,986,0.0371,1,,Chat
4226,20250617,1534,12,1,6,4,4,1075,598,1673,644,0.0143,1,3.2,Chat
4227,20250608,1126,10,1,1,3,2,6849,797,7646,671,0.0462,1,,Completion
4228,20250302,1517,35,4,7,3,1,9719,126,9845,197,0.0026,0,,Chat
4229,20250429,823,39,1,4,1,2,1061,759,1820,544,0.0167,1,,Completion
4230,20250531,1141,18,6,2,2,2,756,215,971,310,0.0001,1,,Chat
4231,20250303,1815,20,1,1,2,3,2636,1389,4025,897,0.034,1,,Embedding
4232,20250418,1553,3,2,4,1,3,576,171,747,241,0.0002,1,,Embedding
4233,20250324,1113,2,1,6,2,4,2784,836,3620,808,0.0265,1,,Chat
4234,20250208,937,54,3,7,3,1,5606,401,6007,399,0.0228,1,,Embedding
4235,20250421,1225,7,2,2,1,1,6219,237,6456,248,0.0011,1,,Chat
4236,20250131,1329,16,5,2,1,1,581,169,750,294,0.0016,1,,Embedding
4237,20250314,1826,74,2,3,3,1,882,128,1010,246,0.0002,1,,Completion
4238,20250208,1109,9,3,3,1,2,1412,2130,3542,616,0.0362,1,,Chat
4239,20250426,1354,61,3,5,2,2,7923,1383,9306,780,0.0445,1,,Chat
4240,20250411,2134,68,1,1,1,2,2185,91,2276,839,0.0123,1,,Chat
4241,20250526,745,5,1,3,5,2,2104,118,2222,543,0.0123,1,,Chat
4242,20250225,1224,25,5,3,1,1,332,245,577,381,0.0016,1,4.4,Chat
4243,20250105,1134,36,2,2,3,4,1086,145,1231,261,0.0002,1,,Vision
4244,20250614,1515,16,4,2,5,3,271,108,379,328,0.0002,1,,Chat
4245,20250619,1806,28,3,4,1,4,1237,389,1626,685,0.0095,1,,Completion
4246,20250117,1423,79,2,3,4,1,827,38,865,175,0.0001,1,,Completion
4247,20250602,1003,57,2,3,1,2,761,386,1147,342,0.0003,1,,Chat
4248,20250126,1538,43,1,5,3,3,364,2379,2743,939,0.0375,1,,Embedding
4249,20250609,843,10,2,3,1,4,897,199,1096,293,0.0003,1,,Chat
4250,20250613,1827,7,1,4,4,2,11272,1228,12500,717,0.0748,1,,Embedding
4251,20250410,1206,55,5,1,1,4,783,1049,1832,275,0.0062,1,,Completion
4252,20250113,1035,61,5,1,6,2,154,510,664,304,0.0027,1,4.1,Vision
4253,20250505,1145,62,3,1,3,2,3736,403,4139,619,0.0173,1,,Chat
4254,20250122,1323,26,2,1,1,2,484,403,887,392,0.0003,1,,Embedding
4255,20250625,919,20,1,2,2,2,2183,708,2891,684,0.0215,1,,Chat
4256,20250510,1759,45,1,7,3,3,1407,949,2356,812,0.0213,1,,Chat
4257,20250301,1113,52,3,1,1,4,1806,474,2280,619,0.0125,1,,Chat
4258,20250517,1220,8,1,6,2,3,2145,650,2795,739,0.0205,1,,Chat
4259,20250309,1312,48,3,1,3,2,269,620,889,664,0.0101,1,4.6,Chat
4260,20250503,1425,44,3,1,1,3,739,193,932,792,0.0051,1,,Completion
4261,20250405,1251,47,2,7,1,3,775,260,1035,279,0.0003,1,4.9,Chat
4262,20250323,1257,60,1,5,3,2,508,943,1451,512,0.0167,1,4.4,Completion
4263,20250526,1422,27,1,1,3,1,2019,344,2363,376,0.0153,1,,Completion
4264,20250227,2323,26,2,7,1,1,413,561,974,470,0.0004,1,,Chat
4265,20250513,1710,40,4,5,3,1,507,311,818,198,0.0005,1,4.1,Completion
4266,20250216,1736,57,1,2,1,2,2359,369,2728,412,0.0173,1,,Chat
4267,20250429,846,65,4,6,1,3,1616,365,1981,301,0.0009,1,3.3,Chat
4268,20250415,1029,11,1,4,2,3,309,1501,1810,659,0.0241,1,3.4,Chat
4269,20250318,1749,28,1,7,3,4,910,480,1390,812,0.0118,1,,Chat
4270,20250511,1644,70,6,2,1,2,1363,257,1620,340,0.0002,1,4.1,Chat
4271,20250626,1854,4,2,3,2,1,605,213,818,411,0.0002,1,,Chat
4272,20250617,1150,20,3,5,1,2,2513,569,3082,231,0.0161,1,,Embedding
4273,20250615,1831,25,2,5,2,3,55,61,116,331,0.0,1,,Embedding
4274,20250209,1600,22,2,1,1,2,374,374,748,120,0.0003,1,,Chat
4275,20250531,1636,17,2,2,1,2,832,317,1149,282,0.0003,1,,Chat
4276,20250421,1536,6,1,1,3,4,1301,101,1402,1149,0.008,1,,Completion
4277,20250221,1833,68,1,1,6,3,370,433,803,596,0.0083,1,,Chat
4278,20250627,1811,40,1,3,6,2,154,374,528,249,0.0064,1,,Chat
4279,20250403,1224,2,4,5,1,3,434,353,787,220,0.0005,1,,Completion
4280,20250607,1019,50,2,1,3,3,1161,486,1647,334,0.0005,1,3.5,Chat
4281,20250512,1348,71,3,4,4,3,756,537,1293,764,0.0103,1,,Completion
4282,20250602,547,37,3,1,5,3,1986,807,2793,664,0.0181,1,,Completion
4283,20250523,1342,43,1,5,2,1,102,396,498,1057,0.0065,1,4.6,Chat
4284,20250507,1431,56,5,1,1,2,504,335,839,314,0.0023,1,4.2,Vision
4285,20250115,1651,65,4,1,2,3,541,473,1014,444,0.0007,1,,Chat
4286,20250326,1849,63,1,5,6,3,12000,322,12322,1031,0.0648,1,,Chat
4287,20250501,1017,68,1,1,4,1,1907,1206,3113,533,0.0276,1,,Completion
4288,20250608,1444,46,4,1,1,4,1509,180,1689,443,0.0006,1,,Chat
4289,20250425,850,15,1,1,1,3,9317,1558,10875,629,0.07,1,4.5,Embedding
4290,20250517,1220,11,2,1,2,1,421,294,715,275,0.0002,1,3.9,Chat
4291,20250123,1935,51,1,2,1,3,9591,727,10318,457,0.0589,1,4.2,Chat
4292,20250618,1153,78,6,1,5,1,564,137,701,164,0.0001,1,3.6,Embedding
4293,20250109,2211,58,1,1,3,1,1812,272,2084,835,0.0131,1,,Embedding
4294,20250410,939,36,5,1,2,1,248,166,414,442,0.0011,1,,Chat
4295,20250110,1240,21,2,7,2,4,73,923,996,249,0.0006,1,,Completion
4296,20250626,643,27,3,3,2,4,975,987,1962,741,0.0177,1,,Chat
4297,20250203,2120,54,1,1,6,3,570,629,1199,490,0.0123,1,4.7,Completion
4298,20250620,704,47,2,1,1,4,1475,489,1964,307,0.0005,1,,Chat
4299,20250531,1553,8,1,1,2,2,674,231,905,658,0.0068,1,,Chat
4300,20250611,1843,73,1,1,3,2,6688,1281,7969,656,0.0527,1,3.6,Chat
4301,20250504,1517,47,4,1,6,4,672,138,810,282,0.0003,1,,Completion
4302,20250127,825,39,5,1,1,3,594,1327,1921,360,0.0074,1,,Chat
4303,20250411,1023,35,1,1,2,3,1245,272,1517,635,0.0103,1,,Chat
4304,20250511,1845,47,3,5,5,2,2573,4000,6573,921,0.0677,1,,Chat
4305,20250615,1458,14,5,1,1,1,1223,278,1501,169,0.0029,1,3.5,Chat
4306,20250414,1947,1,6,1,2,4,1649,269,1918,306,0.0002,1,,Embedding
4307,20250211,1824,75,4,1,6,1,1424,95,1519,303,0.0005,1,,Completion
4308,20250619,1309,21,5,1,1,2,1811,793,2604,409,0.0062,1,,Completion
4309,20250518,956,55,2,1,3,2,328,851,1179,222,0.0006,1,,Embedding
4310,20250307,754,1,3,5,1,1,2281,357,2638,1057,0.0122,1,,Chat
4311,20250314,1531,30,5,5,2,3,768,241,1009,435,0.0022,1,3.7,Completion
4312,20250423,1518,75,4,4,3,1,460,168,628,272,0.0003,1,3.7,Completion
4313,20250105,1027,80,2,7,6,1,1679,71,1750,266,0.0003,1,,Chat
4314,20250626,1608,58,6,2,5,1,904,179,1083,344,0.0001,1,4.3,Chat
4315,20250115,1041,42,4,1,2,2,651,574,1225,325,0.0009,1,4.0,Chat
4316,20250506,1103,15,1,6,2,2,4435,653,5088,819,0.032,1,3.5,Chat
4317,20250124,2028,33,2,6,3,1,1818,855,2673,298,0.0008,1,,Chat
4318,20250623,1702,35,5,2,5,3,806,118,924,309,0.0016,1,5.0,Completion
4319,20250218,1539,58,2,3,2,3,1124,296,1420,205,0.0003,1,,Completion
4320,20250211,1651,70,2,4,1,3,203,1141,1344,257,0.0007,1,,Vision
4321,20250314,1424,49,2,1,4,3,1099,545,1644,141,0.0005,1,,Vision
4322,20250326,1757,22,2,1,2,2,873,192,1065,206,0.0002,1,3.8,Completion
4323,20250529,1236,74,1,6,5,2,365,3090,3455,988,0.0482,1,,Chat
4324,20250514,1522,19,3,6,2,1,1071,499,1570,822,0.0107,1,,Chat
4325,20250103,2115,19,1,4,1,3,757,208,965,1002,0.0069,1,,Embedding
4326,20250525,650,16,3,2,4,1,488,476,964,295,0.0086,1,3.8,Chat
4327,20250219,1800,44,1,3,6,1,3155,348,3503,941,0.021,1,,Embedding
4328,20250316,1901,68,4,3,4,2,600,225,825,501,0.0004,1,,Chat
4329,20250615,1607,75,4,3,3,4,837,1052,1889,309,0.0015,1,4.7,Embedding
4330,20250331,1159,40,3,1,1,3,1451,1614,3065,196,0.0286,1,4.0,Vision
4331,20250501,1213,56,6,6,1,3,2309,213,2522,431,0.0002,1,3.4,Completion
4332,20250322,1938,78,3,5,1,3,1254,350,1604,584,0.009,1,,Completion
4333,20250309,14,22,1,2,1,3,8729,677,9406,511,0.0538,1,4.4,Completion
4334,20250624,1451,42,1,4,1,2,1709,184,1893,668,0.0113,1,,Chat
4335,20250616,1954,67,4,1,1,2,131,666,797,414,0.0009,1,,Completion
4336,20250109,1159,56,2,5,2,3,3055,183,3238,323,0.0006,1,,Chat
4337,20250420,1247,31,1,5,1,2,985,334,1319,808,0.0099,1,4.4,Chat
4338,20250219,1718,34,3,1,6,3,1255,165,1420,741,0.0062,1,4.4,Completion
4339,20250315,1529,14,5,5,1,1,547,1615,2162,126,0.0088,1,,Chat
4340,20250330,519,30,1,2,2,3,644,1181,1825,409,0.0209,1,,Chat
4341,20250117,1041,25,2,7,5,3,1565,489,2054,316,0.0005,1,,Chat
4342,20250104,1734,3,3,2,1,3,875,419,1294,834,0.0089,1,,Completion
4343,20250502,832,47,1,1,1,3,157,398,555,861,0.0068,1,,Chat
4344,20250118,1532,34,5,1,2,1,1438,59,1497,310,0.0021,1,4.9,Chat
4345,20250421,1604,22,2,2,3,3,197,687,884,269,0.0004,1,3.9,Vision
4346,20250121,216,26,5,2,4,2,93,1057,1150,241,0.0054,1,,Chat
4347,20250514,747,26,1,6,4,3,790,783,1573,886,0.0157,0,3.2,Chat
4348,20250129,2041,73,4,4,4,2,2391,145,2536,390,0.0008,1,3.9,Completion
4349,20250222,1556,13,4,1,3,2,369,275,644,210,0.0004,1,,Completion
4350,20250127,1435,72,5,1,2,3,344,137,481,326,0.0011,1,3.6,Completion
4351,20250221,1625,12,2,3,1,4,561,1056,1617,254,0.0007,1,,Completion
4352,20250427,1225,67,1,1,5,3,2592,530,3122,669,0.0209,1,,Chat
4353,20250516,332,33,6,2,2,3,675,69,744,160,0.0001,1,3.3,Completion
4354,20250424,839,32,2,3,1,3,260,207,467,232,0.0002,1,,Chat
4355,20250209,1650,72,5,3,5,4,812,65,877,288,0.0013,1,,Vision
4356,20250418,1537,32,1,2,1,3,964,568,1532,693,0.0133,1,4.9,Completion
4357,20250623,1705,13,1,1,1,3,277,477,754,993,0.0085,1,,Completion
4358,20250508,1935,50,4,5,1,1,1430,521,1951,442,0.001,1,,Chat
4359,20250524,2156,20,2,7,1,4,592,144,736,253,0.0002,0,4.0,Vision
4360,20250202,218,54,5,1,6,2,161,221,382,141,0.0013,1,3.8,Chat
4361,20250503,1459,9,5,3,6,2,225,301,526,120,0.0018,1,,Completion
4362,20250606,1656,25,2,2,3,4,1998,238,2236,266,0.0004,1,3.3,Chat
4363,20250316,1304,61,3,6,1,2,1605,580,2185,824,0.0135,1,,Chat
4364,20250502,1847,32,1,6,2,3,593,448,1041,855,0.0097,1,,Completion
4365,20250504,845,58,5,3,1,2,112,400,512,328,0.0021,1,,Completion
4366,20250518,1143,10,4,1,1,2,395,173,568,195,0.0003,1,,Completion
4367,20250608,1656,25,2,1,5,4,229,263,492,191,0.0002,0,3.4,Chat
4368,20250209,807,8,1,2,4,3,3197,367,3564,692,0.0215,0,,Chat
4369,20250128,746,51,2,7,2,4,341,628,969,533,0.0004,1,4.5,Chat
4370,20250319,613,4,1,1,1,3,1095,890,1985,509,0.0188,1,3.5,Completion
4371,20250131,1700,41,5,7,2,2,304,376,680,228,0.0023,1,,Chat
4372,20250222,1839,65,5,2,6,4,361,244,605,372,0.0017,1,,Chat
4373,20250316,911,76,3,1,3,3,1434,106,1540,402,0.0059,1,4.8,Chat
4374,20250612,1509,28,2,2,2,3,272,207,479,328,0.0002,1,,Completion
4375,20250116,1155,51,3,4,4,3,3049,738,3787,749,0.0202,1,,Chat
4376,20250527,1825,7,3,4,6,2,1844,2596,4440,857,0.0445,1,4.0,Chat
4377,20250219,1105,44,1,6,4,4,4881,773,5654,560,0.036,1,,Embedding
4378,20250124,1532,76,1,1,1,3,4073,927,5000,1064,0.0343,1,4.6,Embedding
4379,20250403,1816,43,5,6,6,2,1065,138,1203,262,0.002,1,4.2,Chat
4380,20250520,1410,68,6,2,1,2,1245,567,1812,296,0.0003,1,4.5,Vision
4381,20250512,1429,15,3,2,1,3,2753,266,3019,1035,0.0122,1,,Chat
4382,20250515,528,40,1,4,1,4,5741,576,6317,878,0.0373,1,4.6,Chat
4383,20250210,1541,22,5,6,4,3,908,529,1437,359,0.0038,1,,Embedding
4384,20250625,1210,9,3,4,1,4,3769,214,3983,648,0.0145,1,5.0,Completion
4385,20250502,1711,6,2,2,3,1,1628,488,2116,241,0.0005,1,,Embedding
4386,20250418,1722,27,4,2,5,1,364,1463,1827,271,0.0019,1,,Chat
4387,20250314,706,7,4,4,1,4,226,342,568,293,0.0005,1,,Chat
4388,20250202,2146,26,2,2,1,3,261,341,602,176,0.0002,1,4.3,Chat
4389,20250530,1207,58,2,3,2,2,3027,125,3152,337,0.0005,1,4.3,Chat
4390,20250318,1513,36,3,6,2,3,1307,985,2292,386,0.0187,1,,Chat
4391,20250622,2024,31,5,2,2,4,3760,343,4103,517,0.0064,1,4.2,Chat
4392,20250503,1233,67,3,7,2,4,1999,2345,4344,545,0.0412,1,,Chat
4393,20250609,818,5,6,1,3,2,155,1903,2058,228,0.0006,1,,Completion
4394,20250318,1317,47,1,1,2,3,440,1481,1921,472,0.0244,1,4.2,Chat
4395,20250312,1257,61,3,1,4,2,1807,219,2026,609,0.0087,1,3.4,Completion
4396,20250520,1910,58,3,7,2,1,2055,681,2736,698,0.0164,1,,Chat
4397,20250524,1241,3,2,3,2,3,4009,165,4174,300,0.0007,1,,Chat
4398,20250617,1443,74,1,4,1,1,3672,1716,5388,642,0.0441,1,,Completion
4399,20250503,1544,79,1,2,6,3,1860,69,1929,288,0.0103,1,,Embedding
4400,20250513,1125,9,5,1,6,3,401,119,520,353,0.0011,1,,Chat
4401,20250524,1425,29,4,3,1,4,548,113,661,275,0.0003,1,,Chat
4402,20250513,326,79,6,1,4,1,574,348,922,303,0.0001,1,,Chat
4403,20250227,725,41,2,5,2,3,814,136,950,200,0.0002,1,,Embedding
4404,20250128,1641,17,5,7,3,2,4075,345,4420,199,0.0068,1,4.8,Completion
4405,20250510,1410,33,5,4,4,3,1548,559,2107,548,0.0047,1,,Completion
4406,20250107,1118,42,3,5,1,4,1723,2621,4344,988,0.0445,1,,Chat
4407,20250218,605,28,2,1,5,3,663,1166,1829,563,0.0008,1,4.7,Chat
4408,20250512,1644,42,1,7,5,3,927,230,1157,1154,0.0081,1,,Chat
4409,20250425,1652,62,3,7,1,4,573,496,1069,720,0.0092,1,,Completion
4410,20250607,1619,56,5,5,1,4,295,195,490,120,0.0013,1,4.2,Chat
4411,20250528,1853,23,2,2,1,2,489,490,979,419,0.0004,1,,Chat
4412,20250117,1440,40,4,1,1,1,600,389,989,286,0.0006,1,,Chat
4413,20250307,1840,28,1,1,2,4,1827,358,2185,888,0.0145,0,,Embedding
4414,20250226,1848,8,2,2,1,4,199,1215,1414,315,0.0008,1,5.0,Chat
4415,20250512,1539,78,1,1,3,1,3665,351,4016,867,0.0236,1,,Embedding
4416,20250328,1256,28,1,1,1,2,306,233,539,778,0.005,1,3.5,Completion
4417,20250615,1000,55,6,2,4,3,2832,907,3739,410,0.0005,1,,Chat
4418,20250327,1454,59,4,5,6,2,838,119,957,377,0.0004,1,,Chat
4419,20250105,1523,41,1,4,3,3,2362,2992,5354,512,0.0567,1,,Vision
4420,20250417,1345,35,3,1,1,4,1856,247,2103,607,0.0093,1,3.9,Chat
4421,20250601,1529,45,3,2,1,4,967,2087,3054,306,0.0342,1,,Chat
4422,20250228,1848,40,4,1,1,2,1206,203,1409,189,0.0006,1,4.8,Completion
4423,20250212,549,75,3,4,1,1,604,1627,2231,637,0.0262,1,,Chat
4424,20250104,1856,32,2,6,6,3,380,602,982,209,0.0004,1,,Completion
4425,20250217,1047,27,5,1,1,3,604,187,791,128,0.0017,1,,Chat
4426,20250408,1352,45,5,4,4,2,732,970,1702,371,0.0058,1,,Completion
4427,20250228,1838,29,2,5,3,2,1271,438,1709,159,0.0005,1,,Chat
4428,20250511,1422,65,1,3,1,4,2432,2403,4835,806,0.0482,1,,Chat
4429,20250329,1830,73,1,6,5,1,477,441,918,747,0.009,1,,Chat
4430,20250604,1835,72,3,3,1,4,1158,556,1714,806,0.0118,1,,Completion
4431,20250426,948,3,5,4,1,3,2826,156,2982,120,0.0043,1,,Chat
4432,20250210,1428,27,2,5,3,1,3067,543,3610,353,0.0008,1,,Completion
4433,20250522,1455,75,2,3,4,1,579,88,667,120,0.0001,1,4.1,Embedding
4434,20250113,1456,75,3,1,1,3,4976,834,5810,791,0.0274,1,4.2,Completion
4435,20250607,2010,25,5,6,1,4,894,297,1191,199,0.0026,1,4.6,Embedding
4436,20250504,2205,74,4,1,2,3,1068,148,1216,165,0.0005,1,,Completion
4437,20250506,1958,51,1,1,1,2,474,3502,3976,120,0.0549,1,,Completion
4438,20250122,1940,56,4,3,3,4,1030,365,1395,262,0.0007,1,,Completion
4439,20250330,2111,29,1,1,1,3,2716,255,2971,258,0.0174,1,,Chat
4440,20250103,1441,25,4,1,1,4,664,90,754,274,0.0003,1,,Chat
4441,20250112,1103,73,5,1,1,2,670,612,1282,426,0.0039,1,,Chat
4442,20250521,1724,5,4,6,3,2,347,451,798,286,0.0007,1,4.2,Completion
4443,20250408,853,39,1,2,1,4,1994,3511,5505,657,0.0626,1,,Chat
4444,20250506,758,31,1,1,2,2,1380,189,1569,846,0.0097,1,,Completion
4445,20250605,1601,21,1,1,1,1,1129,439,1568,601,0.0122,1,4.3,Vision
4446,20250330,1449,8,3,1,1,1,618,161,779,909,0.0043,1,,Embedding
4447,20250426,1237,47,2,2,3,3,773,420,1193,311,0.0004,1,4.5,Chat
4448,20250506,959,36,2,4,3,3,147,200,347,318,0.0001,1,5.0,Embedding
4449,20250516,1118,62,4,4,2,3,483,2014,2497,120,0.0026,1,,Chat
4450,20250219,1016,28,1,1,1,2,8924,576,9500,489,0.0533,1,4.3,Chat
4451,20250430,1822,51,1,2,1,1,1415,432,1847,693,0.0136,1,,Chat
4452,20250419,1113,12,4,3,4,3,266,299,565,180,0.0004,1,3.4,Embedding
4453,20250510,1410,45,1,7,1,2,1909,1353,3262,906,0.0298,1,,Chat
4454,20250308,1235,7,2,1,1,1,1042,502,1544,312,0.0005,1,,Completion
4455,20250128,1210,11,3,3,3,3,479,969,1448,261,0.016,1,,Chat
4456,20250504,1208,60,4,1,2,2,66,106,172,194,0.0001,1,3.4,Chat
4457,20250417,1857,59,1,3,5,4,2665,355,3020,815,0.0186,1,3.9,Chat
4458,20250119,1700,15,1,2,1,3,1140,161,1301,602,0.0081,1,3.9,Chat
4459,20250316,1330,13,3,1,6,4,390,852,1242,713,0.014,1,4.3,Chat
4460,20250329,1511,24,3,2,3,2,1770,1203,2973,609,0.0234,1,,Chat
4461,20250624,1453,29,3,3,3,3,899,345,1244,954,0.0079,1,4.3,Chat
4462,20250108,506,62,1,1,3,2,3218,333,3551,479,0.0211,1,,Embedding
4463,20250331,1541,10,2,4,1,2,174,165,339,196,0.0001,0,4.3,Chat
4464,20250505,1358,40,3,5,1,1,599,2754,3353,1058,0.0431,1,4.3,Chat
4465,20250625,543,45,1,4,3,4,2308,1360,3668,773,0.0319,1,4.6,Chat
4466,20250624,1158,75,2,2,5,4,533,174,707,238,0.0002,1,3.5,Completion
4467,20250619,953,7,3,2,3,2,1194,144,1338,604,0.0057,1,4.9,Completion
4468,20250312,952,26,1,7,3,2,1647,315,1962,716,0.013,1,,Chat
4469,20250611,1858,79,3,4,5,3,6564,54,6618,460,0.0205,1,,Chat
4470,20250410,1209,60,1,6,1,3,2122,125,2247,426,0.0125,1,,Completion
4471,20250613,1412,78,1,3,1,2,1458,861,2319,750,0.0202,1,,Completion
4472,20250327,1506,75,3,1,3,3,1625,634,2259,801,0.0144,1,4.5,Chat
4473,20250503,557,57,2,1,4,2,2670,50,2720,174,0.0004,1,4.9,Chat
4474,20250411,1325,60,1,4,6,3,2624,34,2658,643,0.0136,1,4.6,Completion
4475,20250329,1745,55,6,5,1,4,1627,182,1809,250,0.0002,1,,Chat
4476,20250416,1137,15,5,2,4,4,467,137,604,192,0.0013,1,,Chat
4477,20250325,1516,39,1,2,3,3,1527,960,2487,698,0.022,1,4.3,Chat
4478,20250515,1602,43,3,2,5,2,3223,115,3338,455,0.0114,1,,Chat
4479,20250427,1327,23,3,1,2,2,1309,318,1627,857,0.0087,1,,Chat
4480,20250307,2123,17,2,1,1,4,786,354,1140,363,0.0003,1,,Embedding
4481,20250305,619,47,3,1,5,3,1378,1525,2903,503,0.027,1,,Embedding
4482,20250617,906,75,2,1,1,1,562,313,875,190,0.0003,1,4.4,Chat
4483,20250528,2232,22,1,4,3,1,829,201,1030,628,0.0072,1,4.6,Chat
4484,20250428,1730,18,2,7,3,3,675,499,1174,194,0.0004,1,,Vision
4485,20250219,1952,44,4,6,2,3,1102,804,1906,315,0.0013,1,4.3,Completion
4486,20250101,1742,68,2,2,5,2,303,217,520,411,0.0002,1,,Vision
4487,20250414,2016,6,4,3,1,3,236,408,644,237,0.0006,1,,Completion
4488,20250429,1126,32,2,5,1,3,859,871,1730,324,0.0007,1,3.9,Chat
4489,20250409,1220,71,2,1,1,2,1057,243,1300,320,0.0003,1,,Chat
4490,20250515,1949,16,1,1,2,1,167,1283,1450,299,0.0201,1,4.5,Chat
4491,20250515,1847,51,2,1,2,3,374,117,491,348,0.0001,1,4.5,Embedding
4492,20250116,1554,10,1,6,6,1,493,183,676,607,0.0052,1,,Chat
4493,20250407,941,60,4,7,1,3,255,364,619,185,0.0005,1,3.7,Chat
4494,20250101,1553,58,6,1,2,3,2543,291,2834,292,0.0003,1,,Chat
4495,20250209,2242,40,1,4,4,3,408,1866,2274,893,0.03,1,4.2,Embedding
4496,20250613,1752,75,2,1,5,2,2127,419,2546,222,0.0006,1,,Chat
4497,20250303,1823,30,2,3,1,1,1843,845,2688,284,0.0008,1,,Chat
4498,20250617,1113,52,5,1,2,2,790,735,1525,380,0.0047,1,,Chat
4499,20250505,1223,72,2,4,1,2,883,108,991,376,0.0002,1,,Chat
4500,20250623,1054,8,2,1,2,3,1348,124,1472,381,0.0003,1,,Chat
4501,20250429,1538,24,2,2,3,3,329,594,923,222,0.0004,1,,Completion
4502,20250119,1635,11,4,1,4,4,519,76,595,183,0.0002,1,,Chat
4503,20250311,1237,62,1,1,4,2,5261,1416,6677,1019,0.0475,1,,Completion
4504,20250330,2047,51,1,1,5,3,784,503,1287,556,0.0115,1,4.8,Completion
4505,20250427,1151,46,6,5,2,3,126,326,452,154,0.0001,1,,Chat
4506,20250324,1343,58,5,7,3,4,4465,214,4679,299,0.0067,1,,Chat
4507,20250509,1701,54,2,5,3,2,855,423,1278,244,0.0004,1,,Chat
4508,20250129,1308,72,3,1,1,3,512,1344,1856,253,0.0217,1,,Chat
4509,20250623,1702,62,4,1,3,3,188,748,936,245,0.001,1,,Chat
4510,20250320,944,18,3,1,5,2,2390,1454,3844,550,0.029,1,,Completion
4511,20250517,1630,37,2,7,3,4,85,107,192,406,0.0001,1,,Chat
4512,20250203,1342,57,5,1,3,2,124,182,306,189,0.0011,1,4.3,Embedding
4513,20250614,1329,35,3,1,3,2,924,713,1637,634,0.0135,1,,Chat
4514,20250210,1912,20,1,1,4,1,2047,929,2976,915,0.0242,1,,Completion
4515,20250523,1249,56,5,2,1,3,213,921,1134,293,0.0049,1,4.1,Chat
4516,20250511,1426,43,2,2,3,2,376,195,571,362,0.0002,1,,Embedding
4517,20250503,1733,65,2,4,2,2,1346,648,1994,335,0.0006,1,,Embedding
4518,20250401,1416,44,3,1,1,1,1123,1900,3023,564,0.0319,1,4.7,Chat
4519,20250315,1518,66,2,3,1,2,322,188,510,256,0.0002,1,3.4,Completion
4520,20250504,1002,26,2,2,3,2,1363,105,1468,289,0.0003,1,,Completion
4521,20250517,1441,26,5,3,2,3,130,227,357,305,0.0013,1,,Completion
4522,20250620,1512,14,2,3,1,3,553,587,1140,269,0.0004,1,,Chat
4523,20250123,1405,60,1,4,2,4,1722,1451,3173,496,0.0304,1,,Completion
4524,20250408,1203,25,2,4,2,4,364,249,613,419,0.0002,1,,Vision
4525,20250227,1643,34,5,3,3,2,240,198,438,316,0.0013,1,,Chat
4526,20250628,1033,50,6,1,3,3,346,1036,1382,219,0.0003,1,4.1,Chat
4527,20250409,1719,59,3,1,5,3,4700,299,4999,447,0.0186,1,4.4,Chat
4528,20250627,1228,9,1,5,2,2,450,675,1125,603,0.0124,1,,Completion
4529,20250106,1523,54,1,2,3,1,5415,1308,6723,761,0.0467,1,,Chat
4530,20250328,639,39,1,4,4,3,2086,3091,5177,120,0.0568,1,,Vision
4531,20250417,1633,22,2,2,2,4,576,160,736,358,0.0002,1,4.1,Chat
4532,20250320,2006,75,1,5,3,2,2908,422,3330,435,0.0209,1,4.5,Chat
4533,20250115,1447,67,3,1,1,2,3207,416,3623,583,0.0159,1,4.7,Chat
4534,20250223,121,35,1,2,1,3,3938,1794,5732,317,0.0466,1,,Completion
4535,20250222,1106,20,3,2,1,3,1443,232,1675,1014,0.0078,1,,Vision
4536,20250410,1914,63,1,5,1,2,785,3277,4062,649,0.0531,1,3.6,Completion
4537,20250304,46,27,1,4,6,3,1547,1040,2587,968,0.0233,1,4.5,Completion
4538,20250326,1909,22,3,3,5,1,2232,526,2758,766,0.0146,1,,Embedding
4539,20250502,1008,13,1,4,3,4,1559,209,1768,244,0.0109,1,,Vision
4540,20250404,1410,69,2,1,3,3,2071,725,2796,271,0.0007,1,,Completion
4541,20250213,2016,20,5,7,1,3,398,64,462,120,0.0008,1,4.5,Chat
4542,20250227,939,15,5,1,4,4,1387,192,1579,325,0.0027,1,4.4,Embedding
4543,20250510,2031,7,1,2,3,2,445,948,1393,772,0.0164,1,,Completion
4544,20250413,1015,46,5,7,1,2,2250,258,2508,242,0.0041,1,,Chat
4545,20250318,2233,57,4,3,5,3,1064,725,1789,412,0.0012,1,,Chat
4546,20250515,1100,26,5,4,2,4,2048,215,2263,226,0.0036,1,,Vision
4547,20250306,1229,39,2,2,2,2,379,664,1043,306,0.0005,1,,Chat
4548,20250324,1233,45,5,1,2,4,1220,261,1481,247,0.0028,1,,Vision
4549,20250508,1455,76,1,2,2,2,2129,871,3000,567,0.0237,1,,Chat
4550,20250413,1715,8,1,1,1,2,1072,323,1395,316,0.0102,1,,Embedding
4551,20250408,1748,32,5,6,2,4,672,395,1067,382,0.0028,1,,Completion
4552,20250209,1235,7,4,1,1,3,193,350,543,310,0.0005,1,3.5,Chat
4553,20250203,1240,1,2,6,6,1,2505,39,2544,389,0.0004,1,3.4,Chat
4554,20250629,1703,17,3,1,1,1,2114,25,2139,942,0.0067,1,3.4,Chat
4555,20250327,903,31,3,3,3,2,806,511,1317,742,0.0101,1,,Completion
4556,20250408,1607,42,4,1,1,2,1485,660,2145,304,0.0012,1,,Chat
4557,20250407,1518,63,3,6,3,2,449,294,743,853,0.0058,1,,Completion
4558,20250225,1724,47,5,3,2,3,1275,213,1488,369,0.0027,1,4.2,Chat
4559,20250407,903,31,2,3,2,4,1753,264,2017,445,0.0004,1,,Embedding
4560,20250118,731,54,4,2,2,3,3252,242,3494,242,0.0011,1,,Chat
4561,20250527,1430,70,1,1,1,3,667,561,1228,482,0.0118,1,,Chat
4562,20250117,1117,20,4,1,1,4,1030,153,1183,204,0.0004,1,,Chat
4563,20250220,832,11,6,7,4,2,422,1007,1429,197,0.0003,1,4.5,Chat
4564,20250630,1118,75,3,1,1,3,1626,423,2049,1156,0.0112,1,,Chat
4565,20250328,1359,40,4,1,1,1,899,736,1635,370,0.0011,1,,Chat
4566,20250226,1436,73,5,2,3,3,575,1845,2420,270,0.0099,1,,Completion
4567,20250627,1212,79,2,1,5,3,371,76,447,360,0.0001,1,,Chat
4568,20250223,445,30,2,1,1,4,661,277,938,499,0.0003,1,,Vision
4569,20250106,621,79,2,4,3,4,295,294,589,260,0.0002,1,4.4,Chat
4570,20250330,1151,24,3,2,1,3,1235,181,1416,731,0.0064,1,3.5,Completion
4571,20250523,427,9,1,1,1,2,1305,340,1645,881,0.0116,1,4.7,Chat
4572,20250126,2117,80,2,2,3,2,493,1077,1570,249,0.0007,1,,Vision
4573,20250204,1042,74,2,2,2,3,3201,514,3715,280,0.0008,1,,Vision
4574,20250612,1642,48,6,1,1,4,851,311,1162,150,0.0002,1,,Chat
4575,20250416,1211,46,1,4,5,4,2498,535,3033,855,0.0205,1,,Chat
4576,20250309,1503,73,3,2,5,3,556,171,727,614,0.0042,1,,Chat
4577,20250325,1148,37,1,1,4,2,1874,304,2178,509,0.0139,1,,Chat
4578,20250612,1804,53,2,6,3,1,760,181,941,281,0.0002,1,4.8,Completion
4579,20250330,1909,10,5,6,6,2,866,546,1412,206,0.0038,1,,Chat
4580,20250517,1815,53,1,3,1,4,12000,283,12283,381,0.0642,1,4.8,Completion
4581,20250404,1410,21,1,7,1,4,3214,551,3765,410,0.0243,1,,Chat
4582,20250316,1318,49,2,2,2,2,1139,233,1372,339,0.0003,1,,Vision
4583,20250121,1847,68,1,2,3,1,1703,586,2289,838,0.0173,1,3.3,Chat
4584,20250605,1040,51,6,7,2,1,281,263,544,231,0.0001,1,3.4,Chat
4585,20250118,1052,75,2,3,1,2,3454,2092,5546,245,0.0018,1,,Completion
4586,20250526,1411,38,2,4,3,3,561,846,1407,407,0.0006,0,4.3,Chat
4587,20250116,629,10,6,1,5,1,1020,108,1128,452,0.0001,1,,Completion
4588,20250123,1523,28,1,1,1,3,587,478,1065,584,0.0101,1,,Chat
4589,20250615,1607,46,1,2,4,2,3796,202,3998,1068,0.022,1,3.6,Vision
4590,20250428,2030,17,2,1,1,2,302,351,653,447,0.0003,1,3.8,Chat
4591,20250214,1855,56,2,1,1,1,491,659,1150,573,0.0005,1,,Chat
4592,20250615,1454,14,4,3,1,1,376,382,758,304,0.0006,1,4.3,Vision
4593,20250508,1112,5,5,1,1,2,989,113,1102,214,0.0018,1,3.5,Chat
4594,20250318,1759,23,2,1,3,2,137,711,848,120,0.0004,1,,Completion
4595,20250302,726,30,1,3,3,1,813,790,1603,951,0.0159,1,,Vision
4596,20250126,1449,76,3,4,2,3,1046,1043,2089,451,0.0188,1,3.3,Embedding
4597,20250426,1445,80,3,3,1,3,403,650,1053,620,0.011,1,,Chat
4598,20250120,1021,40,4,5,1,3,771,377,1148,395,0.0007,1,,Chat
4599,20250112,709,43,1,2,3,2,1241,292,1533,847,0.0106,1,3.5,Chat
4600,20250313,1735,56,6,2,2,2,1050,181,1231,366,0.0001,1,3.8,Vision
4601,20250311,712,19,1,4,1,4,236,179,415,642,0.0039,1,,Chat
4602,20250103,1631,9,3,1,2,3,68,2114,2182,679,0.0319,1,,Chat
4603,20250627,755,11,6,3,4,3,728,836,1564,338,0.0003,1,4.6,Vision
4604,20250409,1805,56,2,1,2,3,194,232,426,189,0.0002,1,,Chat
4605,20250130,2043,42,1,5,5,3,2538,4000,6538,543,0.0727,1,,Embedding
4606,20250419,1149,76,1,4,5,2,1161,2229,3390,566,0.0392,1,4.9,Completion
4607,20250411,1457,62,1,1,1,3,1475,624,2099,501,0.0167,1,,Chat
4608,20250602,1341,75,3,1,4,2,1118,597,1715,864,0.0123,1,3.9,Chat
4609,20250515,2141,3,6,2,4,2,312,236,548,199,0.0001,1,4.7,Chat
4610,20250403,1403,24,3,3,1,3,781,755,1536,901,0.0137,1,,Chat
4611,20250321,351,38,1,7,6,4,2190,388,2578,754,0.0168,1,,Chat
4612,20250406,1000,7,1,1,1,1,4430,1433,5863,779,0.0436,1,,Completion
4613,20250611,1732,16,3,7,2,1,635,334,969,821,0.0069,1,,Chat
4614,20250302,1008,2,5,1,2,2,2443,250,2693,329,0.0043,1,4.0,Completion
4615,20250327,2223,57,6,1,1,3,352,350,702,383,0.0001,1,,Completion
4616,20250127,1721,26,1,1,2,3,965,368,1333,596,0.0103,1,,Vision
4617,20250305,1952,69,5,6,3,1,517,352,869,238,0.0024,1,3.6,Completion
4618,20250412,1630,47,1,2,2,2,1564,232,1796,429,0.0113,1,,Completion
4619,20250314,612,64,2,1,1,2,314,648,962,3272,0.0004,1,3.2,Chat
4620,20250507,1634,27,1,3,4,3,2332,533,2865,826,0.0197,1,3.2,Completion
4621,20250414,1500,13,5,1,1,2,3374,303,3677,411,0.0057,1,,Completion
4622,20250413,1725,15,2,4,2,3,1289,59,1348,371,0.0002,1,4.8,Chat
4623,20250621,1345,37,1,3,1,3,859,147,1006,648,0.0065,1,,Chat
4624,20250203,1427,57,6,1,3,4,205,94,299,327,0.0,1,4.6,Completion
4625,20250514,1741,24,6,1,2,3,789,878,1667,271,0.0003,1,,Chat
4626,20250409,1334,41,2,1,1,3,291,87,378,461,0.0001,1,,Chat
4627,20250426,1817,75,6,3,1,2,189,377,566,270,0.0001,1,,Vision
4628,20250122,1250,53,3,1,2,3,889,864,1753,836,0.0156,1,3.6,Completion
4629,20250608,1554,5,1,4,2,2,1187,518,1705,863,0.0137,1,3.8,Completion
4630,20250225,1541,68,2,1,2,2,710,320,1030,313,0.0003,1,,Chat
4631,20250210,1254,44,1,7,1,3,3045,216,3261,556,0.0185,1,,Vision
4632,20250420,1631,15,1,1,6,4,431,135,566,664,0.0042,1,4.1,Completion
4633,20250510,756,41,1,1,5,2,365,1234,1599,603,0.0203,1,,Chat
4634,20250528,1913,17,2,5,4,2,224,304,528,319,0.0002,1,4.5,Embedding
4635,20250528,935,30,3,1,1,2,3758,977,4735,283,0.0259,1,,Embedding
4636,20250514,1307,3,4,2,5,2,941,200,1141,134,0.0005,0,4.2,Vision
4637,20250625,1535,24,1,4,4,4,12000,416,12416,1007,0.0662,1,3.3,Completion
4638,20250608,1002,14,1,2,2,3,1661,1252,2913,648,0.0271,1,,Completion
4639,20250303,1259,29,3,7,1,1,2768,3629,6397,718,0.0627,0,,Chat
4640,20250311,1148,45,3,1,6,3,1107,4000,5107,680,0.0633,1,4.6,Completion
4641,20250331,1101,19,1,4,4,3,426,106,532,732,0.0037,1,,Chat
4642,20250616,1645,8,5,1,1,2,465,326,791,165,0.0022,1,,Chat
4643,20250323,1430,25,2,2,1,3,1025,209,1234,445,0.0003,1,,Completion
4644,20250223,1013,58,5,4,3,2,858,679,1537,272,0.0045,0,3.5,Chat
4645,20250227,1309,56,2,7,4,1,183,1047,1230,263,0.0007,1,,Completion
4646,20250629,1616,21,3,3,4,3,2624,331,2955,605,0.0128,1,,Chat
4647,20250502,1912,64,1,3,3,3,438,4000,4438,480,0.0622,1,,Chat
4648,20250602,924,12,5,1,2,2,749,2158,2907,120,0.0117,1,,Chat
4649,20250623,1321,26,5,3,1,3,1021,339,1360,317,0.003,1,,Chat
4650,20250503,1130,61,1,3,3,4,735,522,1257,392,0.0115,1,3.4,Chat
4651,20250426,1317,25,6,5,1,1,468,221,689,311,0.0001,1,3.4,Completion
4652,20250329,611,56,1,5,4,3,1065,4000,5065,402,0.0653,1,,Chat
4653,20250104,1914,34,2,1,1,2,698,197,895,150,0.0002,1,,Vision
4654,20250402,1421,80,4,7,1,2,2460,237,2697,272,0.0009,1,,Completion
4655,20250326,1816,5,1,4,4,2,1883,135,2018,672,0.0114,1,,Chat
4656,20250118,2035,2,3,4,1,3,1290,44,1334,738,0.0045,1,,Completion
4657,20250511,1334,31,5,1,2,2,128,79,207,375,0.0006,1,,Embedding
4658,20250301,1117,67,3,1,5,3,540,581,1121,503,0.0103,1,,Chat
4659,20250521,1420,31,1,5,3,3,1093,192,1285,533,0.0083,1,,Chat
4660,20250102,1519,69,2,1,5,3,690,308,998,469,0.0003,1,,Chat
4661,20250112,1634,80,4,4,3,3,1432,286,1718,301,0.0007,1,,Embedding
4662,20250430,1206,57,5,7,1,2,1339,300,1639,301,0.0032,1,,Chat
4663,20250414,1410,16,2,7,1,4,654,4000,4654,214,0.0025,1,,Chat
4664,20250117,1118,26,2,1,3,3,1242,199,1441,251,0.0003,1,,Chat
4665,20250419,910,16,1,4,1,2,2189,971,3160,578,0.0255,1,,Chat
4666,20250411,1611,62,4,3,2,3,124,181,305,263,0.0003,1,3.4,Chat
4667,20250616,956,52,3,4,1,2,233,449,682,807,0.0074,1,,Chat
4668,20250513,1942,35,4,1,4,1,406,615,1021,342,0.0009,1,,Chat
4669,20250602,1832,20,2,2,1,4,485,71,556,286,0.0001,1,,Completion
4670,20250329,917,33,1,5,1,2,649,452,1101,572,0.01,1,4.7,Embedding
4671,20250216,1404,24,1,1,5,3,2705,424,3129,740,0.0199,1,,Chat
4672,20250422,1429,4,2,5,6,3,1543,281,1824,272,0.0004,1,,Completion
4673,20250318,1220,51,1,6,1,3,1138,285,1423,449,0.01,1,3.9,Chat
4674,20250304,1744,32,2,7,4,4,250,251,501,379,0.0002,1,,Vision
4675,20250628,1225,39,5,1,1,2,1402,199,1601,176,0.0027,1,,Completion
4676,20250501,702,58,2,3,3,4,2167,125,2292,353,0.0004,1,,Chat
4677,20250217,1002,26,2,3,3,2,2176,2155,4331,120,0.0016,1,4.9,Chat
4678,20250607,932,61,2,5,4,3,1333,510,1843,356,0.0005,1,,Vision
4679,20250621,1119,39,2,2,2,4,3978,365,4343,160,0.0008,1,,Chat
4680,20250416,1255,17,1,4,5,2,401,2728,3129,499,0.0429,1,3.5,Chat
4681,20250317,1509,75,5,5,1,4,435,195,630,120,0.0015,1,,Completion
4682,20250614,1648,28,1,5,1,2,4910,252,5162,298,0.0283,1,4.0,Completion
4683,20250503,1708,65,3,1,2,3,258,1917,2175,444,0.0295,1,4.9,Chat
4684,20250111,906,77,1,3,2,3,1717,224,1941,489,0.0119,1,4.4,Completion
4685,20250121,1527,55,6,4,5,3,74,1334,1408,284,0.0004,1,,Completion
4686,20250102,855,4,6,3,6,1,266,767,1033,338,0.0003,1,,Completion
4687,20250131,1952,26,5,3,1,3,359,425,784,321,0.0026,1,4.9,Chat
4688,20250131,1658,14,5,2,1,1,1834,179,2013,268,0.0032,0,3.8,Completion
4689,20250602,1147,61,3,4,2,3,1270,1168,2438,273,0.0213,1,,Embedding
4690,20250302,1824,9,6,4,3,3,238,254,492,401,0.0001,1,,Chat
4691,20250527,1519,48,6,3,1,4,902,121,1023,177,0.0001,1,3.9,Embedding
4692,20250104,1706,67,6,6,6,2,391,216,607,374,0.0001,1,5.0,Completion
4693,20250318,923,78,6,2,3,2,847,342,1189,279,0.0002,1,,Completion
4694,20250416,1102,75,5,2,1,1,394,132,526,327,0.0012,1,,Chat
4695,20250330,1127,23,5,7,4,2,1590,272,1862,176,0.0033,1,,Completion
4696,20250105,1355,70,6,3,4,3,459,778,1237,243,0.0003,1,,Chat
4697,20250125,1243,46,1,1,5,2,5494,975,6469,1028,0.0421,1,,Chat
4698,20250622,1950,58,2,6,5,3,299,766,1065,429,0.0005,1,4.4,Chat
4699,20250119,2044,75,1,1,1,3,3597,1508,5105,581,0.0406,1,,Chat
4700,20250510,1058,10,4,4,3,2,484,80,564,411,0.0002,1,,Embedding
4701,20250605,1216,25,2,6,1,3,2126,115,2241,386,0.0004,1,5.0,Chat
4702,20250612,1220,70,3,3,1,3,370,2823,3193,901,0.0435,1,,Completion
4703,20250501,1413,58,5,3,1,1,685,479,1164,299,0.0033,1,3.9,Completion
4704,20250627,1003,27,3,3,3,3,887,3876,4763,1257,0.0608,1,,Vision
4705,20250626,2041,45,1,1,6,3,2160,436,2596,468,0.0173,1,3.8,Completion
4706,20250109,1100,64,3,1,4,2,770,4000,4770,1060,0.0623,1,4.7,Chat
4707,20250620,1616,25,3,4,4,3,512,1405,1917,595,0.0226,1,4.8,Completion
4708,20250409,509,74,3,1,1,2,1784,270,2054,466,0.0094,1,,Chat
4709,20250519,1228,73,1,7,3,3,813,582,1395,631,0.0128,1,,Chat
4710,20250508,651,14,1,1,1,3,6125,236,6361,433,0.0342,1,4.8,Chat
4711,20250329,1259,52,6,1,4,1,603,1141,1744,306,0.0004,1,,Chat
4712,20250318,1633,73,1,1,4,2,1762,749,2511,720,0.02,1,,Completion
4713,20250201,626,3,1,1,3,2,1043,1815,2858,1546,0.0324,1,,Chat
4714,20250226,935,24,2,7,3,4,973,203,1176,480,0.0003,1,,Vision
4715,20250213,811,51,2,1,1,2,1167,99,1266,248,0.0002,1,4.1,Completion
4716,20250614,1300,74,3,1,1,3,3903,216,4119,800,0.0149,1,,Chat
4717,20250422,1434,9,4,6,6,2,850,745,1595,154,0.0011,1,4.9,Chat
4718,20250113,1753,16,1,4,2,3,758,1704,2462,726,0.0294,1,,Embedding
4719,20250406,1321,11,5,5,5,3,391,665,1056,403,0.0038,1,,Completion
4720,20250610,1120,32,4,5,1,2,239,595,834,138,0.0008,1,3.6,Completion
4721,20250526,834,22,1,5,2,3,462,405,867,345,0.0084,1,4.8,Completion
4722,20250617,641,14,3,2,1,2,430,1108,1538,360,0.0179,1,3.3,Completion
4723,20250316,1223,14,5,3,1,4,3835,316,4151,313,0.0064,1,,Chat
4724,20250226,1001,9,2,1,1,1,4661,208,4869,257,0.0008,1,3.3,Chat
4725,20250509,1943,62,5,1,1,3,564,344,908,252,0.0024,1,4.7,Chat
4726,20250107,1242,61,5,1,1,3,928,528,1456,216,0.0038,1,3.8,Chat
4727,20250426,1044,67,3,4,3,3,728,158,886,288,0.0046,1,,Completion
4728,20250626,1527,58,3,1,1,2,3424,1376,4800,960,0.0309,1,,Chat
4729,20250510,1301,53,1,2,2,2,444,689,1133,554,0.0126,1,,Embedding
4730,20250612,1611,46,3,1,1,3,1314,99,1413,429,0.0054,1,3.5,Embedding
4731,20250202,1444,19,5,5,6,3,721,100,821,129,0.0014,1,,Chat
4732,20250301,1413,39,3,6,1,3,329,123,452,548,0.0028,1,,Vision
4733,20250320,1243,61,2,2,4,4,301,181,482,281,0.0002,1,,Completion
4734,20250326,1157,75,1,1,3,3,1437,419,1856,688,0.0135,1,3.9,Chat
4735,20250324,1741,16,2,1,1,2,1415,987,2402,362,0.0008,1,,Chat
4736,20250328,1451,39,1,1,1,4,868,416,1284,450,0.0106,1,,Chat
4737,20250429,1441,36,2,3,1,1,1245,178,1423,276,0.0003,1,3.2,Completion
4738,20250516,1116,64,2,4,3,1,803,207,1010,207,0.0002,1,3.3,Completion
4739,20250301,1128,40,5,5,3,2,1046,304,1350,238,0.0028,1,3.9,Vision
4740,20250130,1507,59,2,3,2,4,458,860,1318,184,0.0006,1,3.3,Chat
4741,20250315,1337,60,2,2,1,4,187,245,432,120,0.0002,1,,Completion
4742,20250614,1640,32,2,1,5,3,1325,643,1968,282,0.0006,1,,Embedding
4743,20250131,1052,37,5,1,2,2,323,1212,1535,420,0.0065,1,4.3,Embedding
4744,20250428,1438,4,2,4,2,3,418,1057,1475,211,0.0007,1,4.8,Completion
4745,20250106,1404,4,5,4,1,4,2245,162,2407,361,0.0036,1,4.9,Chat
4746,20250528,1640,24,2,7,2,1,641,141,782,209,0.0002,1,,Completion
4747,20250325,1554,21,1,2,1,3,322,681,1003,773,0.0118,1,,Chat
4748,20250209,1748,40,3,2,1,3,330,2101,2431,1035,0.0325,1,4.0,Chat
4749,20250119,1500,36,4,5,1,1,261,249,510,275,0.0004,1,,Chat
4750,20250313,1532,14,2,2,1,1,678,419,1097,271,0.0004,1,3.9,Vision
4751,20250131,1547,21,2,2,1,2,439,247,686,223,0.0002,1,,Embedding
4752,20250330,2102,55,3,5,1,3,5790,1019,6809,951,0.0327,1,,Embedding
4753,20250306,1717,67,1,4,6,4,1605,143,1748,590,0.0102,1,3.9,Completion
4754,20250109,1234,22,1,1,3,4,431,146,577,762,0.0043,1,,Completion
4755,20250125,1553,24,2,7,2,2,232,175,407,393,0.0001,1,,Embedding
4756,20250415,1001,74,2,3,2,3,775,281,1056,329,0.0003,1,,Chat
4757,20250109,1031,23,6,4,1,4,721,381,1102,302,0.0002,1,,Chat
4758,20250524,1429,19,4,1,2,2,907,2128,3035,531,0.0029,1,,Completion
4759,20250212,1134,38,2,3,1,2,82,547,629,298,0.0003,1,4.1,Chat
4760,20250509,1848,28,5,4,3,3,859,347,1206,390,0.0028,1,3.4,Embedding
4761,20250516,1914,27,1,2,3,3,334,277,611,625,0.0058,1,,Chat
4762,20250412,1441,4,2,2,1,3,542,477,1019,377,0.0004,1,3.7,Completion
4763,20250418,2006,22,2,1,1,4,1119,160,1279,265,0.0003,1,,Chat
4764,20250501,1303,74,2,2,1,3,1056,459,1515,480,0.0004,1,,Chat
4765,20250321,1230,5,2,5,3,3,940,2444,3384,222,0.0016,1,3.5,Completion
4766,20250122,1437,38,2,5,3,2,284,354,638,203,0.0003,1,,Chat
4767,20250109,1821,59,2,6,1,3,759,149,908,362,0.0002,1,4.6,Embedding
4768,20250620,1417,51,1,2,1,3,3473,202,3675,733,0.0204,1,,Embedding
4769,20250122,1737,12,1,3,5,2,877,181,1058,640,0.0071,1,,Chat
4770,20250604,1804,63,2,1,4,3,1832,229,2061,154,0.0004,1,4.1,Chat
4771,20250120,1225,75,1,3,1,3,838,919,1757,626,0.018,1,,Completion
4772,20250307,1004,70,1,6,1,2,4041,687,4728,749,0.0305,1,4.7,Vision
4773,20250621,716,21,2,2,1,3,75,97,172,232,0.0001,1,,Embedding
4774,20250104,1631,56,5,3,4,2,80,1279,1359,296,0.0065,1,5.0,Chat
4775,20250411,1954,28,3,5,4,3,552,971,1523,669,0.0162,1,,Completion
4776,20250107,1734,67,1,2,2,2,1060,943,2003,900,0.0194,1,,Chat
4777,20250404,1100,63,2,1,1,4,827,66,893,348,0.0002,1,,Completion
4778,20250302,2157,5,1,2,1,2,385,551,936,850,0.0102,1,,Chat
4779,20250508,1452,23,4,1,2,2,771,236,1007,238,0.0005,1,,Completion
4780,20250325,1316,74,4,7,3,3,690,120,810,273,0.0003,1,,Completion
4781,20250527,2055,51,1,1,3,2,880,185,1065,615,0.0072,1,4.6,Chat
4782,20250330,1139,79,2,5,2,3,199,371,570,210,0.0003,1,,Completion
4783,20250603,1134,4,6,4,1,3,763,89,852,120,0.0001,1,3.2,Chat
4784,20250326,1653,39,2,1,1,2,117,144,261,120,0.0001,1,,Completion
4785,20250215,1211,62,1,2,4,3,2055,669,2724,1194,0.0203,1,3.8,Chat
4786,20250218,1849,75,1,1,1,3,527,193,720,1265,0.0055,1,,Embedding
4787,20250419,1800,9,1,1,3,2,2414,646,3060,712,0.0218,1,4.9,Embedding
4788,20250102,847,55,4,6,1,3,766,350,1116,191,0.0006,1,,Chat
4789,20250117,1143,62,1,3,2,2,6094,534,6628,1121,0.0385,1,4.8,Chat
4790,20250518,716,12,1,1,3,1,794,138,932,374,0.006,1,3.9,Chat
4791,20250329,1057,66,2,1,2,3,883,414,1297,213,0.0004,1,,Chat
4792,20250529,504,80,4,2,5,2,2514,259,2773,170,0.001,1,,Vision
4793,20250407,1517,26,2,2,1,2,799,251,1050,294,0.0003,1,,Completion
4794,20250310,912,1,4,4,4,2,1318,141,1459,220,0.0005,1,3.5,Completion
4795,20250311,1645,61,5,1,1,3,1965,1271,3236,383,0.0088,1,3.5,Embedding
4796,20250503,1212,76,3,1,3,4,286,2286,2572,961,0.0351,1,4.5,Embedding
4797,20250325,1106,59,3,6,1,2,3365,438,3803,991,0.0167,1,4.9,Chat
4798,20250502,1106,22,4,2,2,2,3947,644,4591,456,0.0018,1,4.5,Chat
4799,20250227,1204,38,6,1,2,2,957,144,1101,362,0.0001,1,,Completion
4800,20250331,1716,26,6,7,5,2,5752,497,6249,350,0.0006,1,3.8,Chat
4801,20250324,1219,22,6,1,3,3,1082,239,1321,291,0.0002,1,,Chat
4802,20250204,1436,70,6,4,1,2,484,348,832,243,0.0001,1,,Completion
4803,20250330,1229,39,2,3,1,4,1752,383,2135,314,0.0005,1,,Completion
4804,20250420,847,11,4,1,2,3,973,518,1491,240,0.0009,1,,Completion
4805,20250126,2212,44,1,6,1,3,135,1267,1402,812,0.0197,1,,Chat
4806,20250421,1606,11,4,2,3,4,779,527,1306,365,0.0009,1,3.7,Chat
4807,20250408,1130,31,4,2,3,3,870,282,1152,172,0.0006,1,,Chat
4808,20250120,1611,31,1,3,5,2,761,145,906,527,0.006,1,,Embedding
4809,20250205,1038,58,3,6,3,2,3746,696,4442,964,0.0217,1,,Embedding
4810,20250128,1141,79,1,3,1,2,3210,4000,7210,730,0.0761,1,,Vision
4811,20250506,1716,34,3,1,3,3,2679,155,2834,783,0.0104,1,,Chat
4812,20250327,1520,58,5,4,1,4,526,155,681,348,0.0014,1,4.7,Chat
4813,20250113,1014,35,2,1,4,4,4538,363,4901,160,0.0009,1,,Embedding
4814,20250529,1118,8,2,1,2,4,517,2567,3084,193,0.0016,1,4.9,Completion
4815,20250511,1321,28,3,2,2,3,782,967,1749,531,0.0169,1,4.6,Chat
4816,20250512,913,63,1,1,3,4,1101,452,1553,515,0.0123,1,,Chat
4817,20250605,1129,14,2,4,3,3,1931,251,2182,168,0.0004,1,,Chat
4818,20250206,1221,19,2,7,3,3,698,106,804,439,0.0002,1,,Chat
4819,20250125,1704,64,2,2,2,2,2409,460,2869,120,0.0006,1,4.7,Chat
4820,20250605,2017,25,1,4,2,2,564,286,850,685,0.0071,1,,Chat
4821,20250309,1934,78,3,3,2,3,3840,1423,5263,579,0.0329,1,,Chat
4822,20250201,1228,36,3,2,1,2,1893,531,2424,852,0.0136,1,,Completion
4823,20250309,1710,16,2,1,1,3,1132,38,1170,292,0.0002,1,,Chat
4824,20250207,1319,50,5,6,2,3,773,173,946,150,0.0018,1,,Vision
4825,20250621,1544,21,2,1,1,3,482,538,1020,214,0.0004,1,,Vision
4826,20250301,1903,49,4,1,1,3,1637,425,2062,259,0.0009,1,,Completion
4827,20250530,1701,1,2,5,2,1,946,404,1350,382,0.0004,1,,Completion
4828,20250228,1917,22,6,1,4,1,215,135,350,203,0.0001,1,,Chat
4829,20250209,736,66,1,1,3,3,1257,1064,2321,645,0.0222,1,3.5,Chat
4830,20250112,1104,46,4,1,1,2,1833,372,2205,313,0.0009,1,4.0,Embedding
4831,20250405,1820,45,5,2,3,1,595,1902,2497,236,0.0103,1,,Chat
4832,20250629,2149,62,3,1,6,3,505,983,1488,503,0.0163,1,,Chat
4833,20250612,1835,32,2,5,1,2,432,422,854,216,0.0003,1,4.5,Chat
4834,20250114,1735,26,1,6,1,2,695,2978,3673,423,0.0481,1,3.3,Chat
4835,20250529,802,34,1,4,4,3,3468,343,3811,648,0.0225,1,,Completion
4836,20250610,1212,62,5,1,5,4,204,309,513,403,0.0018,1,,Completion
4837,20250129,1835,59,6,4,1,3,819,850,1669,176,0.0003,1,5.0,Completion
4838,20250620,1212,56,3,1,2,1,1989,531,2520,593,0.0139,1,,Chat
4839,20250619,951,11,6,2,3,3,0,0,0,303,0.0,1,,Vision
4840,20250413,1736,31,1,6,1,3,865,305,1170,651,0.0089,1,,Completion
4841,20250303,1750,41,1,6,4,2,1062,1289,2351,421,0.0246,1,4.4,Embedding
4842,20250627,1311,58,3,4,1,4,1248,1929,3177,697,0.0327,1,5.0,Completion
4843,20250609,2009,34,1,5,3,2,348,680,1028,690,0.0119,1,4.3,Completion
4844,20250609,1643,25,1,1,1,3,593,2981,3574,652,0.0477,1,,Chat
4845,20250107,924,12,2,1,1,3,655,253,908,552,0.0003,1,,Chat
4846,20250317,1834,28,5,1,2,4,695,300,995,373,0.0024,1,,Completion
4847,20250523,1723,31,3,2,3,3,72,1108,1180,656,0.0168,1,,Completion
4848,20250623,819,47,1,1,5,4,3229,4000,7229,776,0.0761,1,4.7,Chat
4849,20250430,1800,71,1,2,1,1,8136,273,8409,227,0.0448,1,,Chat
4850,20250330,1649,18,4,2,1,3,532,102,634,272,0.0003,1,,Completion
4851,20250215,1600,27,6,1,1,4,581,169,750,258,0.0001,1,3.3,Completion
4852,20250427,1311,77,1,5,1,2,194,525,719,344,0.0088,1,,Chat
4853,20250115,1641,60,6,6,1,2,163,781,944,239,0.0002,1,,Chat
4854,20250210,1122,24,6,4,1,3,866,158,1024,307,0.0001,1,,Chat
4855,20250417,1110,37,3,3,1,2,767,884,1651,390,0.0156,1,3.7,Completion
4856,20250331,825,51,4,3,3,4,831,322,1153,296,0.0006,1,,Chat
4857,20250319,1555,73,6,2,2,3,700,553,1253,289,0.0002,1,,Chat
4858,20250523,558,58,5,5,2,2,137,1700,1837,280,0.0087,1,,Chat
4859,20250508,1727,40,2,1,2,3,487,314,801,235,0.0003,1,,Completion
4860,20250404,2353,53,3,2,1,1,1725,362,2087,274,0.0106,1,,Completion
4861,20250530,2141,48,3,6,4,1,1137,1220,2357,844,0.0217,1,,Embedding
4862,20250419,1216,22,5,2,2,2,1218,197,1415,182,0.0025,1,,Completion
4863,20250415,1853,51,1,4,1,3,1143,984,2127,743,0.0205,1,,Chat
4864,20250317,1606,5,3,5,4,3,282,345,627,576,0.006,1,,Chat
4865,20250216,1021,21,5,4,1,3,978,905,1883,411,0.0057,1,4.6,Chat
4866,20250204,1257,49,1,3,3,2,1793,919,2712,791,0.0227,1,4.9,Chat
4867,20250322,1042,12,5,3,1,4,3423,725,4148,373,0.0079,1,,Vision
4868,20250322,1814,70,1,5,2,2,2285,226,2511,618,0.0148,1,,Chat
4869,20250624,739,78,3,4,2,3,2028,512,2540,640,0.0138,1,4.3,Chat
4870,20250204,1835,19,2,5,3,3,440,266,706,282,0.0002,1,,Chat
4871,20250508,642,12,1,1,3,1,1026,56,1082,516,0.006,1,,Chat
4872,20250419,1754,27,1,1,5,2,2094,342,2436,659,0.0156,1,,Completion
4873,20250604,948,42,6,1,3,2,663,3986,4649,460,0.0012,1,,Completion
4874,20250607,1431,47,2,4,1,1,768,143,911,201,0.0002,1,,Chat
4875,20250105,1545,12,3,1,3,2,792,1420,2212,1007,0.0237,1,4.1,Chat
4876,20250324,1517,53,1,3,2,4,1482,121,1603,820,0.0092,1,,Chat
4877,20250131,938,43,1,2,3,2,881,1497,2378,884,0.0269,1,3.9,Chat
4878,20250408,1242,75,2,1,4,2,460,182,642,162,0.0002,1,,Completion
4879,20250126,1110,47,1,4,2,1,266,1151,1417,739,0.0186,1,4.8,Chat
4880,20250518,1610,47,5,1,4,2,281,119,400,285,0.0009,1,,Completion
4881,20250406,1424,15,3,6,5,2,1156,457,1613,1039,0.0103,1,,Chat
4882,20250419,1507,64,1,6,4,3,9611,2009,11620,1037,0.0782,1,3.6,Embedding
4883,20250531,945,47,3,1,3,4,2423,399,2822,271,0.0133,1,,Chat
4884,20250524,1922,25,4,1,1,2,510,134,644,239,0.0003,1,,Chat
4885,20250627,1005,76,2,3,2,3,356,273,629,449,0.0002,1,,Chat
4886,20250611,1150,12,4,2,1,3,2961,679,3640,318,0.0016,1,,Completion
4887,20250223,1612,21,1,1,4,3,1357,2042,3399,778,0.0374,1,3.7,Completion
4888,20250506,732,19,2,4,5,3,868,643,1511,251,0.0005,1,,Chat
4889,20250118,1412,66,4,2,4,3,383,102,485,128,0.0002,1,4.5,Embedding
4890,20250618,752,38,6,1,1,2,1214,39,1253,214,0.0001,1,,Chat
4891,20250531,1022,33,2,5,4,1,515,68,583,319,0.0001,1,,Chat
4892,20250105,800,76,2,1,5,4,1843,194,2037,270,0.0004,1,,Chat
4893,20250519,1451,16,2,1,4,3,828,340,1168,238,0.0003,1,,Vision
4894,20250223,1516,36,5,5,1,3,1011,172,1183,321,0.0021,1,,Embedding
4895,20250508,1814,12,5,5,2,2,1255,729,1984,296,0.0052,1,,Chat
4896,20250209,1039,43,1,3,4,1,596,815,1411,864,0.0152,1,,Completion
4897,20250426,100,50,3,7,2,1,3575,197,3772,475,0.0137,1,,Chat
4898,20250421,2318,49,1,1,1,1,1080,629,1709,431,0.0148,1,,Completion
4899,20250327,2002,32,1,1,2,1,2209,288,2497,423,0.0154,1,3.6,Chat
4900,20250325,1501,75,3,3,3,4,1399,1326,2725,774,0.0241,1,,Chat
4901,20250402,1217,33,5,1,5,4,407,288,695,226,0.0019,1,,Chat
4902,20250315,1331,8,3,1,1,4,1361,256,1617,793,0.0079,1,,Vision
4903,20250531,1200,33,3,2,1,2,577,430,1007,705,0.0082,1,,Chat
4904,20250505,1419,47,5,1,1,3,972,708,1680,407,0.0048,1,,Completion
4905,20250620,1551,69,1,1,5,3,459,466,925,421,0.0093,1,,Embedding
4906,20250502,2059,11,5,3,5,2,3978,574,4552,364,0.0078,1,3.6,Completion
4907,20250308,1533,44,1,2,3,4,1931,131,2062,633,0.0116,1,4.1,Embedding
4908,20250306,1053,47,1,5,2,1,1774,568,2342,1092,0.0174,1,3.5,Chat
4909,20250312,1748,27,4,5,3,4,859,263,1122,444,0.0005,1,3.4,Chat
4910,20250603,1330,9,5,2,1,2,896,342,1238,240,0.0028,1,,Chat
4911,20250523,1442,78,3,6,1,2,188,138,326,729,0.0026,1,,Vision
4912,20250329,2058,68,1,7,1,4,1897,303,2200,321,0.014,1,,Chat
4913,20250227,1710,54,2,6,5,3,399,570,969,318,0.0004,1,,Chat
4914,20250514,1522,72,6,5,5,3,685,457,1142,268,0.0002,1,,Completion
4915,20250604,1139,13,3,4,1,1,511,62,573,608,0.0025,1,,Chat
4916,20250416,2016,1,5,3,1,3,1283,400,1683,208,0.0036,1,,Completion
4917,20250218,1718,26,3,7,1,4,1188,2687,3875,426,0.0439,1,,Chat
4918,20250622,1113,73,3,1,1,1,574,147,721,436,0.0039,1,4.6,Embedding
4919,20250624,1447,11,6,6,1,1,350,20,370,385,0.0,1,,Chat
4920,20250617,750,67,1,1,3,1,2414,619,3033,1131,0.0214,1,,Chat
4921,20250131,1757,63,1,3,4,3,808,308,1116,991,0.0087,1,,Chat
4922,20250120,803,77,2,5,5,2,789,295,1084,246,0.0003,1,,Completion
4923,20250316,1541,36,3,5,1,3,1618,929,2547,681,0.0188,1,3.3,Chat
4924,20250223,1505,70,3,5,1,4,1470,321,1791,650,0.0092,1,,Chat
4925,20250128,1156,8,3,2,2,2,613,437,1050,622,0.0084,1,3.7,Vision
4926,20250226,1406,17,4,2,2,1,1517,216,1733,299,0.0006,1,4.0,Chat
4927,20250331,1430,69,6,1,2,2,384,351,735,378,0.0001,1,4.6,Vision
4928,20250627,1434,12,6,1,1,3,815,181,996,472,0.0001,1,,Chat
4929,20250601,1151,23,5,1,1,2,148,686,834,268,0.0036,1,3.9,Vision
4930,20250619,1233,77,2,1,4,1,407,1621,2028,314,0.001,1,,Chat
4931,20250107,1623,57,4,1,1,2,769,415,1184,417,0.0007,1,,Completion
4932,20250528,1210,20,3,7,3,2,312,1372,1684,762,0.0215,1,,Embedding
4933,20250226,1451,49,2,5,3,2,1016,241,1257,282,0.0003,1,,Chat
4934,20250227,1322,44,2,3,4,2,390,907,1297,141,0.0006,0,,Embedding
4935,20250422,2327,33,1,7,2,4,3220,111,3331,599,0.0178,1,,Embedding
4936,20250614,1328,39,1,6,2,1,1982,235,2217,657,0.0134,1,3.8,Completion
4937,20250403,1338,6,6,5,1,3,342,156,498,370,0.0001,1,5.0,Chat
4938,20250608,753,11,3,3,1,2,2160,1283,3443,600,0.0257,1,,Chat
4939,20250505,1458,80,4,1,4,4,1895,181,2076,221,0.0007,1,4.0,Chat
4940,20250217,1259,48,2,2,5,3,1898,990,2888,143,0.0009,1,,Completion
4941,20250330,1801,12,6,1,4,2,1389,1237,2626,317,0.0005,1,4.7,Chat
4942,20250516,1351,4,6,1,2,4,1864,598,2462,500,0.0003,1,4.5,Chat
4943,20250324,1716,34,2,3,5,2,763,121,884,223,0.0002,1,,Completion
4944,20250331,846,18,2,3,4,3,548,725,1273,279,0.0005,1,4.2,Vision
4945,20250325,1825,62,4,6,1,3,901,234,1135,288,0.0005,1,,Chat
4946,20250514,1555,58,3,2,4,4,1539,694,2233,475,0.015,1,,Embedding
4947,20250327,1233,14,6,5,1,3,5077,938,6015,135,0.0007,1,,Vision
4948,20250128,454,14,3,5,5,2,1445,1406,2851,531,0.0254,1,,Chat
4949,20250607,1837,73,5,1,1,3,701,287,988,354,0.0023,1,3.6,Embedding
4950,20250606,1141,48,1,1,1,3,1005,1137,2142,642,0.0221,1,4.6,Completion
4951,20250525,2145,6,2,2,1,4,1241,563,1804,275,0.0005,1,4.4,Chat
4952,20250504,1710,80,2,5,1,4,497,419,916,190,0.0003,1,,Completion
4953,20250410,1836,2,1,1,2,2,1791,3957,5748,1194,0.0683,1,4.5,Completion
4954,20250427,1704,12,4,6,1,1,707,147,854,368,0.0004,1,,Completion
4955,20250416,1453,34,6,2,3,1,1079,1437,2516,199,0.0005,1,4.0,Completion
4956,20250206,1028,74,1,1,3,4,1057,1313,2370,776,0.025,1,3.8,Vision
4957,20250501,1018,57,1,1,2,3,2854,192,3046,459,0.0172,1,,Chat
4958,20250408,1347,51,1,1,1,3,770,1401,2171,715,0.0249,1,,Chat
4959,20250102,2131,6,1,6,4,4,1046,535,1581,925,0.0133,1,3.2,Chat
4960,20250607,1302,28,1,4,1,2,5967,1006,6973,120,0.0449,1,,Chat
4961,20250407,1836,9,6,6,4,4,1512,741,2253,120,0.0003,1,4.3,Chat
4962,20250111,1153,9,2,2,3,4,391,161,552,450,0.0002,1,3.7,Chat
4963,20250208,1347,72,5,5,2,4,643,528,1171,335,0.0034,1,3.9,Completion
4964,20250201,27,50,5,6,5,3,371,99,470,319,0.001,1,4.8,Chat
4965,20250410,1220,77,5,1,1,4,674,56,730,249,0.0011,1,,Completion
4966,20250325,1853,19,6,1,3,4,2364,608,2972,149,0.0004,1,,Chat
4967,20250213,1918,1,4,7,3,4,1276,298,1574,120,0.0007,1,4.6,Chat
4968,20250315,1732,42,1,2,1,3,740,836,1576,665,0.0162,1,,Embedding
4969,20250607,2051,27,6,1,1,2,594,326,920,434,0.0001,1,3.4,Chat
4970,20250513,1156,40,2,6,4,3,1384,278,1662,181,0.0004,1,,Chat
4971,20250606,1427,39,1,6,3,1,2675,2177,4852,985,0.046,1,,Embedding
4972,20250407,1202,73,2,6,4,2,273,251,524,164,0.0002,1,,Completion
4973,20250613,1302,9,5,7,1,3,489,613,1102,120,0.0037,1,,Chat
4974,20250613,1132,42,2,5,2,4,346,906,1252,170,0.0006,1,,Embedding
4975,20250129,1422,58,2,2,5,2,592,801,1393,338,0.0006,1,4.1,Completion
4976,20250207,1459,28,3,1,5,3,769,103,872,706,0.0039,1,4.0,Chat
4977,20250508,1655,17,6,1,3,3,161,115,276,304,0.0,1,,Completion
4978,20250218,1557,8,6,4,1,2,272,202,474,120,0.0001,1,,Chat
4979,20250317,1922,73,1,1,2,2,365,1007,1372,642,0.0169,1,5.0,Chat
4980,20250304,1913,43,6,1,1,3,326,347,673,120,0.0001,1,,Embedding
4981,20250404,649,54,6,5,2,4,1137,72,1209,257,0.0001,1,,Completion
4982,20250521,1800,79,3,4,6,4,2826,320,3146,288,0.0133,1,4.3,Completion
4983,20250103,1606,62,1,3,5,3,5126,320,5446,467,0.0304,1,,Chat
4984,20250224,1104,20,1,5,2,3,2372,1933,4305,367,0.0409,1,,Chat
4985,20250328,802,52,1,2,2,3,12000,508,12508,707,0.0676,1,3.6,Completion
4986,20250205,1107,78,5,2,1,2,1033,746,1779,309,0.005,1,,Chat
4987,20250309,2018,75,6,3,1,1,495,264,759,302,0.0001,1,4.0,Chat
4988,20250425,1541,19,4,4,1,3,816,110,926,310,0.0003,1,3.2,Completion
4989,20250417,1247,57,1,6,5,4,749,620,1369,431,0.013,1,,Chat
4990,20250509,955,77,1,5,2,2,97,3164,3261,776,0.0479,1,,Vision
4991,20250204,1337,38,1,1,6,2,687,39,726,484,0.004,1,,Completion
4992,20250510,1646,26,5,5,5,2,1553,570,2123,295,0.0048,1,,Chat
4993,20250602,1953,70,4,2,1,3,494,830,1324,242,0.0012,1,3.3,Chat
4994,20250328,1008,63,3,1,2,3,489,218,707,799,0.0047,1,,Chat
4995,20250523,1137,73,5,4,1,3,262,605,867,312,0.0034,1,4.6,Chat
4996,20250106,1700,16,4,1,3,2,1055,174,1229,287,0.0005,1,,Completion
4997,20250313,1423,42,1,5,4,2,534,210,744,495,0.0058,1,,Completion
4998,20250421,2238,17,4,2,3,2,458,941,1399,234,0.0013,1,,Chat
4999,20250621,1740,5,2,1,5,4,1498,742,2240,318,0.0007,1,,Completion
5000,20250413,1944,48,6,3,4,2,934,1417,2351,121,0.0005,1,,Chat
5001,20250516,1546,47,4,1,4,2,858,149,1007,336,0.0004,1,,Chat
5002,20250506,815,16,6,5,1,2,369,60,429,432,0.0,1,,Chat
5003,20250123,1321,44,1,1,2,2,11694,1290,12984,751,0.0778,1,3.6,Chat
5004,20250225,1122,78,3,1,5,2,470,989,1459,633,0.0162,1,,Completion
5005,20250214,821,69,1,1,1,4,293,242,535,1064,0.0051,1,,Chat
5006,20250421,2205,16,3,5,1,3,1644,693,2337,573,0.0153,1,4.3,Chat
5007,20250317,1009,72,3,4,3,3,5298,3568,8866,446,0.0694,1,,Chat
5008,20250423,1355,76,2,2,2,1,443,231,674,396,0.0002,1,,Chat
5009,20250520,820,17,2,3,1,4,1012,613,1625,266,0.0005,1,,Chat
5010,20250302,1713,74,3,1,1,2,1552,1912,3464,303,0.0333,1,,Chat
5011,20250213,1224,4,2,4,2,2,623,34,657,173,0.0001,1,4.1,Chat
5012,20250305,1010,53,4,5,3,3,1561,181,1742,199,0.0006,1,,Chat
5013,20250413,1705,46,2,1,2,1,155,56,211,244,0.0001,1,,Embedding
5014,20250615,842,11,4,1,3,4,187,537,724,365,0.0007,1,3.8,Chat
5015,20250622,1748,44,6,1,1,3,1804,948,2752,120,0.0004,1,,Chat
5016,20250126,1532,45,6,1,5,4,412,174,586,334,0.0001,1,,Chat
5017,20250630,727,32,1,2,4,4,232,1098,1330,760,0.0176,1,4.5,Chat
5018,20250217,1452,8,3,2,5,3,555,1220,1775,804,0.02,1,4.0,Vision
5019,20250105,1432,46,2,1,2,3,230,230,460,362,0.0002,1,,Chat
5020,20250204,1924,27,6,2,3,2,495,267,762,264,0.0001,1,3.7,Chat
5021,20250220,1536,34,4,1,3,1,394,28,422,396,0.0001,1,4.7,Chat
5022,20250618,2143,71,4,2,1,4,383,133,516,266,0.0003,1,,Chat
5023,20250623,1337,28,2,1,5,1,1629,346,1975,202,0.0005,1,3.3,Chat
5024,20250517,830,79,3,5,2,4,3183,1063,4246,891,0.0255,1,3.9,Chat
5025,20250103,1006,54,5,7,2,2,3479,75,3554,349,0.0047,1,,Chat
5026,20250320,638,17,2,6,3,1,326,1244,1570,361,0.0008,1,4.4,Completion
5027,20250328,1150,56,1,1,4,4,797,662,1459,766,0.0139,1,,Chat
5028,20250526,1915,38,1,1,3,4,848,130,978,685,0.0062,1,4.5,Completion
5029,20250329,1239,45,2,7,4,3,206,425,631,259,0.0003,1,,Completion
5030,20250610,1549,55,1,6,5,2,547,955,1502,350,0.0171,1,,Completion
5031,20250416,1011,25,2,2,4,2,534,1451,1985,356,0.001,1,,Vision
5032,20250314,1825,26,1,1,4,1,5525,4000,9525,659,0.0876,1,,Vision
5033,20250615,1947,39,2,4,2,2,1654,770,2424,453,0.0007,1,,Chat
5034,20250225,1239,63,1,1,2,4,813,815,1628,608,0.0163,1,,Chat
5035,20250501,1517,63,1,2,1,3,6391,382,6773,580,0.0377,1,,Chat
5036,20250406,1403,49,1,1,1,2,1066,97,1163,518,0.0068,1,,Chat
5037,20250506,1650,70,2,3,2,3,2425,123,2548,166,0.0004,1,,Chat
5038,20250628,1459,67,1,1,1,2,168,394,562,255,0.0068,1,,Chat
5039,20250606,1946,18,5,1,1,3,332,1346,1678,389,0.0071,1,,Vision
5040,20250418,1152,6,2,2,2,2,253,280,533,269,0.0002,1,3.6,Completion
5041,20250321,1554,33,1,2,4,3,616,1223,1839,710,0.0214,1,,Embedding
5042,20250514,1211,15,4,1,2,4,350,282,632,199,0.0004,0,3.2,Completion
5043,20250216,1430,66,5,1,3,2,718,412,1130,453,0.003,1,4.8,Chat
5044,20250620,1300,11,4,1,6,1,1642,401,2043,256,0.0009,1,,Embedding
5045,20250511,1350,61,4,1,5,4,630,418,1048,185,0.0007,1,,Completion
5046,20250610,845,65,2,3,6,2,1198,708,1906,353,0.0006,1,,Embedding
5047,20250123,1429,77,2,3,1,2,1326,605,1931,357,0.0006,1,,Chat
5048,20250227,1040,23,1,6,1,2,447,416,863,646,0.0085,1,,Chat
5049,20250204,1348,27,3,4,4,3,205,3089,3294,587,0.0469,1,,Chat
5050,20250515,1419,74,3,2,6,4,4649,64,4713,533,0.0149,1,3.5,Chat
5051,20250205,1216,41,5,1,1,1,491,285,776,421,0.002,1,3.5,Completion
5052,20250328,1611,28,6,2,1,4,1575,343,1918,142,0.0002,1,3.9,Chat
5053,20250108,534,10,1,7,4,2,290,847,1137,657,0.0142,1,,Completion
5054,20250222,1333,41,3,5,2,1,926,4000,4926,462,0.0628,1,,Chat
5055,20250130,1740,20,1,5,2,3,1341,567,1908,917,0.0152,1,3.7,Chat
5056,20250330,1947,16,4,7,3,4,536,651,1187,315,0.0009,1,,Chat
5057,20250531,1445,74,1,6,2,4,1642,313,1955,580,0.0129,1,4.9,Chat
5058,20250321,1103,6,6,1,2,2,1497,304,1801,152,0.0002,1,3.5,Chat
5059,20250506,1146,32,3,1,2,2,54,376,430,658,0.0058,1,3.7,Completion
5060,20250527,1357,66,2,1,3,1,3952,538,4490,331,0.0009,1,,Chat
5061,20250206,741,38,1,2,5,3,930,379,1309,471,0.0103,1,4.7,Chat
5062,20250123,1057,44,2,1,4,1,130,111,241,365,0.0001,1,3.2,Vision
5063,20250619,1355,8,4,2,1,1,421,328,749,394,0.0005,1,3.9,Chat
5064,20250412,1425,79,5,4,6,2,1081,160,1241,219,0.0022,1,3.8,Chat
5065,20250422,1510,65,2,6,2,3,3653,1113,4766,337,0.0012,1,,Chat
5066,20250201,1411,60,3,4,2,1,5437,1280,6717,128,0.0355,1,,Vision
5067,20250503,900,49,5,4,3,1,901,72,973,192,0.0015,1,,Chat
5068,20250211,1147,55,1,1,3,3,1036,458,1494,584,0.0121,1,4.0,Vision
5069,20250520,1731,78,2,1,3,1,523,238,761,147,0.0002,1,,Chat
5070,20250320,1847,73,4,1,5,2,363,131,494,300,0.0003,1,,Embedding
5071,20250505,1044,66,2,4,4,2,414,411,825,248,0.0003,1,,Completion
5072,20250509,2330,52,1,4,1,2,1242,1082,2324,208,0.0224,1,,Chat
5073,20250325,1030,37,2,7,4,3,250,146,396,320,0.0001,1,,Embedding
5074,20250222,1801,37,1,3,1,4,1890,485,2375,506,0.0167,1,3.4,Chat
5075,20250411,1819,54,6,2,1,1,4290,370,4660,372,0.0004,1,,Chat
5076,20250301,1506,57,4,3,4,2,1312,122,1434,232,0.0005,1,,Completion
5077,20250420,1500,57,2,1,4,2,1980,164,2144,120,0.0004,1,,Embedding
5078,20250307,1220,19,6,1,6,1,1650,85,1735,164,0.0001,1,,Chat
5079,20250603,1438,31,4,1,3,3,599,547,1146,159,0.0008,1,,Completion
5080,20250221,1215,79,3,5,4,2,4425,193,4618,985,0.0162,1,,Chat
5081,20250514,937,52,5,3,1,3,1428,240,1668,167,0.003,1,4.1,Vision
5082,20250331,1211,49,1,6,2,3,2309,597,2906,904,0.0205,1,3.3,Embedding
5083,20250506,1914,70,3,6,3,2,410,182,592,353,0.004,1,,Chat
5084,20250414,1001,77,3,1,5,2,4040,1024,5064,526,0.0275,1,,Vision
5085,20250519,1325,8,1,6,4,3,5455,3687,9142,709,0.0826,1,,Chat
5086,20250414,328,58,3,2,2,4,1803,1462,3265,701,0.0273,1,,Embedding
5087,20250504,1604,78,3,2,2,3,1914,186,2100,448,0.0085,1,4.3,Chat
5088,20250526,1214,74,3,1,2,4,3887,290,4177,753,0.016,1,,Completion
5089,20250131,1503,50,2,4,1,2,2772,318,3090,120,0.0006,1,3.7,Completion
5090,20250605,1607,36,2,1,1,3,4556,605,5161,202,0.001,1,,Completion
5091,20250501,911,47,1,1,1,2,516,4000,4516,575,0.0626,1,,Chat
5092,20250324,1102,67,3,2,1,2,1143,445,1588,1006,0.0101,1,4.9,Completion
5093,20250107,937,2,5,3,3,2,1924,366,2290,398,0.0042,1,,Chat
5094,20250615,2051,35,2,4,3,2,717,252,969,286,0.0003,1,3.2,Chat
5095,20250330,1346,29,5,3,1,3,149,1235,1384,304,0.0064,1,,Chat
5096,20250608,936,38,2,5,1,2,103,45,148,355,0.0,1,,Chat
5097,20250211,1109,20,4,3,3,3,441,500,941,229,0.0007,1,4.8,Completion
5098,20250103,1609,5,1,7,5,2,1473,555,2028,292,0.0157,1,4.6,Completion
5099,20250501,1048,79,5,2,2,4,1143,184,1327,398,0.0023,1,,Completion
5100,20250303,2355,46,5,4,5,1,1200,1174,2374,350,0.0074,1,,Completion
5101,20250508,1121,5,1,2,5,1,1636,4000,5636,530,0.0682,1,3.9,Embedding
5102,20250526,914,45,5,4,6,2,239,274,513,181,0.0017,1,,Chat
5103,20250216,2013,44,1,1,1,4,1662,1514,3176,582,0.031,1,4.5,Chat
5104,20250528,923,74,3,1,1,3,361,254,615,729,0.0049,1,,Chat
5105,20250422,1637,41,3,1,1,3,2448,146,2594,649,0.0095,1,,Chat
5106,20250104,953,9,2,4,4,3,954,496,1450,165,0.0004,1,,Chat
5107,20250316,1702,63,1,5,4,3,12000,1330,13330,612,0.0799,1,,Chat
5108,20250228,1253,77,2,1,1,2,551,173,724,304,0.0002,1,3.8,Chat
5109,20250412,908,73,5,5,2,3,121,398,519,282,0.0021,1,,Chat
5110,20250509,1122,10,4,1,1,2,209,422,631,182,0.0006,1,,Chat
5111,20250114,1316,53,6,5,2,1,3256,574,3830,145,0.0004,1,,Completion
5112,20250521,817,9,3,2,1,4,1559,162,1721,194,0.0071,1,4.8,Chat
5113,20250217,1657,80,6,2,6,3,887,484,1371,305,0.0002,1,,Chat
5114,20250328,1325,5,6,1,2,3,366,512,878,429,0.0002,1,4.7,Vision
5115,20250311,1140,40,1,2,6,3,482,204,686,452,0.0055,1,3.2,Chat
5116,20250114,1426,43,5,6,3,3,96,479,575,343,0.0025,1,,Chat
5117,20250608,601,45,5,6,4,1,275,353,628,265,0.0021,1,,Completion
5118,20250502,1636,28,4,2,2,4,585,967,1552,248,0.0014,1,3.4,Completion
5119,20250111,1045,76,2,1,1,3,255,617,872,282,0.0004,1,,Chat
5120,20250601,1607,3,4,5,3,4,1154,59,1213,168,0.0004,1,,Embedding
5121,20250306,943,24,1,1,4,4,592,403,995,877,0.009,1,3.4,Embedding
5122,20250302,1831,18,3,1,3,3,999,474,1473,489,0.0101,1,,Vision
5123,20250518,1415,79,1,1,4,2,1640,1294,2934,831,0.0276,1,5.0,Chat
5124,20250220,447,28,3,5,1,2,1149,2241,3390,550,0.0371,1,,Chat
5125,20250411,1826,71,1,2,1,4,985,710,1695,391,0.0156,1,4.4,Chat
5126,20250618,922,74,3,1,3,4,2766,1390,4156,656,0.0291,1,,Chat
5127,20250322,917,12,1,2,1,4,1399,1986,3385,1046,0.0368,1,,Completion
5128,20250504,1229,7,5,2,2,3,149,674,823,252,0.0036,1,,Embedding
5129,20250514,1755,68,3,4,1,2,1774,260,2034,663,0.0092,1,4.6,Completion
5130,20250602,1942,12,4,1,1,2,581,137,718,124,0.0003,1,4.0,Chat
5131,20250411,1027,51,5,2,1,4,459,663,1122,170,0.0039,1,,Embedding
5132,20250226,2031,52,2,2,4,3,199,2396,2595,449,0.0015,1,,Chat
5133,20250312,1418,30,3,6,3,1,257,570,827,561,0.0093,1,,Chat
5134,20250310,832,55,5,1,2,2,864,164,1028,209,0.0019,1,,Chat
5135,20250301,1325,67,3,1,2,2,753,4000,4753,528,0.0623,1,4.9,Completion
5136,20250120,1543,26,4,1,3,1,758,445,1203,322,0.0007,1,3.4,Chat
5137,20250318,1719,25,2,1,2,2,845,399,1244,285,0.0004,1,,Completion
5138,20250504,1348,15,2,5,1,3,292,313,605,303,0.0002,1,,Vision
5139,20250620,1533,44,2,1,1,3,782,270,1052,274,0.0003,0,,Chat
5140,20250319,1100,64,1,1,3,2,1832,487,2319,691,0.0165,1,3.7,Embedding
5141,20250330,1826,63,1,2,2,2,658,1060,1718,657,0.0192,1,,Completion
5142,20250309,2209,38,5,2,2,2,547,596,1143,281,0.0037,1,3.3,Chat
5143,20250127,823,38,2,1,5,3,416,698,1114,237,0.0005,1,,Chat
5144,20250621,528,12,2,1,1,2,646,130,776,292,0.0002,1,,Completion
5145,20250507,2044,32,1,6,1,2,2891,2591,5482,522,0.0533,1,,Chat
5146,20250408,1343,14,5,2,1,2,259,184,443,189,0.0012,1,,Chat
5147,20250102,846,35,2,1,2,4,2273,55,2328,414,0.0004,1,3.3,Chat
5148,20250614,1806,62,1,3,2,3,2207,208,2415,290,0.0142,1,3.8,Chat
5149,20250517,1149,42,2,1,4,3,1167,331,1498,177,0.0004,1,,Chat
5150,20250120,1854,55,3,7,2,3,7218,485,7703,674,0.0289,1,3.7,Embedding
5151,20250430,745,18,3,1,4,2,885,977,1862,730,0.0173,1,4.8,Embedding
5152,20250312,1116,50,3,2,1,2,1018,393,1411,586,0.0089,1,4.4,Chat
5153,20250113,1532,79,1,2,3,3,187,560,747,729,0.0093,1,,Chat
5154,20250427,1111,18,1,1,3,2,829,392,1221,541,0.01,1,,Chat
5155,20250616,1424,19,2,6,1,4,747,55,802,343,0.0001,1,3.3,Chat
5156,20250308,1237,47,2,2,1,2,3788,119,3907,195,0.0006,1,,Embedding
5157,20250320,1353,25,2,1,6,3,964,62,1026,198,0.0002,1,4.4,Embedding
5158,20250107,1639,8,3,1,2,3,518,2211,2729,546,0.0347,1,,Chat
5159,20250130,1058,32,1,1,1,2,2465,2771,5236,744,0.0539,1,4.6,Completion
5160,20250614,1948,7,5,4,2,2,3007,150,3157,371,0.0045,1,,Chat
5161,20250618,711,74,5,2,1,1,974,310,1284,401,0.0028,1,,Chat
5162,20250323,1859,77,5,3,3,3,1110,425,1535,329,0.0035,1,,Embedding
5163,20250324,1411,63,3,1,1,3,1259,2369,3628,1005,0.0393,1,,Chat
5164,20250622,1356,66,2,1,1,4,823,354,1177,122,0.0003,1,4.0,Chat
5165,20250121,1247,27,2,2,1,3,2806,174,2980,487,0.0005,1,4.3,Chat
5166,20250614,1849,27,3,7,6,3,2001,1025,3026,441,0.0214,1,3.3,Chat
5167,20250427,1218,43,3,5,1,3,5661,335,5996,891,0.022,1,,Completion
5168,20250403,809,17,3,6,6,3,404,3664,4068,647,0.0562,1,3.3,Embedding
5169,20250401,1104,9,6,4,5,2,2267,952,3219,370,0.0005,1,,Chat
5170,20250527,1140,69,2,7,1,3,513,430,943,348,0.0003,1,,Vision
5171,20250417,1157,42,6,1,1,2,775,414,1189,406,0.0002,1,,Completion
5172,20250205,1713,14,1,5,4,2,296,491,787,438,0.0088,1,,Chat
5173,20250209,1635,25,1,5,2,2,3371,662,4033,589,0.0268,1,3.7,Chat
5174,20250130,1418,17,1,5,3,2,1650,327,1977,372,0.0132,1,4.1,Chat
5175,20250423,531,70,1,2,4,2,4756,964,5720,732,0.0382,1,,Completion
5176,20250223,1911,13,6,4,3,3,214,75,289,317,0.0,1,3.6,Chat
5177,20250624,1502,79,4,1,1,2,140,448,588,240,0.0006,1,,Embedding
5178,20250424,1005,44,3,1,1,4,959,59,1018,515,0.0038,1,3.6,Chat
5179,20250501,1127,72,2,2,1,4,1098,288,1386,342,0.0003,1,3.9,Embedding
5180,20250301,300,75,5,2,1,4,312,529,841,249,0.003,1,,Chat
5181,20250628,1735,62,3,7,2,2,220,1205,1425,504,0.0187,1,,Vision
5182,20250526,1141,14,3,3,1,3,3608,1814,5422,885,0.038,1,,Completion
5183,20250214,2215,16,3,5,3,2,4754,282,5036,682,0.0185,1,4.5,Chat
5184,20250514,1248,42,1,1,1,3,10189,1719,11908,607,0.0767,1,4.9,Chat
5185,20250601,1738,65,2,1,5,1,219,408,627,188,0.0003,1,,Chat
5186,20250224,704,35,5,7,1,3,1347,715,2062,324,0.0053,1,3.3,Completion
5187,20250306,1353,79,4,2,4,1,212,123,335,185,0.0002,1,,Vision
5188,20250329,1322,3,4,4,1,2,1752,813,2565,120,0.0015,1,3.3,Chat
5189,20250111,1135,54,1,4,1,2,651,54,705,778,0.0041,1,,Completion
5190,20250514,1319,43,2,2,2,2,600,1036,1636,288,0.0007,1,,Chat
5191,20250330,1245,22,1,1,1,3,2373,1645,4018,717,0.0365,1,,Chat
5192,20250128,1635,66,2,4,4,3,583,308,891,291,0.0003,1,4.4,Embedding
5193,20250319,1047,16,4,4,3,1,398,1065,1463,476,0.0014,1,4.6,Completion
5194,20250211,2038,35,1,1,1,2,356,156,512,379,0.0041,1,,Completion
5195,20250204,1420,58,1,6,1,2,80,343,423,970,0.0055,1,,Completion
5196,20250104,1754,51,4,1,1,3,420,228,648,335,0.0004,1,4.2,Chat
5197,20250629,1744,74,2,4,1,3,411,270,681,224,0.0002,1,,Chat
5198,20250509,854,56,3,5,1,3,1075,454,1529,363,0.01,1,,Chat
5199,20250410,1607,50,3,1,1,4,2171,1165,3336,475,0.024,1,,Completion
5200,20250430,637,78,3,3,2,2,2137,320,2457,447,0.0112,1,,Completion
5201,20250120,804,80,2,6,4,3,519,1262,1781,230,0.0008,1,,Chat
5202,20250508,938,31,2,1,4,4,1196,382,1578,120,0.0004,1,,Chat
5203,20250428,1611,71,5,1,4,4,4517,36,4553,158,0.0058,1,3.4,Chat
5204,20250217,221,26,4,2,1,1,621,766,1387,290,0.0011,1,,Embedding
5205,20250118,1959,31,1,5,5,1,3073,3032,6105,913,0.0608,1,3.9,Chat
5206,20250416,1241,19,2,3,4,2,706,157,863,257,0.0002,1,3.7,Chat
5207,20250627,1436,40,3,6,1,2,1230,2154,3384,574,0.036,1,4.7,Completion
5208,20250413,1019,27,1,5,1,3,561,1121,1682,330,0.0196,1,,Chat
5209,20250224,1308,18,1,6,1,2,5051,794,5845,633,0.0372,1,,Embedding
5210,20250606,1336,58,3,2,1,3,478,266,744,605,0.0054,1,4.7,Chat
5211,20250215,1507,45,2,1,1,3,1561,357,1918,412,0.0004,1,,Vision
5212,20250627,2050,26,2,1,2,1,1360,935,2295,182,0.0008,1,3.7,Chat
5213,20250327,900,58,1,2,1,4,2248,168,2416,583,0.0138,1,4.1,Chat
5214,20250622,1722,3,1,1,1,1,5504,472,5976,502,0.0346,1,,Completion
5215,20250119,1511,20,1,6,5,2,457,510,967,648,0.0099,1,,Vision
5216,20250615,1349,66,4,7,1,3,720,162,882,208,0.0004,1,,Chat
5217,20250512,1126,77,2,2,4,2,154,441,595,367,0.0003,1,4.6,Completion
5218,20250204,1751,71,1,1,3,3,1030,278,1308,819,0.0093,1,,Chat
5219,20250119,1618,50,6,4,2,3,808,1454,2262,277,0.0005,1,3.4,Chat
5220,20250111,1250,54,1,5,1,4,898,136,1034,800,0.0065,1,4.9,Vision
5221,20250509,1329,21,1,1,2,4,2230,3462,5692,561,0.0631,1,,Chat
5222,20250622,459,9,4,5,2,2,1025,380,1405,208,0.0007,1,4.8,Chat
5223,20250510,1521,71,2,7,2,1,1349,147,1496,250,0.0003,1,4.2,Chat
5224,20250119,1905,62,5,6,1,3,347,349,696,120,0.0022,1,3.6,Embedding
5225,20250613,836,47,3,6,5,3,1567,1932,3499,340,0.0337,1,,Embedding
5226,20250429,1409,5,4,1,3,4,474,742,1216,160,0.001,1,3.6,Chat
5227,20250118,1506,46,3,1,2,3,696,743,1439,665,0.0132,1,,Completion
5228,20250519,1252,32,6,3,4,3,1022,342,1364,266,0.0002,1,,Chat
5229,20250304,1225,21,6,2,2,3,713,398,1111,183,0.0002,1,,Chat
5230,20250326,1206,53,1,5,4,3,466,579,1045,515,0.011,1,,Completion
5231,20250106,1724,20,2,2,1,4,1218,150,1368,279,0.0003,1,4.4,Embedding
5232,20250629,1628,65,3,5,3,1,1124,301,1425,401,0.0079,1,4.3,Chat
5233,20250530,1707,28,1,5,2,2,3303,493,3796,824,0.0239,0,,Completion
5234,20250601,226,57,3,5,1,4,5052,518,5570,682,0.0229,1,4.3,Vision
5235,20250314,1218,7,6,5,1,4,2335,134,2469,424,0.0002,1,,Chat
5236,20250206,1545,1,5,3,2,4,1164,249,1413,151,0.0027,1,,Completion
5237,20250601,1713,49,4,1,4,1,880,1050,1930,261,0.0015,1,,Embedding
5238,20250617,1241,15,1,1,3,3,5367,3700,9067,652,0.0823,1,4.1,Chat
5239,20250120,1002,38,1,6,1,3,3012,472,3484,786,0.0221,1,,Chat
5240,20250202,1223,42,2,4,3,1,2717,182,2899,327,0.0005,1,,Chat
5241,20250131,1226,10,2,5,1,3,516,232,748,352,0.0002,1,,Completion
5242,20250213,1743,25,2,3,4,1,1098,301,1399,293,0.0003,1,4.8,Completion
5243,20250622,1755,67,5,6,3,4,1535,33,1568,253,0.0021,1,3.4,Chat
5244,20250112,1308,50,1,1,5,1,2615,564,3179,813,0.0215,1,,Chat
5245,20250601,900,66,2,5,6,3,840,709,1549,135,0.0006,1,3.3,Chat
5246,20250507,52,52,1,1,2,4,4406,602,5008,461,0.0311,1,4.0,Chat
5247,20250430,1332,36,3,2,5,3,1456,914,2370,991,0.0181,1,,Vision
5248,20250320,1231,30,3,6,1,4,2351,176,2527,555,0.0097,1,,Chat
5249,20250502,1514,33,6,1,4,3,1239,174,1413,236,0.0001,0,,Completion
5250,20250628,1919,11,1,3,5,2,4280,733,5013,141,0.0324,1,4.3,Embedding
5251,20250321,24,38,5,1,1,2,653,253,906,228,0.0021,1,,Completion
5252,20250106,1559,3,1,2,2,2,1971,1484,3455,439,0.0321,1,,Chat
5253,20250127,1239,34,4,1,1,1,4136,399,4535,263,0.0015,1,,Chat
5254,20250503,1000,10,1,1,4,4,2221,1602,3823,848,0.0351,1,,Chat
5255,20250622,1258,69,4,3,1,2,920,1367,2287,384,0.0019,1,,Chat
5256,20250512,1006,10,3,2,2,3,105,797,902,831,0.0123,1,,Completion
5257,20250423,909,48,1,1,5,1,1327,468,1795,673,0.0137,1,4.6,Chat
5258,20250209,1101,52,4,5,2,2,2124,374,2498,193,0.001,1,,Chat
5259,20250503,1747,15,6,7,2,4,213,984,1197,377,0.0003,1,,Chat
5260,20250515,1958,55,3,1,1,4,1143,375,1518,669,0.0091,1,,Chat
5261,20250512,1316,45,4,5,4,3,369,206,575,244,0.0003,1,,Completion
5262,20250627,929,47,5,1,1,4,1224,315,1539,249,0.0031,1,,Chat
5263,20250126,943,36,2,2,1,4,234,1712,1946,218,0.0011,1,,Chat
5264,20250131,1608,11,1,2,4,1,1575,43,1618,1057,0.0085,1,,Chat
5265,20250219,1648,73,4,1,1,3,333,322,655,167,0.0005,1,,Completion
5266,20250205,2122,44,5,5,5,2,293,211,504,208,0.0014,1,3.3,Completion
5267,20250610,1432,78,5,6,1,4,2283,1511,3794,240,0.0104,1,,Embedding
5268,20250218,1548,67,2,3,3,3,716,143,859,517,0.0002,1,3.7,Chat
5269,20250203,1952,28,3,6,4,3,1618,2704,4322,925,0.0454,1,,Chat
5270,20250103,1436,28,4,1,2,3,891,1194,2085,187,0.0017,1,3.6,Vision
5271,20250619,2053,73,5,2,1,3,543,1207,1750,279,0.0067,1,,Chat
5272,20250521,1531,58,2,2,1,4,644,210,854,253,0.0002,1,,Embedding
5273,20250604,1936,60,1,2,1,3,132,185,317,484,0.0034,1,,Chat
5274,20250219,949,67,5,5,4,4,2588,962,3550,338,0.008,1,,Chat
5275,20250121,1126,54,3,2,2,4,5090,133,5223,1137,0.0173,1,,Chat
5276,20250217,1138,41,6,6,2,3,525,229,754,174,0.0001,1,,Completion
5277,20250402,2154,13,2,4,1,2,1352,928,2280,160,0.0008,1,,Completion
5278,20250626,1408,13,6,3,1,3,1063,415,1478,166,0.0002,1,,Completion
5279,20250328,1859,61,4,2,1,3,742,146,888,120,0.0004,1,3.5,Chat
5280,20250517,1642,69,5,1,3,3,6035,139,6174,296,0.0082,1,,Chat
5281,20250129,1858,74,3,2,1,2,376,381,757,454,0.0068,1,,Chat
5282,20250126,1715,3,6,6,1,4,2192,378,2570,197,0.0003,1,,Completion
5283,20250520,1242,23,3,1,2,4,713,237,950,626,0.0057,1,4.8,Chat
5284,20250402,1653,26,2,1,2,3,1034,327,1361,285,0.0004,1,,Chat
5285,20250103,1315,74,3,2,1,1,366,700,1066,517,0.0116,1,,Chat
5286,20250117,847,23,3,1,5,4,1940,336,2276,701,0.0109,1,4.8,Chat
5287,20250115,1750,25,6,2,2,3,282,357,639,120,0.0001,1,,Chat
5288,20250313,2025,65,3,4,3,3,344,369,713,954,0.0066,1,3.2,Completion
5289,20250211,1320,52,1,5,1,4,404,1184,1588,807,0.0198,1,,Chat
5290,20250330,1129,4,6,4,2,1,414,228,642,259,0.0001,1,,Vision
5291,20250312,604,39,2,1,4,3,564,1504,2068,192,0.001,1,,Embedding
5292,20250210,1131,58,2,1,5,2,229,555,784,397,0.0004,1,4.8,Embedding
5293,20250224,1836,72,1,1,1,3,384,967,1351,976,0.0164,1,4.0,Chat
5294,20250217,1600,59,1,2,2,3,2161,384,2545,700,0.0166,1,4.8,Chat
5295,20250504,1858,60,6,1,4,2,893,114,1007,235,0.0001,1,,Completion
5296,20250312,1807,24,1,2,4,2,1853,673,2526,523,0.0194,1,3.7,Chat
5297,20250423,1822,63,6,3,6,3,2969,966,3935,421,0.0005,1,,Chat
5298,20250411,1252,48,4,3,3,2,424,289,713,283,0.0005,1,4.5,Chat
5299,20250617,1939,17,1,3,1,3,4297,1003,5300,324,0.0365,1,,Chat
5300,20250325,706,27,2,1,2,4,825,698,1523,272,0.0005,1,,Chat
5301,20250620,2131,62,1,7,1,2,453,190,643,498,0.0051,1,,Chat
5302,20250219,1104,3,1,2,3,4,2267,403,2670,297,0.0174,1,,Completion
5303,20250115,1755,54,6,5,2,4,136,132,268,120,0.0,1,,Completion
5304,20250103,1421,23,3,2,3,2,1613,3716,5329,857,0.0606,1,4.7,Chat
5305,20250223,1916,52,3,1,1,4,1787,237,2024,679,0.0089,1,4.2,Chat
5306,20250119,1643,38,2,1,1,1,1253,221,1474,327,0.0003,1,,Chat
5307,20250619,1032,56,3,4,2,1,471,208,679,655,0.0045,1,,Vision
5308,20250507,900,14,1,6,4,3,875,1419,2294,415,0.0257,1,,Completion
5309,20250405,1144,43,3,2,1,4,1438,760,2198,536,0.0157,1,3.8,Completion
5310,20250403,1745,77,1,2,5,2,2417,1777,4194,631,0.0387,1,,Completion
5311,20250102,1152,18,6,6,1,3,359,428,787,243,0.0002,1,,Chat
5312,20250122,1147,19,1,1,1,1,855,314,1169,695,0.009,1,,Chat
5313,20250403,828,43,4,3,2,3,873,587,1460,223,0.001,1,4.4,Chat
5314,20250521,2150,9,3,1,3,2,1363,136,1499,586,0.0061,1,3.9,Embedding
5315,20250515,1417,2,6,4,1,3,996,265,1261,180,0.0002,1,,Completion
5316,20250311,948,66,1,3,4,4,696,354,1050,391,0.0088,1,3.4,Completion
5317,20250515,1117,79,2,4,1,2,1204,1340,2544,354,0.001,1,,Completion
5318,20250318,1929,74,1,1,2,4,3547,1328,4875,573,0.0377,1,,Embedding
5319,20250509,1457,43,1,6,1,3,879,488,1367,665,0.0117,1,,Completion
5320,20250122,1609,32,1,1,4,2,2045,516,2561,662,0.018,1,,Completion
5321,20250304,1543,75,4,1,5,3,1212,90,1302,174,0.0004,1,4.1,Completion
5322,20250205,1841,13,1,1,6,1,1260,402,1662,590,0.0123,1,,Chat
5323,20250621,1221,50,3,1,1,1,2340,210,2550,655,0.0102,1,3.2,Completion
5324,20250112,1413,7,5,2,2,1,950,399,1349,330,0.0032,1,,Chat
5325,20250303,1110,37,2,1,5,3,284,2666,2950,250,0.0016,1,,Embedding
5326,20250223,1308,8,2,1,3,1,1224,1282,2506,226,0.001,1,4.9,Embedding
5327,20250302,1003,62,5,1,3,4,217,1279,1496,178,0.0067,1,,Chat
5328,20250606,1326,78,1,2,3,3,504,152,656,583,0.0048,1,3.6,Embedding
5329,20250509,1032,47,4,6,1,4,356,1817,2173,321,0.0024,1,4.3,Completion
5330,20250430,1701,43,1,3,1,1,3055,546,3601,549,0.0235,1,,Chat
5331,20250318,1416,24,2,3,3,4,774,203,977,292,0.0002,1,,Chat
5332,20250127,1114,9,5,2,3,4,570,248,818,155,0.002,1,,Completion
5333,20250203,419,6,6,5,4,2,285,1530,1815,249,0.0005,1,,Chat
5334,20250516,1718,55,4,2,1,4,98,140,238,147,0.0002,1,3.4,Chat
5335,20250502,1308,65,3,1,1,3,12000,931,12931,1035,0.05,1,,Completion
5336,20250209,1224,78,2,1,1,3,2271,1924,4195,269,0.0015,1,3.2,Chat
5337,20250108,1131,71,4,5,5,3,203,253,456,288,0.0004,1,,Vision
5338,20250407,2241,6,5,4,1,4,207,347,554,120,0.002,1,4.5,Chat
5339,20250226,1247,35,4,4,2,2,880,510,1390,337,0.0009,1,,Chat
5340,20250131,1556,10,1,3,4,2,2393,628,3021,411,0.0214,1,,Chat
5341,20250115,622,17,1,1,2,1,775,529,1304,935,0.0118,1,,Chat
5342,20250516,1336,7,3,3,1,4,1100,868,1968,588,0.0163,1,3.9,Embedding
5343,20250216,1716,69,1,6,4,2,9694,4000,13694,672,0.1085,1,,Embedding
5344,20250112,1550,73,3,1,1,3,6495,521,7016,804,0.0273,1,4.5,Chat
5345,20250216,929,5,3,3,2,2,981,1804,2785,486,0.03,1,4.0,Chat
5346,20250104,1325,44,6,1,3,4,161,1816,1977,403,0.0006,1,,Chat
5347,20250209,1454,45,2,6,1,3,1050,462,1512,415,0.0004,1,,Completion
5348,20250421,1157,41,6,3,1,3,1285,825,2110,399,0.0003,1,,Chat
5349,20250607,454,53,2,4,3,3,387,138,525,294,0.0001,1,4.5,Chat
5350,20250224,548,15,1,7,4,4,173,4000,4173,790,0.0609,1,,Chat
5351,20250510,1451,31,3,2,1,3,1926,691,2617,876,0.0161,1,,Chat
5352,20250504,1127,29,5,7,3,3,786,400,1186,177,0.003,1,,Completion
5353,20250130,1921,6,1,7,3,2,857,1582,2439,676,0.028,1,,Chat
5354,20250628,2041,6,2,7,6,2,260,131,391,191,0.0001,1,3.8,Chat
5355,20250508,1438,35,6,3,2,3,2663,1279,3942,120,0.0006,1,,Completion
5356,20250202,1425,8,1,1,3,1,53,1280,1333,904,0.0195,1,,Chat
5357,20250612,1322,45,5,1,6,4,717,351,1068,203,0.0027,1,3.2,Chat
5358,20250129,1532,28,2,2,1,4,540,728,1268,268,0.0005,1,4.5,Chat
5359,20250410,1034,33,1,1,3,2,288,102,390,948,0.003,1,3.4,Chat
5360,20250128,1235,39,3,1,1,4,1879,3274,5153,521,0.0547,1,3.6,Vision
5361,20250305,1114,58,4,7,2,1,590,338,928,464,0.0006,1,,Chat
5362,20250505,2005,73,1,2,2,2,2492,2384,4876,609,0.0482,1,,Chat
5363,20250430,1520,62,1,1,2,3,990,176,1166,923,0.0076,1,,Completion
5364,20250130,1632,39,3,3,1,3,1363,600,1963,307,0.0131,1,,Chat
5365,20250217,1035,72,6,2,4,1,900,210,1110,258,0.0001,1,,Completion
5366,20250302,1301,72,6,1,2,2,359,145,504,121,0.0001,1,5.0,Completion
5367,20250509,1340,18,1,7,2,4,2486,126,2612,644,0.0143,1,,Chat
5368,20250421,1513,70,4,1,2,3,272,1106,1378,242,0.0015,1,3.7,Completion
5369,20250526,1357,54,2,1,3,2,575,73,648,378,0.0001,1,,Chat
5370,20250517,1003,45,2,5,1,2,537,548,1085,423,0.0004,1,,Completion
5371,20250607,906,38,2,4,6,2,445,1069,1514,325,0.0007,1,,Chat
5372,20250122,1657,31,2,1,6,4,258,239,497,263,0.0002,1,,Chat
5373,20250510,1050,57,4,1,2,4,147,214,361,412,0.0003,1,4.2,Completion
5374,20250123,1424,72,5,1,6,1,2291,384,2675,205,0.0048,1,5.0,Chat
5375,20250226,1927,63,1,1,1,2,1656,1500,3156,406,0.0308,1,4.0,Vision
5376,20250102,1801,68,1,4,1,2,3900,792,4692,466,0.0314,1,3.2,Embedding
5377,20250312,1352,16,1,1,4,3,2468,752,3220,786,0.0236,1,4.8,Chat
5378,20250211,1806,74,4,6,4,3,371,123,494,276,0.0002,1,,Embedding
5379,20250310,1218,19,5,3,2,3,1349,132,1481,379,0.0023,1,,Chat
5380,20250420,1935,40,2,2,2,4,665,347,1012,204,0.0003,1,4.8,Completion
5381,20250424,1119,80,4,1,5,4,460,1126,1586,272,0.0015,1,5.0,Vision
5382,20250217,844,78,1,3,3,3,1729,1319,3048,644,0.0284,1,,Embedding
5383,20250330,1927,49,4,1,2,1,1339,135,1474,225,0.0005,1,,Completion
5384,20250416,1443,52,4,2,5,1,148,439,587,120,0.0006,1,4.5,Completion
5385,20250622,1801,58,3,1,3,3,3318,972,4290,496,0.0245,1,,Completion
5386,20250518,1446,38,4,2,2,4,419,137,556,246,0.0003,1,,Chat
5387,20250504,1613,56,3,1,5,3,1399,2387,3786,824,0.04,1,,Completion
5388,20250515,1608,53,1,6,1,3,268,459,727,407,0.0082,1,,Completion
5389,20250626,1305,37,1,6,2,2,669,420,1089,891,0.0096,1,,Chat
5390,20250615,1552,32,3,2,1,1,3666,131,3797,663,0.013,1,,Chat
5391,20250223,1708,59,2,5,4,2,2580,88,2668,245,0.0004,1,4.3,Chat
5392,20250104,1810,68,2,3,1,3,559,152,711,128,0.0002,1,,Vision
5393,20250412,1039,64,3,5,1,3,247,636,883,853,0.0103,1,4.1,Chat
5394,20250627,843,9,5,1,2,3,838,677,1515,279,0.0044,1,,Chat
5395,20250320,718,29,1,4,1,3,1970,571,2541,614,0.0184,1,,Chat
5396,20250519,1147,37,5,2,3,4,719,509,1228,514,0.0034,1,4.5,Completion
5397,20250303,1416,49,1,3,3,4,6070,845,6915,627,0.043,1,,Completion
5398,20250611,1444,19,4,1,3,1,221,428,649,120,0.0006,1,,Vision
5399,20250115,1005,64,1,1,3,2,1494,1871,3365,975,0.0355,1,4.7,Chat
5400,20250120,1332,80,5,2,1,3,765,762,1527,149,0.0048,1,,Chat
5401,20250502,1551,6,4,4,2,3,315,285,600,235,0.0004,1,,Completion
5402,20250523,1537,14,6,7,1,1,1091,704,1795,314,0.0003,1,3.3,Embedding
5403,20250124,1430,38,2,6,3,3,3528,90,3618,446,0.0006,1,3.4,Chat
5404,20250305,1255,24,6,2,1,4,1111,250,1361,211,0.0002,1,,Chat
5405,20250331,1541,12,1,5,4,3,3797,943,4740,526,0.0331,1,4.4,Chat
5406,20250114,428,3,1,2,1,2,4440,1460,5900,569,0.0441,1,3.8,Embedding
5407,20250404,1114,53,2,4,1,3,517,828,1345,182,0.0006,1,,Embedding
5408,20250505,932,62,3,3,4,3,2297,815,3112,474,0.0191,1,,Chat
5409,20250521,959,36,1,5,1,4,5641,844,6485,339,0.0409,1,,Chat
5410,20250220,822,34,5,1,5,3,480,615,1095,338,0.0037,1,4.1,Chat
5411,20250613,1846,33,5,7,2,3,173,399,572,419,0.0022,1,4.8,Chat
5412,20250214,1927,14,2,1,1,3,918,2430,3348,339,0.0016,1,,Completion
5413,20250606,1835,4,6,1,2,3,692,170,862,194,0.0001,1,,Completion
5414,20250303,1436,28,2,6,1,2,549,73,622,179,0.0001,1,,Completion
5415,20250204,1255,29,5,5,1,3,1279,325,1604,272,0.0032,1,,Completion
5416,20250527,1047,38,1,7,4,3,1370,2107,3477,685,0.0385,1,,Completion
5417,20250517,707,31,4,1,1,2,215,544,759,258,0.0007,1,,Vision
5418,20250507,1328,12,3,1,1,3,725,970,1695,581,0.0167,1,,Completion
5419,20250208,1315,79,1,4,1,3,571,1444,2015,599,0.0245,1,,Chat
5420,20250305,1622,48,1,5,1,1,406,3124,3530,940,0.0489,1,,Chat
5421,20250311,645,3,2,1,1,2,323,495,818,150,0.0003,1,,Chat
5422,20250521,1310,55,1,1,2,3,2052,504,2556,772,0.0178,1,,Chat
5423,20250413,1112,13,3,1,1,3,141,1529,1670,871,0.0234,1,,Chat
5424,20250301,9,57,3,6,1,4,147,1228,1375,202,0.0189,1,4.8,Vision
5425,20250224,2125,72,1,6,1,4,2181,243,2424,827,0.0146,1,3.8,Chat
5426,20250313,1130,70,2,1,2,3,871,393,1264,450,0.0004,1,3.7,Chat
5427,20250330,2129,1,1,2,1,2,737,1644,2381,730,0.0283,1,,Chat
5428,20250611,808,32,4,1,1,2,355,2406,2761,315,0.0031,1,,Completion
5429,20250405,1720,76,4,1,1,3,549,208,757,282,0.0004,1,,Completion
5430,20250520,1250,18,3,2,5,2,300,232,532,811,0.0044,1,4.0,Embedding
5431,20250214,1211,55,2,2,3,1,680,403,1083,310,0.0003,1,4.7,Chat
5432,20250314,1833,22,1,3,1,4,446,1034,1480,821,0.0177,1,,Chat
5433,20250102,1720,31,2,6,5,3,186,410,596,448,0.0003,1,,Completion
5434,20250614,1332,61,5,3,1,2,1027,641,1668,179,0.0045,1,,Chat
5435,20250610,2107,23,1,7,2,1,2207,985,3192,271,0.0258,1,,Completion
5436,20250121,1713,73,4,1,1,2,1049,1313,2362,249,0.0019,1,4.8,Completion
5437,20250104,1050,3,3,7,1,2,677,372,1049,395,0.0076,1,4.1,Completion
5438,20250512,1957,74,4,6,4,3,2197,279,2476,241,0.0009,1,4.3,Embedding
5439,20250215,653,30,3,6,1,3,2686,2895,5581,505,0.0515,1,3.2,Completion
5440,20250506,1306,14,2,1,1,3,983,1430,2413,299,0.001,1,3.9,Chat
5441,20250405,1452,75,2,1,2,4,781,98,879,138,0.0002,1,,Chat
5442,20250417,1058,66,2,7,1,2,1655,248,1903,228,0.0004,1,4.9,Completion
5443,20250127,1149,15,4,7,1,2,587,1403,1990,265,0.0019,1,,Completion
5444,20250305,1030,63,1,2,4,3,1373,3188,4561,535,0.0547,1,4.4,Completion
5445,20250313,933,65,1,1,1,3,811,680,1491,806,0.0143,1,3.6,Chat
5446,20250610,1831,55,3,4,2,4,470,243,713,576,0.0051,1,4.9,Completion
5447,20250622,1639,44,1,5,4,3,379,337,716,515,0.007,1,,Embedding
5448,20250114,1702,64,5,1,2,2,1070,712,1782,411,0.0049,1,4.7,Completion
5449,20250227,1257,52,4,6,1,2,228,121,349,120,0.0002,1,4.3,Chat
5450,20250324,1234,48,1,1,1,3,912,1271,2183,653,0.0236,1,,Completion
5451,20250620,1214,35,2,1,5,4,599,136,735,380,0.0002,1,3.4,Chat
5452,20250509,1039,67,1,6,1,4,428,1308,1736,780,0.0218,1,,Completion
5453,20250327,707,75,5,4,3,2,1435,175,1610,243,0.0027,1,4.4,Chat
5454,20250106,1448,34,3,1,1,3,2408,918,3326,638,0.021,1,,Completion
5455,20250523,1210,32,1,1,1,4,2022,537,2559,1060,0.0182,1,,Chat
5456,20250121,1642,41,2,5,6,3,289,220,509,284,0.0002,1,,Chat
5457,20250117,1928,42,3,2,3,2,5492,413,5905,437,0.0227,1,4.8,Chat
5458,20250404,938,35,3,5,5,4,1724,4000,5724,772,0.0652,1,,Completion
5459,20250605,756,6,1,7,3,1,648,332,980,462,0.0082,1,,Chat
5460,20250218,1259,28,2,3,1,3,927,589,1516,386,0.0005,1,,Chat
5461,20250105,1648,37,2,7,1,3,114,134,248,264,0.0001,1,,Completion
5462,20250617,1427,4,2,1,2,3,1444,342,1786,284,0.0004,1,,Chat
5463,20250126,1401,48,2,1,1,3,528,355,883,390,0.0003,1,,Completion
5464,20250316,1337,64,5,1,2,2,647,321,968,407,0.0024,1,,Completion
5465,20250409,946,56,1,1,2,4,7909,196,8105,501,0.0425,1,4.2,Chat
5466,20250513,1635,53,5,7,1,1,1681,100,1781,172,0.0026,1,4.0,Vision
5467,20250215,1503,31,3,3,1,4,12000,1966,13966,593,0.0655,1,,Completion
5468,20250202,415,55,1,2,4,1,1453,849,2302,562,0.02,1,3.8,Chat
5469,20250212,1047,15,1,4,3,3,1570,245,1815,1075,0.0115,1,,Embedding
5470,20250321,2008,35,5,3,2,3,1202,356,1558,215,0.0033,1,,Completion
5471,20250330,1338,18,4,1,1,3,2908,691,3599,299,0.0016,1,,Chat
5472,20250526,1742,57,1,1,5,3,2311,876,3187,873,0.0247,1,,Completion
5473,20250618,1645,9,1,3,5,1,3160,701,3861,592,0.0263,1,,Completion
5474,20250419,1110,74,1,1,3,2,687,130,817,442,0.0054,1,,Chat
5475,20250225,1050,59,1,2,2,4,806,2654,3460,614,0.0438,1,,Embedding
5476,20250629,1409,46,1,6,2,2,1760,2719,4479,519,0.0496,1,,Chat
5477,20250531,1337,62,6,1,4,3,604,867,1471,411,0.0003,1,,Embedding
5478,20250502,1528,8,4,1,6,2,2017,384,2401,263,0.001,1,,Chat
5479,20250526,1808,14,3,4,3,1,2181,299,2480,876,0.011,0,,Completion
5480,20250402,1311,30,2,1,4,3,493,705,1198,271,0.0005,1,4.0,Completion
5481,20250202,1550,27,2,6,1,3,1206,169,1375,317,0.0003,1,3.8,Completion
5482,20250621,1953,11,6,5,5,4,281,484,765,198,0.0002,1,4.4,Embedding
5483,20250112,1817,29,3,6,1,2,3684,429,4113,1152,0.0175,1,,Chat
5484,20250226,1814,48,4,1,2,3,1256,574,1830,376,0.001,1,3.9,Completion
5485,20250428,1021,72,1,6,1,4,1627,866,2493,558,0.0211,1,4.1,Chat
5486,20250330,1509,15,6,1,1,3,2015,230,2245,274,0.0002,1,,Completion
5487,20250219,1041,50,1,7,2,1,224,1261,1485,644,0.02,1,,Chat
5488,20250112,1429,66,1,1,4,3,499,504,1003,899,0.0101,1,,Embedding
5489,20250506,1416,44,1,4,5,4,1379,733,2112,368,0.0179,1,,Chat
5490,20250520,1612,70,1,5,1,2,381,246,627,411,0.0056,1,,Chat
5491,20250310,1344,39,5,1,2,1,484,329,813,191,0.0023,1,,Embedding
5492,20250208,1822,49,5,5,5,3,1408,284,1692,233,0.0032,1,,Chat
5493,20250626,1130,47,2,5,1,2,503,100,603,185,0.0001,1,5.0,Chat
5494,20250223,1700,23,2,7,4,3,872,1324,2196,250,0.0009,1,3.7,Chat
5495,20250228,1213,40,1,7,1,4,890,444,1334,499,0.0111,1,4.6,Vision
5496,20250117,1504,21,2,1,2,3,682,214,896,402,0.0002,1,5.0,Chat
5497,20250224,2146,75,4,1,4,3,1900,530,2430,354,0.0011,1,,Chat
5498,20250124,2131,15,1,1,6,3,2864,345,3209,739,0.0195,1,,Embedding
5499,20250624,1649,4,1,1,1,4,495,459,954,900,0.0094,1,4.7,Chat
5500,20250517,651,54,6,1,1,2,215,284,499,314,0.0001,1,3.2,Chat
5501,20250630,849,59,3,1,3,2,1179,1800,2979,665,0.0305,1,,Embedding
5502,20250310,1733,40,4,1,1,2,390,165,555,363,0.0003,1,,Chat
5503,20250429,1530,46,4,2,4,3,228,167,395,433,0.0003,1,3.6,Chat
5504,20250119,1010,31,3,1,2,2,3409,382,3791,649,0.016,1,,Chat
5505,20250120,1525,9,1,2,2,3,163,149,312,669,0.0031,1,,Completion
5506,20250224,1141,21,2,4,1,2,1630,84,1714,335,0.0003,1,,Completion
5507,20250518,819,39,4,1,4,3,484,133,617,466,0.0003,1,,Chat
5508,20250629,816,11,3,6,1,4,1185,116,1301,1013,0.0053,1,,Chat
5509,20250503,1504,8,3,3,1,2,1536,2442,3978,683,0.0412,1,,Chat
5510,20250130,1449,51,1,3,2,3,1528,1028,2556,537,0.0231,1,,Chat
5511,20250527,1349,43,1,5,6,4,3011,783,3794,624,0.0268,1,3.5,Vision
5512,20250116,839,28,5,5,2,4,2561,188,2749,376,0.0041,1,,Chat
5513,20250211,1403,51,5,3,1,2,207,957,1164,304,0.005,1,4.9,Chat
5514,20250218,1935,75,1,3,4,3,1116,1174,2290,249,0.0232,1,,Completion
5515,20250104,1128,42,5,3,3,4,211,240,451,326,0.0015,1,,Chat
5516,20250330,1106,16,6,2,1,2,1447,159,1606,366,0.0002,1,3.4,Vision
5517,20250630,1948,61,2,5,3,2,1656,246,1902,120,0.0004,1,4.0,Completion
5518,20250310,1655,40,2,5,4,4,594,143,737,225,0.0002,1,,Vision
5519,20250222,1941,44,1,6,1,3,429,939,1368,699,0.0162,1,3.9,Chat
5520,20250202,1241,12,3,2,1,3,2551,2837,5388,582,0.0502,1,4.3,Completion
5521,20250202,1303,11,3,7,1,1,2495,1439,3934,620,0.0291,1,,Chat
5522,20250629,1209,73,3,3,3,1,145,287,432,390,0.0047,1,4.5,Chat
5523,20250601,1628,53,6,1,1,3,534,259,793,279,0.0001,1,,Embedding
5524,20250407,1045,22,2,3,3,2,2691,995,3686,438,0.001,1,4.4,Chat
5525,20250626,1654,42,1,7,3,3,1300,2790,4090,495,0.0483,1,,Chat
5526,20250124,1013,19,3,3,2,3,733,989,1722,476,0.017,1,,Chat
5527,20250410,1327,34,1,1,3,2,269,950,1219,304,0.0156,1,,Chat
5528,20250310,1032,12,3,6,1,1,4524,1846,6370,735,0.0413,1,4.3,Chat
5529,20250330,1523,3,5,7,4,3,412,171,583,244,0.0014,1,3.4,Embedding
5530,20250325,756,71,6,5,5,3,834,344,1178,188,0.0002,1,3.5,Embedding
5531,20250411,2003,27,3,5,1,4,2457,1161,3618,539,0.0248,1,4.2,Chat
5532,20250612,1335,69,3,1,6,1,2508,695,3203,1014,0.0179,1,,Embedding
5533,20250216,1333,44,3,3,1,2,808,1099,1907,362,0.0189,1,,Completion
5534,20250307,1755,14,1,1,1,4,364,1103,1467,502,0.0184,1,4.7,Vision
5535,20250630,1508,34,1,2,2,2,3318,696,4014,377,0.027,1,5.0,Embedding
5536,20250424,1036,1,3,2,1,3,646,99,745,906,0.0034,1,4.8,Chat
5537,20250530,1406,48,3,6,1,2,430,2399,2829,490,0.0373,1,,Chat
5538,20250514,1518,58,2,1,5,2,316,59,375,146,0.0001,1,4.6,Chat
5539,20250429,1231,67,1,1,2,3,3288,836,4124,681,0.029,1,,Embedding
5540,20250204,537,21,1,4,2,3,4769,744,5513,622,0.035,1,,Chat
5541,20250622,1800,37,4,1,1,3,2044,881,2925,255,0.0016,1,,Chat
5542,20250321,930,75,1,1,3,4,3600,164,3764,1093,0.0205,1,,Chat
5543,20250319,1408,65,5,4,4,2,256,115,371,154,0.0009,1,,Chat
5544,20250313,1458,57,5,2,1,2,661,115,776,245,0.0014,1,,Vision
5545,20250317,815,49,3,5,1,2,2414,571,2985,563,0.0158,1,,Completion
5546,20250205,819,48,1,2,2,3,992,405,1397,722,0.011,1,,Chat
5547,20250311,1446,32,2,2,1,2,1356,218,1574,120,0.0003,1,3.4,Chat
5548,20250221,1744,67,1,1,5,4,525,210,735,640,0.0058,1,4.4,Chat
5549,20250615,1529,11,1,1,3,1,787,360,1147,561,0.0093,1,,Completion
5550,20250312,1956,76,1,1,2,2,1335,239,1574,432,0.0103,1,,Chat
5551,20250309,1254,20,4,1,1,3,823,498,1321,292,0.0008,1,,Chat
5552,20250425,1017,47,1,2,2,3,876,1208,2084,389,0.0225,1,,Chat
5553,20250409,1239,23,2,1,1,3,1138,695,1833,261,0.0006,1,,Embedding
5554,20250504,1249,1,3,2,2,3,357,991,1348,950,0.0159,1,,Chat
5555,20250615,28,67,4,5,3,3,941,316,1257,189,0.0006,1,,Chat
5556,20250331,614,36,4,1,6,3,779,2435,3214,404,0.0032,1,,Embedding
5557,20250512,1846,26,1,1,5,1,1712,846,2558,120,0.0212,0,,Embedding
5558,20250426,1733,20,3,7,2,2,750,309,1059,576,0.0069,1,,Completion
5559,20250128,1243,38,3,6,5,3,653,609,1262,522,0.0111,1,,Embedding
5560,20250302,1457,45,2,1,1,2,174,275,449,172,0.0002,1,,Chat
5561,20250305,1143,17,3,6,2,4,1545,131,1676,462,0.0066,1,4.4,Chat
5562,20250522,1608,62,3,3,2,2,325,3258,3583,924,0.0498,1,,Completion
5563,20250202,1232,16,1,3,1,4,609,729,1338,320,0.014,1,,Chat
5564,20250208,514,23,4,2,2,2,439,294,733,289,0.0005,1,3.7,Chat
5565,20250523,1133,28,1,5,2,1,4788,145,4933,391,0.0261,1,,Chat
5566,20250621,1510,22,3,4,1,4,419,192,611,678,0.0041,1,,Chat
5567,20250131,938,51,3,4,2,4,1172,309,1481,453,0.0082,1,,Chat
5568,20250303,541,15,4,5,2,1,754,114,868,263,0.0003,1,,Completion
5569,20250619,1122,45,4,4,1,3,552,290,842,298,0.0005,1,3.4,Chat
5570,20250507,1151,80,4,6,6,4,2035,68,2103,257,0.0006,1,4.8,Completion
5571,20250512,1755,33,3,6,1,2,2157,238,2395,466,0.01,1,,Chat
5572,20250114,925,7,4,2,1,2,1140,176,1316,305,0.0005,1,,Completion
5573,20250620,1524,56,1,4,2,2,12000,810,12810,465,0.0721,1,,Chat
5574,20250430,853,41,3,2,2,1,1016,537,1553,147,0.0111,1,5.0,Chat
5575,20250601,1158,69,2,7,6,2,869,210,1079,374,0.0003,1,,Chat
5576,20250606,710,14,2,5,3,3,1223,718,1941,373,0.0006,1,,Chat
5577,20250209,717,52,1,4,1,3,1834,318,2152,330,0.0139,1,,Completion
5578,20250420,1207,42,2,1,3,3,294,722,1016,330,0.0005,1,,Embedding
5579,20250117,907,3,2,1,2,3,346,238,584,272,0.0002,1,,Chat
5580,20250112,1856,15,2,2,1,2,1238,345,1583,254,0.0004,1,,Embedding
5581,20250506,607,6,1,3,3,3,4875,393,5268,1003,0.0303,1,,Chat
5582,20250315,1448,22,5,5,2,2,4116,553,4669,139,0.0079,1,4.4,Completion
5583,20250503,1151,69,6,1,1,2,571,157,728,243,0.0001,1,,Completion
5584,20250115,849,25,4,1,4,3,668,404,1072,181,0.0007,1,,Embedding
5585,20250423,2147,32,1,5,1,1,1427,277,1704,279,0.0113,1,4.5,Chat
5586,20250128,1449,70,4,5,1,4,526,642,1168,265,0.0009,1,,Chat
5587,20250204,955,75,5,3,1,3,2991,478,3469,255,0.0061,1,,Completion
5588,20250519,1425,74,1,3,5,3,2151,154,2305,685,0.0131,1,,Completion
5589,20250417,1258,72,2,1,6,4,1050,176,1226,220,0.0003,1,3.6,Chat
5590,20250503,2002,51,2,1,2,2,2013,20,2033,393,0.0003,1,,Completion
5591,20250531,1304,36,3,2,5,2,659,231,890,434,0.0054,1,,Chat
5592,20250327,1156,42,2,4,2,4,241,104,345,178,0.0001,1,3.4,Chat
5593,20250105,1508,29,1,2,1,2,1408,1020,2428,634,0.0223,1,,Vision
5594,20250130,843,21,6,1,3,4,1037,140,1177,343,0.0001,1,,Chat
5595,20250131,944,9,6,7,5,1,358,242,600,346,0.0001,1,4.5,Chat
5596,20250530,1428,47,5,3,2,2,677,1640,2317,120,0.009,1,,Chat
5597,20250411,958,39,3,4,2,2,454,111,565,486,0.003,1,,Chat
5598,20250308,1644,30,5,5,3,3,390,248,638,120,0.0017,1,,Completion
5599,20250210,1039,52,3,2,2,2,844,1107,1951,268,0.0191,1,4.1,Completion
5600,20250520,1258,1,2,1,1,4,1768,226,1994,120,0.0004,1,,Chat
5601,20250513,1953,15,2,4,2,4,1288,691,1979,120,0.0006,1,,Chat
5602,20250223,2058,7,3,1,2,3,618,370,988,490,0.0074,1,4.5,Chat
5603,20250616,1718,34,1,4,1,3,1119,951,2070,667,0.0199,1,4.4,Completion
5604,20250507,1345,67,2,1,2,2,283,1541,1824,136,0.001,1,3.7,Chat
5605,20250107,1526,40,3,4,5,1,1952,1801,3753,965,0.0329,1,,Chat
5606,20250131,1313,49,4,5,1,1,1072,1480,2552,273,0.0021,1,,Chat
5607,20250604,954,41,1,2,1,3,911,174,1085,734,0.0072,1,,Embedding
5608,20250118,1811,77,3,3,4,3,1186,129,1315,882,0.0055,1,4.9,Vision
5609,20250129,623,72,5,1,4,4,165,283,448,304,0.0016,1,3.5,Embedding
5610,20250221,1512,78,1,4,4,3,1253,3203,4456,664,0.0543,1,4.9,Chat
5611,20250509,1816,24,2,1,3,3,1350,110,1460,263,0.0003,1,,Embedding
5612,20250112,2236,24,2,4,1,2,422,186,608,296,0.0002,1,,Chat
5613,20250421,1258,54,3,1,2,3,605,380,985,975,0.0075,1,,Chat
5614,20250607,1339,7,1,1,1,3,354,143,497,1152,0.0039,1,,Chat
5615,20250516,1307,34,1,2,5,3,2068,289,2357,723,0.0147,1,,Completion
5616,20250523,1918,13,4,2,3,4,369,487,856,142,0.0007,1,3.5,Chat
5617,20250328,2205,66,6,7,3,2,846,232,1078,250,0.0001,1,3.9,Chat
5618,20250627,1116,28,2,4,3,4,440,41,481,270,0.0001,1,,Chat
5619,20250608,1330,78,2,6,2,3,1032,211,1243,204,0.0003,1,,Embedding
5620,20250328,1339,23,2,4,3,1,155,373,528,120,0.0002,1,,Chat
5621,20250315,1843,35,1,5,6,2,2655,249,2904,800,0.017,1,,Vision
5622,20250203,1421,70,3,1,1,3,488,88,576,721,0.0028,1,,Vision
5623,20250525,1000,25,1,3,2,3,4003,609,4612,490,0.0292,1,3.3,Chat
5624,20250104,2138,39,1,2,2,3,2383,20,2403,539,0.0122,1,,Vision
5625,20250508,824,15,2,2,1,3,323,292,615,314,0.0002,1,3.9,Chat
5626,20250602,1505,24,3,2,1,3,3935,1101,5036,780,0.0283,1,,Chat
5627,20250119,1440,39,1,5,3,2,4850,445,5295,583,0.0309,1,3.4,Chat
5628,20250301,622,76,2,2,3,1,1720,309,2029,567,0.0004,1,4.1,Chat
5629,20250519,1247,32,6,3,2,2,720,525,1245,172,0.0002,1,,Chat
5630,20250328,1542,30,1,1,5,4,1386,451,1837,916,0.0137,1,,Completion
5631,20250519,1043,5,1,1,5,1,1763,2396,4159,489,0.0448,1,3.6,Completion
5632,20250215,1226,14,4,1,3,4,5490,494,5984,230,0.002,1,,Completion
5633,20250502,1737,25,3,2,1,4,758,136,894,962,0.0043,1,,Chat
5634,20250609,925,6,3,1,3,3,12000,378,12378,1135,0.0417,1,4.2,Completion
5635,20250216,805,25,3,2,3,3,3734,967,4701,840,0.0257,1,,Chat
5636,20250106,1725,60,2,1,1,3,424,108,532,275,0.0001,1,,Completion
5637,20250406,1455,70,4,3,2,2,434,418,852,312,0.0006,1,,Completion
5638,20250324,1027,10,6,6,3,2,949,263,1212,211,0.0002,1,,Chat
5639,20250410,1725,21,1,4,4,4,615,390,1005,666,0.0089,1,,Chat
5640,20250208,1901,76,3,5,1,4,1624,994,2618,582,0.0198,1,3.9,Embedding
5641,20250111,1325,53,2,5,1,3,636,423,1059,250,0.0003,1,,Chat
5642,20250223,1932,69,4,6,1,2,475,77,552,548,0.0002,1,,Chat
5643,20250511,1220,37,3,1,1,2,4979,2285,7264,865,0.0492,1,,Chat
5644,20250420,1327,51,6,4,3,4,860,111,971,475,0.0001,1,4.3,Embedding
5645,20250122,1000,69,4,1,1,2,529,359,888,269,0.0006,1,3.5,Chat
5646,20250414,1150,66,2,1,2,3,2332,740,3072,311,0.0008,1,,Embedding
5647,20250627,1231,64,3,1,6,1,3882,387,4269,1007,0.0175,1,3.5,Completion
5648,20250209,1408,11,4,7,1,1,2011,299,2310,287,0.0009,1,,Chat
5649,20250504,1804,21,1,1,1,3,12000,2650,14650,849,0.0998,1,,Chat
5650,20250224,1633,25,2,1,1,1,421,424,845,190,0.0003,1,,Chat
5651,20250320,1525,38,4,6,1,2,988,62,1050,283,0.0003,1,5.0,Embedding
5652,20250221,1506,71,1,1,3,1,1231,845,2076,344,0.0188,1,,Chat
5653,20250214,1006,49,5,6,1,3,1688,330,2018,313,0.0038,1,4.3,Embedding
5654,20250313,1135,49,6,1,1,2,676,46,722,362,0.0001,1,,Chat
5655,20250622,2155,59,4,3,5,2,255,148,403,323,0.0002,1,,Chat
5656,20250416,1913,80,3,1,4,2,1336,187,1523,602,0.0068,1,,Chat
5657,20250121,916,73,3,1,1,3,686,450,1136,438,0.0088,1,,Completion
5658,20250102,1005,31,1,1,5,3,1443,738,2181,326,0.0183,1,,Chat
5659,20250307,1523,38,4,1,4,3,471,609,1080,356,0.0009,1,,Chat
5660,20250510,1134,27,2,5,1,1,1156,162,1318,409,0.0003,1,4.0,Chat
5661,20250206,1058,9,4,2,4,4,913,281,1194,180,0.0006,1,,Chat
5662,20250116,1733,6,2,2,2,1,382,77,459,120,0.0001,1,,Chat
5663,20250409,1052,67,2,7,3,4,2294,962,3256,209,0.0009,1,3.3,Completion
5664,20250330,1255,3,2,1,4,3,437,106,543,187,0.0001,1,4.5,Completion
5665,20250430,1700,5,4,5,2,3,1046,416,1462,149,0.0008,1,4.1,Chat
5666,20250524,1440,25,4,2,2,3,83,676,759,305,0.0009,1,,Completion
5667,20250429,830,39,2,2,1,1,2849,71,2920,331,0.0005,1,3.6,Chat
5668,20250403,1621,22,6,2,2,2,217,319,536,120,0.0001,1,4.7,Chat
5669,20250202,221,21,3,1,4,3,460,335,795,796,0.0064,1,,Chat
5670,20250301,1454,18,3,2,5,3,1470,229,1699,529,0.0078,1,4.9,Chat
5671,20250604,1020,8,2,6,5,2,220,199,419,287,0.0002,1,,Chat
5672,20250131,1144,6,2,1,1,3,497,596,1093,230,0.0004,1,3.7,Chat
5673,20250303,852,76,2,1,2,4,1104,414,1518,312,0.0004,1,,Embedding
5674,20250509,1618,52,4,1,2,3,1003,338,1341,514,0.0007,1,,Chat
5675,20250410,833,57,3,1,1,4,745,1508,2253,682,0.0249,1,4.4,Embedding
5676,20250329,1701,64,5,1,1,2,774,1062,1836,181,0.0063,1,4.6,Chat
5677,20250214,1905,24,2,2,3,1,1908,118,2026,341,0.0004,1,4.9,Chat
5678,20250120,1344,58,1,5,6,3,730,100,830,420,0.0052,1,,Completion
5679,20250226,1607,80,4,4,2,3,1383,276,1659,360,0.0007,1,4.3,Chat
5680,20250506,1721,9,4,1,1,2,764,178,942,323,0.0004,1,4.5,Chat
5681,20250422,1520,8,2,2,2,2,1219,689,1908,146,0.0006,1,,Chat
5682,20250609,1137,50,5,2,1,4,120,623,743,259,0.0033,0,4.3,Completion
5683,20250324,1533,66,2,4,3,3,176,1086,1262,162,0.0007,1,,Completion
5684,20250515,1754,73,3,6,1,4,1507,502,2009,588,0.0121,1,,Chat
5685,20250126,1159,11,1,1,1,2,4891,609,5500,361,0.0336,1,,Chat
5686,20250201,1235,70,5,1,5,4,746,708,1454,220,0.0045,1,,Completion
5687,20250117,1131,4,2,1,1,3,679,693,1372,145,0.0005,1,,Embedding
5688,20250510,1613,54,3,6,4,3,842,442,1284,1105,0.0092,1,,Chat
5689,20250125,1325,9,3,1,1,1,2848,1191,4039,381,0.0264,1,,Chat
5690,20250522,650,52,1,1,1,2,3044,214,3258,271,0.0184,1,,Chat
5691,20250627,1808,1,5,1,2,3,265,171,436,473,0.0012,1,4.5,Chat
5692,20250404,739,58,5,2,1,2,214,223,437,256,0.0014,1,3.5,Embedding
5693,20250325,1026,8,5,1,1,3,234,1192,1426,2440,0.0063,1,,Chat
5694,20250615,1641,8,6,1,1,4,587,422,1009,371,0.0002,1,,Chat
5695,20250105,1041,59,5,5,2,2,844,596,1440,431,0.004,1,,Chat
5696,20250403,2139,38,5,2,3,2,708,869,1577,120,0.0052,1,,Chat
5697,20250529,2031,74,1,2,5,1,648,478,1126,750,0.0104,1,,Chat
5698,20250426,1357,1,3,5,5,2,1630,2719,4349,562,0.0457,1,4.8,Chat
5699,20250219,926,35,3,4,3,3,8212,992,9204,1087,0.0395,1,3.4,Embedding
5700,20250430,1753,2,5,7,4,2,202,571,773,183,0.0031,1,4.7,Completion
5701,20250326,1434,36,5,4,1,4,621,83,704,200,0.0012,1,3.5,Completion
5702,20250419,2248,7,6,4,1,3,824,284,1108,457,0.0001,1,,Chat
5703,20250311,1222,33,2,1,3,4,612,766,1378,240,0.0006,1,4.6,Chat
5704,20250523,1112,1,2,1,1,3,87,149,236,187,0.0001,1,3.7,Chat
5705,20250326,1428,22,4,1,3,3,383,2067,2450,176,0.0027,1,,Vision
5706,20250525,1954,34,1,1,6,2,1668,1295,2963,819,0.0278,1,,Vision
5707,20250212,510,25,2,3,2,4,658,264,922,168,0.0003,1,,Embedding
5708,20250308,1541,58,1,1,6,2,7454,47,7501,528,0.038,1,,Chat
5709,20250328,933,2,3,2,1,4,1439,441,1880,512,0.0109,1,,Completion
5710,20250112,1602,21,4,1,1,1,2900,3172,6072,207,0.0047,1,3.5,Completion
5711,20250503,640,70,2,7,6,2,1100,1298,2398,359,0.0009,1,4.9,Embedding
5712,20250303,2034,53,2,1,1,1,542,196,738,291,0.0002,1,,Completion
5713,20250319,1239,80,3,1,5,3,2599,1512,4111,888,0.0305,1,,Chat
5714,20250317,1651,40,5,6,1,2,829,648,1477,120,0.0043,1,4.5,Completion
5715,20250519,1413,20,2,1,4,3,697,395,1092,271,0.0003,1,,Chat
5716,20250217,1550,39,2,2,2,2,396,862,1258,326,0.0006,1,3.3,Chat
5717,20250427,1400,60,4,2,1,3,355,660,1015,300,0.0009,1,,Chat
5718,20250420,1023,5,3,1,3,3,1265,1094,2359,775,0.0202,1,,Chat
5719,20250602,1557,36,1,1,6,3,1469,1594,3063,931,0.0313,1,,Chat
5720,20250525,1613,22,1,3,1,2,744,220,964,526,0.007,1,,Chat
5721,20250114,2138,28,5,1,3,2,857,2013,2870,268,0.0111,1,3.9,Chat
5722,20250122,1210,56,2,2,3,2,622,305,927,204,0.0003,1,,Completion
5723,20250529,953,63,1,6,1,2,2211,1639,3850,1206,0.0356,1,,Completion
5724,20250315,1241,13,3,1,3,4,941,289,1230,906,0.0072,1,,Vision
5725,20250227,1705,67,4,4,3,3,302,153,455,373,0.0003,1,3.9,Completion
5726,20250515,1527,58,2,4,5,2,1316,155,1471,120,0.0003,1,,Chat
5727,20250306,1016,79,1,1,1,1,2664,4000,6664,552,0.0733,1,,Vision
5728,20250430,2343,65,2,3,5,3,1403,101,1504,300,0.0003,1,3.6,Completion
5729,20250120,1736,35,3,1,4,2,118,1110,1228,916,0.017,1,,Completion
5730,20250618,1550,41,3,4,3,3,1259,510,1769,597,0.0114,1,4.1,Chat
5731,20250402,905,38,1,1,5,2,673,405,1078,675,0.0094,0,,Chat
5732,20250616,1129,28,2,6,4,3,304,630,934,316,0.0004,1,4.5,Chat
5733,20250110,1101,15,4,1,1,3,1049,224,1273,286,0.0005,1,,Vision
5734,20250519,1740,20,1,1,4,4,732,197,929,616,0.0066,1,,Completion
5735,20250126,841,30,4,7,2,2,518,260,778,120,0.0005,1,,Chat
5736,20250529,1622,17,2,2,1,4,564,901,1465,301,0.0006,1,,Chat
5737,20250208,1647,35,1,1,1,4,4402,531,4933,649,0.03,1,4.7,Completion
5738,20250619,705,80,3,5,2,3,4626,524,5150,421,0.0217,1,,Chat
5739,20250121,1609,23,4,3,5,1,93,229,322,369,0.0003,1,,Chat
5740,20250207,1229,51,3,4,4,1,653,405,1058,192,0.008,1,3.9,Completion
5741,20250517,1630,67,4,2,1,4,595,262,857,253,0.0005,1,3.4,Embedding
5742,20250509,1431,39,1,4,1,3,2574,572,3146,340,0.0214,1,,Chat
5743,20250512,1615,36,2,2,1,3,1041,393,1434,385,0.0004,1,,Embedding
5744,20250509,1421,55,3,2,1,2,4069,2291,6360,782,0.0466,1,,Chat
5745,20250608,1128,40,4,3,1,3,591,946,1537,133,0.0013,1,,Completion
5746,20250525,1213,74,1,4,5,4,950,264,1214,848,0.0087,1,,Chat
5747,20250423,1556,48,3,6,3,4,657,1069,1726,613,0.018,1,,Vision
5748,20250221,1028,69,5,6,3,4,350,478,828,372,0.0028,1,3.6,Chat
5749,20250314,1225,59,1,2,2,3,2308,2704,5012,363,0.0521,1,,Chat
5750,20250226,1544,50,5,2,1,2,1404,304,1708,401,0.0033,1,,Chat
5751,20250206,2250,80,6,3,4,2,905,270,1175,375,0.0001,1,3.5,Embedding
5752,20250602,1747,63,5,7,1,1,68,329,397,241,0.0017,1,,Embedding
5753,20250508,1546,28,5,1,2,3,558,307,865,195,0.0022,1,,Chat
5754,20250507,1640,28,1,5,4,3,7009,269,7278,332,0.0391,1,,Completion
5755,20250608,1409,17,1,3,2,3,1301,1830,3131,370,0.034,1,3.6,Chat
5756,20250324,1103,71,2,6,5,3,96,1062,1158,304,0.0007,1,,Completion
5757,20250209,1234,78,3,1,6,4,356,186,542,744,0.0039,1,,Chat
5758,20250524,914,56,2,1,1,4,730,1875,2605,245,0.0012,1,,Completion
5759,20250422,1047,31,4,1,1,2,938,116,1054,448,0.0004,1,,Vision
5760,20250508,1943,37,6,2,1,4,573,154,727,238,0.0001,1,,Embedding
5761,20250128,1232,69,5,2,5,3,939,799,1738,178,0.0052,1,3.9,Vision
5762,20250217,1810,75,3,4,1,4,2484,371,2855,402,0.013,1,4.3,Completion
5763,20250223,1441,75,3,6,1,3,464,1591,2055,394,0.0253,1,4.8,Chat
5764,20250504,1610,1,3,3,2,1,1235,353,1588,626,0.009,1,,Chat
5765,20250513,1815,57,5,6,5,3,227,232,459,206,0.0014,1,4.8,Chat
5766,20250306,1309,35,1,3,2,2,675,112,787,409,0.0051,1,,Chat
5767,20250309,2030,71,3,1,4,3,1714,736,2450,585,0.0162,1,3.6,Chat
5768,20250118,1338,57,3,1,1,1,871,992,1863,672,0.0175,1,4.4,Completion
5769,20250321,957,31,2,3,4,4,835,40,875,320,0.0001,1,,Embedding
5770,20250222,806,50,6,1,1,2,610,119,729,280,0.0001,1,,Chat
5771,20250430,1650,60,5,1,5,4,2572,89,2661,375,0.0037,1,,Chat
5772,20250629,1411,57,2,4,5,3,443,630,1073,256,0.0004,1,,Completion
5773,20250610,1605,70,1,1,2,2,496,329,825,864,0.0074,1,4.9,Chat
5774,20250612,1911,76,1,1,3,2,1293,42,1335,604,0.0071,1,,Chat
5775,20250323,1456,16,2,3,4,2,539,439,978,233,0.0003,1,,Chat
5776,20250404,1717,4,1,1,3,2,417,1948,2365,1002,0.0313,1,4.7,Chat
5777,20250104,1058,61,3,3,1,4,537,889,1426,379,0.0149,1,,Completion
5778,20250520,1252,72,2,6,5,4,1794,618,2412,474,0.0006,1,,Chat
5779,20250301,1414,15,1,6,2,2,727,631,1358,615,0.0131,1,4.4,Embedding
5780,20250108,1309,2,4,1,1,3,651,149,800,307,0.0003,1,4.2,Chat
5781,20250405,830,11,5,6,2,3,348,298,646,120,0.0019,1,,Vision
5782,20250309,1706,5,5,3,1,4,104,583,687,153,0.003,1,3.8,Chat
5783,20250527,1209,65,5,1,5,3,1061,2139,3200,291,0.012,1,,Completion
5784,20250220,614,30,2,1,2,2,1569,271,1840,286,0.0004,1,,Chat
5785,20250121,1632,71,5,4,4,3,89,332,421,239,0.0018,1,,Vision
5786,20250403,1853,20,1,1,5,1,2771,128,2899,937,0.0158,1,4.5,Embedding
5787,20250303,1528,33,1,1,2,4,285,634,919,885,0.0109,1,3.3,Embedding
5788,20250328,925,46,5,6,3,2,2298,91,2389,202,0.0033,1,4.4,Embedding
5789,20250630,1019,70,5,1,2,2,2296,217,2513,166,0.004,1,,Completion
5790,20250217,1549,28,3,4,2,2,2594,1134,3728,588,0.0248,1,,Chat
5791,20250130,1540,56,1,2,5,1,699,2954,3653,910,0.0478,1,3.7,Completion
5792,20250424,1850,58,3,3,1,1,2963,986,3949,366,0.0237,1,,Chat
5793,20250129,1654,29,1,5,2,4,1501,1998,3499,833,0.0375,1,,Chat
5794,20250226,1641,47,3,3,1,1,248,553,801,523,0.009,1,,Completion
5795,20250520,1524,17,5,2,1,4,457,261,718,324,0.0019,1,4.4,Chat
5796,20250527,1212,41,1,6,3,1,1512,142,1654,460,0.0097,1,,Embedding
5797,20250524,1630,19,1,1,1,1,391,1965,2356,871,0.0314,1,5.0,Chat
5798,20250204,1258,34,2,7,2,3,9885,950,10835,186,0.0021,1,4.2,Completion
5799,20250530,1608,39,4,1,2,2,705,170,875,175,0.0004,1,,Chat
5800,20250506,1729,37,2,1,5,2,388,302,690,189,0.0002,1,,Chat
5801,20250608,1142,26,3,3,4,3,1179,870,2049,120,0.0166,1,3.8,Embedding
5802,20250401,1455,33,5,5,3,3,339,1087,1426,568,0.0059,1,,Chat
5803,20250524,1258,73,2,1,1,1,141,364,505,259,0.0002,1,3.9,Chat
5804,20250309,2140,15,2,1,2,4,2980,689,3669,222,0.0009,1,3.2,Vision
5805,20250124,1604,78,1,1,3,1,1745,756,2501,295,0.0201,1,4.1,Chat
5806,20250225,1816,54,3,3,2,1,1491,546,2037,513,0.0127,1,,Vision
5807,20250328,1057,62,1,1,1,4,1839,114,1953,829,0.0109,1,,Chat
5808,20250121,914,51,1,1,3,3,170,3397,3567,454,0.0518,1,,Completion
5809,20250206,1158,29,2,3,4,1,1846,1597,3443,129,0.0012,1,3.6,Chat
5810,20250611,1045,28,1,1,4,4,554,1462,2016,1022,0.0247,1,,Chat
5811,20250202,930,20,1,7,1,3,5512,306,5818,726,0.0321,1,,Chat
5812,20250401,821,49,5,2,3,1,596,300,896,249,0.0022,1,,Chat
5813,20250108,1532,16,3,1,1,3,489,259,748,749,0.0054,1,,Chat
5814,20250306,1915,12,3,1,1,3,1309,971,2280,822,0.0185,1,,Chat
5815,20250531,1736,6,1,4,4,4,516,287,803,493,0.0069,1,5.0,Chat
5816,20250206,2118,26,6,4,5,4,1050,489,1539,315,0.0002,1,,Embedding
5817,20250423,812,34,4,7,1,2,3806,496,4302,350,0.0016,1,3.3,Embedding
5818,20250316,640,25,2,2,4,3,1341,244,1585,150,0.0003,1,,Chat
5819,20250115,1047,72,5,2,6,3,213,111,324,285,0.0008,1,3.4,Completion
5820,20250403,1208,54,3,7,1,4,1870,2957,4827,620,0.05,1,,Chat
5821,20250425,517,24,1,3,2,4,1051,1870,2921,630,0.0333,1,,Chat
5822,20250105,2031,48,2,6,3,3,999,69,1068,290,0.0002,1,3.6,Embedding
5823,20250507,1507,30,4,2,4,2,1758,1551,3309,368,0.0024,1,3.6,Chat
5824,20250307,1510,3,3,1,6,3,2633,513,3146,317,0.0156,1,,Vision
5825,20250626,1420,46,2,1,1,2,924,118,1042,410,0.0002,1,,Chat
5826,20250206,1806,42,4,3,2,3,193,1054,1247,249,0.0014,1,,Chat
5827,20250608,1013,1,1,6,2,4,3941,573,4514,1082,0.0283,1,,Chat
5828,20250603,1059,61,5,3,5,2,139,260,399,357,0.0015,1,4.5,Embedding
5829,20250630,1051,20,5,1,1,2,200,401,601,136,0.0023,1,,Chat
5830,20250415,1547,21,1,3,3,3,952,962,1914,335,0.0192,1,4.0,Completion
5831,20250616,1949,59,2,2,1,1,564,632,1196,374,0.0005,1,,Completion
5832,20250313,921,4,5,1,2,3,1471,98,1569,145,0.0023,1,4.9,Completion
5833,20250205,2129,56,2,5,2,1,1809,1924,3733,243,0.0014,1,,Chat
5834,20250110,1429,5,3,4,1,2,2269,594,2863,480,0.0157,1,,Chat
5835,20250502,1032,10,4,4,4,3,806,133,939,172,0.0004,1,4.3,Embedding
5836,20250127,1547,71,1,1,1,4,1217,1466,2683,553,0.0281,1,,Vision
5837,20250113,1122,15,3,2,1,3,2045,278,2323,500,0.0103,1,,Completion
5838,20250101,1102,44,2,1,4,2,550,1490,2040,145,0.001,1,,Completion
5839,20250615,1925,30,2,4,5,2,1292,1251,2543,587,0.0009,1,,Completion
5840,20250111,1934,79,2,2,1,3,1530,108,1638,163,0.0003,1,,Chat
5841,20250506,1528,55,2,7,2,3,144,557,701,120,0.0004,1,3.9,Chat
5842,20250403,1823,58,2,2,2,1,497,367,864,206,0.0003,1,4.2,Chat
5843,20250117,629,13,1,3,4,3,4604,2140,6744,570,0.0551,1,4.2,Chat
5844,20250504,1654,64,5,6,2,1,467,422,889,354,0.0027,1,,Chat
5845,20250417,1645,48,4,4,1,3,2223,513,2736,282,0.0012,1,,Chat
5846,20250207,1010,4,1,4,1,4,830,1299,2129,308,0.0236,1,3.7,Embedding
5847,20250524,1827,47,2,7,2,1,516,164,680,172,0.0002,1,,Embedding
5848,20250516,1612,70,2,2,1,4,656,1274,1930,156,0.0009,1,,Chat
5849,20250217,1149,16,6,5,1,3,612,174,786,280,0.0001,1,,Chat
5850,20250212,1528,38,4,3,1,2,1028,1188,2216,152,0.0017,1,4.2,Chat
5851,20250318,1529,42,1,4,5,3,701,905,1606,748,0.0171,1,,Chat
5852,20250416,1029,76,1,6,3,4,543,978,1521,655,0.0174,1,,Embedding
5853,20250519,1302,53,1,3,5,3,2586,1206,3792,529,0.031,1,,Chat
5854,20250501,1025,61,6,1,1,2,213,339,552,140,0.0001,1,,Chat
5855,20250320,1449,56,1,1,5,3,4522,430,4952,528,0.0291,1,,Chat
5856,20250308,2121,22,2,1,1,2,2588,172,2760,293,0.0005,1,,Completion
5857,20250615,1552,34,1,5,5,2,1641,3374,5015,669,0.0588,1,3.3,Chat
5858,20250125,1428,41,4,2,1,2,1236,908,2144,371,0.0014,1,4.5,Completion
5859,20250617,1656,77,2,6,5,1,163,218,381,360,0.0002,1,4.9,Embedding
5860,20250126,1518,25,2,7,1,4,1399,1642,3041,164,0.0012,1,,Chat
5861,20250528,1839,68,2,5,2,4,494,731,1225,275,0.0005,1,4.4,Embedding
5862,20250525,2208,71,1,3,3,3,1525,327,1852,745,0.0125,1,,Chat
5863,20250618,1527,29,1,3,2,3,4180,921,5101,1213,0.0347,1,,Completion
5864,20250322,1334,66,5,2,2,3,608,197,805,288,0.0017,1,3.4,Completion
5865,20250621,1434,25,2,6,3,1,856,349,1205,220,0.0003,1,4.5,Chat
5866,20250528,1028,24,5,2,3,2,474,871,1345,412,0.0049,1,4.2,Embedding
5867,20250108,1316,1,4,5,1,4,285,308,593,484,0.0005,1,4.9,Chat
5868,20250321,1740,79,3,6,3,3,2323,1501,3824,1000,0.0295,1,,Embedding
5869,20250628,955,5,4,7,4,4,467,210,677,337,0.0004,1,,Chat
5870,20250524,1431,34,2,4,3,4,1313,214,1527,414,0.0003,1,,Chat
5871,20250412,1329,37,1,1,5,2,2682,1873,4555,903,0.0415,1,,Chat
5872,20250118,1529,54,4,1,3,1,1390,1451,2841,330,0.0022,1,,Chat
5873,20250306,1130,20,1,1,2,3,2399,580,2979,120,0.0207,1,,Vision
5874,20250111,1549,5,2,1,1,3,738,882,1620,206,0.0006,1,,Vision
5875,20250525,753,51,1,2,2,2,1585,863,2448,671,0.0209,1,,Chat
5876,20250621,1459,1,1,5,2,3,460,527,987,570,0.0102,1,,Chat
5877,20250203,1839,17,1,7,5,3,1957,462,2419,1042,0.0167,1,3.5,Chat
5878,20250225,1241,6,1,6,1,3,2339,513,2852,1021,0.0194,0,,Chat
5879,20250218,1449,59,1,1,1,1,1504,526,2030,694,0.0154,1,4.2,Embedding
5880,20250327,1834,43,3,4,6,3,3120,618,3738,1037,0.0186,1,,Chat
5881,20250419,1712,66,2,6,3,2,448,102,550,239,0.0001,1,,Chat
5882,20250204,1533,13,2,2,5,3,1138,1048,2186,172,0.0008,1,,Vision
5883,20250201,1206,21,3,6,5,3,412,168,580,507,0.0038,1,,Completion
5884,20250501,1545,51,1,2,1,2,2896,244,3140,465,0.0181,1,4.0,Chat
5885,20250611,634,19,1,1,5,1,1659,300,1959,1028,0.0128,1,,Chat
5886,20250306,1528,24,1,1,3,2,1128,327,1455,309,0.0105,1,4.7,Chat
5887,20250327,838,67,2,5,1,2,379,182,561,182,0.0002,1,,Vision
5888,20250303,1537,40,3,4,1,3,2240,389,2629,1090,0.0126,1,,Chat
5889,20250319,749,70,6,3,1,3,700,274,974,226,0.0001,1,3.3,Completion
5890,20250113,1122,40,3,7,2,2,1330,485,1815,560,0.0113,1,5.0,Chat
5891,20250508,812,60,3,1,1,3,265,457,722,558,0.0076,1,,Chat
5892,20250221,1324,27,1,1,1,3,1201,366,1567,601,0.0115,1,,Chat
5893,20250126,1045,40,1,2,1,2,6148,281,6429,565,0.035,1,,Completion
5894,20250205,1144,32,3,1,1,2,638,616,1254,626,0.0112,1,,Chat
5895,20250419,1211,11,1,4,6,1,1008,303,1311,741,0.0096,1,3.4,Completion
5896,20250616,2217,39,1,5,4,4,558,875,1433,660,0.0159,1,,Completion
5897,20250623,1644,3,1,4,4,3,2688,731,3419,640,0.0244,1,,Chat
5898,20250506,1214,75,1,1,5,3,623,548,1171,357,0.0113,1,,Completion
5899,20250425,1112,2,6,4,3,3,1801,359,2160,367,0.0002,1,3.8,Chat
5900,20250127,1910,3,1,4,1,2,1122,732,1854,581,0.0166,1,,Vision
5901,20250221,1025,40,6,7,5,2,282,676,958,300,0.0002,1,4.7,Chat
5902,20250518,2155,56,3,1,1,2,3540,300,3840,841,0.0151,1,,Chat
5903,20250408,1215,26,2,6,6,4,1988,218,2206,176,0.0004,1,,Chat
5904,20250122,1056,25,2,5,2,4,340,161,501,223,0.0001,1,,Completion
5905,20250408,1707,39,4,2,6,1,3349,106,3455,403,0.001,1,,Vision
5906,20250203,1217,80,4,4,2,4,909,80,989,331,0.0003,1,,Completion
5907,20250108,532,43,1,7,4,2,1833,768,2601,693,0.0207,1,,Chat
5908,20250610,1146,56,4,4,3,4,1090,460,1550,259,0.0008,1,,Chat
5909,20250601,1645,33,5,1,1,3,610,517,1127,267,0.0033,1,,Completion
5910,20250513,1425,10,1,1,5,4,2379,412,2791,369,0.0181,1,,Chat
5911,20250405,1501,33,2,3,5,4,1940,425,2365,311,0.0005,1,,Chat
5912,20250530,1306,55,2,3,2,4,1293,282,1575,235,0.0004,1,,Completion
5913,20250217,1820,7,3,5,1,2,787,1401,2188,901,0.0234,1,4.3,Chat
5914,20250128,1618,35,2,1,1,2,216,338,554,260,0.0002,1,,Chat
5915,20250305,1201,39,1,1,2,2,1544,1249,2793,545,0.0265,1,3.5,Chat
5916,20250225,1304,46,2,2,3,4,535,888,1423,254,0.0006,1,,Chat
5917,20250227,931,78,3,2,2,2,277,849,1126,476,0.0136,1,,Completion
5918,20250321,1650,66,2,5,5,2,200,208,408,149,0.0002,1,4.2,Chat
5919,20250207,1527,65,2,6,4,1,1192,440,1632,173,0.0004,1,4.7,Completion
5920,20250618,1153,37,5,3,2,3,821,78,899,256,0.0014,1,3.8,Embedding
5921,20250124,2046,52,2,3,1,3,565,93,658,220,0.0001,1,,Completion
5922,20250509,1117,51,2,7,1,3,4565,1360,5925,351,0.0015,1,4.7,Chat
5923,20250611,1254,25,1,7,1,2,4449,205,4654,894,0.0253,1,,Chat
5924,20250129,1722,34,2,1,5,1,580,869,1449,236,0.0006,1,,Completion
5925,20250130,826,1,3,6,1,3,3561,555,4116,786,0.019,1,,Chat
5926,20250506,2101,17,1,5,3,2,650,525,1175,1007,0.0111,1,,Completion
5927,20250626,1608,50,1,5,2,2,665,242,907,529,0.007,1,4.8,Chat
5928,20250525,1151,70,6,1,6,2,823,353,1176,307,0.0002,1,,Chat
5929,20250111,1003,44,3,2,1,4,1247,85,1332,682,0.005,1,3.4,Completion
5930,20250523,1832,48,1,2,2,2,322,952,1274,510,0.0159,1,3.5,Chat
5931,20250610,1732,68,3,7,2,2,1569,884,2453,664,0.018,1,3.9,Chat
5932,20250211,1952,6,1,1,2,2,1895,307,2202,672,0.0141,1,,Completion
5933,20250331,1256,51,3,6,1,3,1575,403,1978,496,0.0108,1,,Completion
5934,20250308,1443,47,1,4,2,4,1416,1653,3069,555,0.0319,1,,Vision
5935,20250226,624,29,5,5,1,2,479,82,561,320,0.001,1,,Completion
5936,20250301,718,7,2,1,2,2,273,242,515,431,0.0002,1,,Vision
5937,20250117,906,56,3,5,4,4,1356,1044,2400,987,0.0197,1,,Chat
5938,20250320,1742,50,3,6,5,3,3999,1367,5366,374,0.0325,1,,Chat
5939,20250520,1510,61,2,1,4,4,1427,146,1573,223,0.0003,1,,Embedding
5940,20250316,1058,58,5,1,3,2,1333,311,1644,248,0.0032,1,4.0,Chat
5941,20250129,852,2,4,1,6,3,625,203,828,303,0.0004,1,,Completion
5942,20250128,930,20,5,1,4,3,780,227,1007,157,0.0021,1,,Chat
5943,20250419,835,71,3,6,2,2,412,494,906,677,0.0086,1,3.6,Completion
5944,20250430,1557,48,3,6,1,4,1821,292,2113,890,0.0098,1,,Vision
5945,20250329,1240,9,5,4,4,2,997,287,1284,316,0.0027,1,,Vision
5946,20250122,1312,55,6,4,2,2,947,328,1275,359,0.0002,1,4.6,Chat
5947,20250411,1045,12,1,2,6,2,228,238,466,893,0.0047,1,,Completion
5948,20250429,1343,67,2,7,4,3,722,134,856,286,0.0002,1,,Embedding
5949,20250622,959,11,2,6,1,3,302,234,536,323,0.0002,1,,Chat
5950,20250423,1649,80,3,1,3,4,2389,133,2522,648,0.0092,1,3.4,Chat
5951,20250416,1303,8,2,1,4,4,167,334,501,255,0.0002,1,3.4,Chat
5952,20250503,1610,54,4,1,3,3,715,207,922,370,0.0004,1,,Vision
5953,20250408,559,23,4,6,1,2,627,73,700,190,0.0002,1,,Chat
5954,20250119,1648,65,2,3,1,2,211,98,309,513,0.0001,1,4.0,Completion
5955,20250530,805,55,3,1,2,4,6978,511,7489,530,0.0286,1,,Chat
5956,20250622,1649,28,6,1,3,4,2214,124,2338,229,0.0002,1,,Completion
5957,20250625,1706,63,2,6,2,2,861,842,1703,330,0.0006,1,4.4,Completion
5958,20250308,2120,5,2,1,1,2,781,398,1179,311,0.0004,1,,Chat
5959,20250202,1355,20,2,6,1,2,1426,404,1830,357,0.0005,1,4.6,Vision
5960,20250614,1707,40,2,4,5,3,978,505,1483,180,0.0004,1,3.3,Chat
5961,20250521,1129,49,6,1,1,1,1420,1107,2527,120,0.0004,1,4.9,Chat
5962,20250619,1151,4,5,2,2,3,679,156,835,199,0.0016,1,,Chat
5963,20250128,1509,62,2,2,1,4,2760,58,2818,263,0.0004,1,4.5,Chat
5964,20250622,1540,1,6,2,1,3,1342,433,1775,452,0.0002,1,,Chat
5965,20250629,1410,53,3,4,4,2,4974,325,5299,663,0.0198,1,,Vision
5966,20250205,906,4,5,1,1,1,1496,298,1794,315,0.0034,1,4.5,Chat
5967,20250521,1212,63,3,2,1,3,2407,877,3284,423,0.0204,1,,Chat
5968,20250308,1044,19,1,1,3,3,1302,1126,2428,1073,0.0234,1,4.5,Completion
5969,20250621,1529,15,5,6,1,2,1647,83,1730,477,0.0025,1,,Embedding
5970,20250302,1637,22,1,7,2,1,1274,514,1788,398,0.0141,1,,Chat
5971,20250111,1048,11,5,7,2,4,3712,142,3854,181,0.0053,1,,Chat
5972,20250407,1142,20,5,3,1,3,226,334,560,386,0.002,1,4.5,Completion
5973,20250604,1101,8,4,3,4,3,193,423,616,274,0.0006,1,,Chat
5974,20250304,1800,77,3,2,1,4,850,470,1320,615,0.0096,1,,Chat
5975,20250228,1407,62,6,2,1,2,467,206,673,120,0.0001,1,,Embedding
5976,20250210,1132,14,2,2,5,2,1266,680,1946,233,0.0006,1,3.2,Chat
5977,20250401,1951,73,5,1,1,4,648,105,753,120,0.0013,1,,Completion
5978,20250307,1850,35,1,1,2,3,922,189,1111,136,0.0074,1,4.5,Chat
5979,20250204,1203,17,5,1,1,3,957,182,1139,176,0.0021,1,,Chat
5980,20250213,1122,72,3,5,2,3,4643,160,4803,504,0.0163,1,4.3,Chat
5981,20250331,1824,36,1,1,1,3,2195,713,2908,502,0.0217,1,,Chat
5982,20250512,1400,58,1,3,1,2,782,266,1048,404,0.0079,1,,Chat
5983,20250309,1709,20,1,3,1,4,1260,811,2071,684,0.0185,1,,Completion
5984,20250529,1511,48,2,1,1,2,528,219,747,200,0.0002,1,4.5,Completion
5985,20250421,847,34,2,4,2,3,242,242,484,122,0.0002,1,,Chat
5986,20250423,809,9,5,6,5,4,1699,399,2098,235,0.0041,1,,Chat
5987,20250409,2358,12,1,4,3,2,257,1520,1777,624,0.0241,1,4.1,Chat
5988,20250105,1734,13,4,1,4,2,733,67,800,289,0.0003,1,,Embedding
5989,20250613,1507,29,1,5,5,1,149,3815,3964,720,0.058,1,4.7,Embedding
5990,20250623,1604,12,5,5,4,2,232,594,826,386,0.0033,1,,Chat
5991,20250526,1534,19,1,5,1,3,1326,257,1583,600,0.0105,1,,Chat
5992,20250319,1109,6,6,1,5,4,1112,160,1272,335,0.0001,1,,Completion
5993,20250622,1047,62,3,1,2,1,1030,1080,2110,489,0.0193,1,,Chat
5994,20250405,1609,68,2,2,1,4,1094,262,1356,393,0.0003,1,,Completion
5995,20250118,1414,40,3,1,5,2,4033,3306,7339,595,0.0617,1,,Completion
5996,20250530,1622,16,1,3,3,4,707,225,932,605,0.0069,1,,Completion
5997,20250403,850,65,1,1,1,3,524,1055,1579,533,0.0184,1,4.1,Completion
5998,20250620,1628,67,3,1,1,1,1806,3493,5299,769,0.0578,1,3.3,Completion
5999,20250628,1800,51,3,5,3,2,2001,809,2810,914,0.0181,1,,Chat
6000,20250302,1632,43,5,1,4,4,803,393,1196,332,0.003,1,,Completion
6001,20250515,1105,61,4,3,1,1,349,1109,1458,462,0.0015,1,,Chat
6002,20250514,1036,78,6,7,4,2,364,872,1236,332,0.0003,1,,Completion
6003,20250627,1605,72,2,3,6,1,1490,269,1759,312,0.0004,1,,Embedding
6004,20250105,1531,79,2,4,2,3,307,431,738,401,0.0003,1,3.7,Chat
6005,20250408,1244,4,4,1,2,2,763,393,1156,252,0.0007,1,4.6,Completion
6006,20250211,1620,38,1,4,4,4,678,2134,2812,792,0.0354,1,,Embedding
6007,20250505,1058,38,6,1,1,2,3066,381,3447,209,0.0003,1,,Completion
6008,20250211,1846,27,2,1,2,3,1038,73,1111,228,0.0002,1,4.4,Vision
6009,20250302,1512,15,4,7,5,4,95,355,450,295,0.0005,1,,Vision
6010,20250312,926,24,4,2,1,1,848,332,1180,163,0.0006,1,,Chat
6011,20250502,1730,64,3,3,4,3,3095,457,3552,604,0.0161,1,,Chat
6012,20250623,1617,71,6,7,4,3,555,63,618,327,0.0001,1,,Completion
6013,20250225,1050,47,4,2,2,4,468,1140,1608,266,0.0015,1,,Chat
6014,20250413,1419,77,1,1,1,2,2229,972,3201,440,0.0257,1,,Vision
6015,20250208,1321,39,2,2,2,3,687,416,1103,308,0.0004,1,,Chat
6016,20250615,42,13,1,6,5,1,413,1527,1940,919,0.025,1,,Chat
6017,20250110,1544,22,1,3,1,1,699,2926,3625,151,0.0474,1,,Chat
6018,20250420,1142,69,3,2,4,3,4322,423,4745,1013,0.0193,1,,Chat
6019,20250623,717,56,5,1,1,4,244,210,454,320,0.0014,1,,Completion
6020,20250512,1352,10,6,1,6,3,427,1104,1531,428,0.0004,1,4.1,Chat
6021,20250531,1229,39,2,1,1,3,142,52,194,303,0.0001,1,3.6,Chat
6022,20250419,1626,30,3,2,4,4,1426,562,1988,466,0.0127,1,,Chat
6023,20250508,1640,12,5,1,1,4,3012,50,3062,272,0.004,1,4.8,Chat
6024,20250119,1001,42,3,7,2,2,301,205,506,736,0.004,1,3.2,Embedding
6025,20250620,1503,54,3,1,6,3,5769,606,6375,250,0.0264,1,,Chat
6026,20250414,1332,58,5,1,1,3,190,118,308,336,0.0008,1,,Chat
6027,20250209,1439,65,4,2,4,2,1128,243,1371,357,0.0006,1,,Chat
6028,20250227,1246,6,5,2,1,4,1817,442,2259,259,0.0045,1,,Chat
6029,20250404,1415,23,2,6,1,4,654,1282,1936,304,0.0009,1,,Vision
6030,20250315,1300,76,5,4,4,4,536,676,1212,349,0.004,1,3.4,Chat
6031,20250126,1219,38,1,4,2,3,421,255,676,608,0.0059,1,,Chat
6032,20250613,1942,31,1,1,1,2,1042,342,1384,249,0.0103,1,,Chat
6033,20250331,2047,42,2,1,1,2,1110,649,1759,374,0.0006,1,,Chat
6034,20250410,1302,52,4,6,1,3,717,1170,1887,297,0.0016,1,,Completion
6035,20250615,1609,12,5,3,2,4,1456,570,2026,267,0.0047,1,,Chat
6036,20250609,1352,48,1,1,1,3,2915,1257,4172,915,0.0334,1,3.8,Chat
6037,20250525,1623,50,3,2,2,3,2432,393,2825,517,0.0132,1,4.7,Embedding
6038,20250405,1727,47,4,6,4,4,396,324,720,415,0.0005,1,,Chat
6039,20250215,1839,18,2,1,1,3,872,256,1128,267,0.0003,1,4.3,Chat
6040,20250126,1709,3,2,1,3,2,643,205,848,399,0.0002,1,,Completion
6041,20250205,1419,67,1,1,1,2,752,948,1700,870,0.018,1,,Completion
6042,20250315,907,28,3,2,2,3,1096,476,1572,752,0.0104,1,4.0,Chat
6043,20250410,1647,28,4,2,1,1,404,92,496,381,0.0002,1,,Chat
6044,20250211,920,47,2,6,2,2,849,295,1144,295,0.0003,1,,Embedding
6045,20250127,2018,35,2,5,2,1,10244,82,10326,376,0.0016,1,,Chat
6046,20250512,1318,70,3,1,1,1,3819,1494,5313,970,0.0339,1,,Chat
6047,20250403,1547,20,5,4,5,2,298,726,1024,291,0.004,1,,Completion
6048,20250527,1343,63,3,3,1,3,831,1565,2396,1014,0.026,1,3.8,Chat
6049,20250327,917,37,3,6,1,2,2494,422,2916,316,0.0138,1,,Embedding
6050,20250504,1402,31,3,1,5,2,582,134,716,472,0.0038,1,,Chat
6051,20250521,915,51,4,6,3,2,371,107,478,241,0.0002,1,3.4,Chat
6052,20250612,1131,34,1,7,1,2,1950,1057,3007,709,0.0256,1,3.7,Embedding
6053,20250408,1334,32,3,1,3,2,1030,271,1301,465,0.0072,1,4.8,Chat
6054,20250410,1601,37,1,1,2,1,230,557,787,576,0.0095,1,3.8,Completion
6055,20250321,1638,26,1,2,4,4,322,609,931,728,0.0107,1,,Chat
6056,20250111,616,74,4,2,6,4,252,305,557,330,0.0004,1,,Chat
6057,20250119,1444,28,6,5,1,3,1101,131,1232,124,0.0001,1,3.3,Chat
6058,20250521,1401,25,4,7,1,3,219,158,377,371,0.0003,1,,Completion
6059,20250626,1425,74,4,3,4,3,398,182,580,340,0.0003,1,,Embedding
6060,20250318,1459,65,4,2,2,2,222,63,285,464,0.0001,1,3.4,Chat
6061,20250506,908,24,3,1,5,1,2270,2527,4797,683,0.0447,1,,Chat
6062,20250228,1117,77,5,1,1,2,184,97,281,316,0.0007,1,,Completion
6063,20250323,1952,76,1,4,2,2,901,354,1255,808,0.0098,1,,Vision
6064,20250620,1159,30,4,1,4,2,851,342,1193,239,0.0006,1,3.9,Embedding
6065,20250605,1308,15,1,1,1,2,7809,1068,8877,898,0.0551,1,,Embedding
6066,20250626,1023,42,2,6,2,3,1783,568,2351,133,0.0006,1,3.4,Chat
6067,20250124,1619,49,5,7,2,3,419,88,507,292,0.001,1,,Chat
6068,20250611,1649,33,2,2,2,3,762,301,1063,247,0.0003,1,4.1,Chat
6069,20250221,2359,14,5,4,2,2,229,693,922,281,0.0038,1,,Chat
6070,20250406,1009,18,6,3,1,2,636,101,737,221,0.0001,1,,Chat
6071,20250424,1311,30,2,3,1,2,164,507,671,185,0.0003,0,,Chat
6072,20250520,835,40,5,2,6,2,251,2099,2350,120,0.0108,1,,Chat
6073,20250106,1558,23,5,5,5,2,338,245,583,339,0.0016,1,,Chat
6074,20250406,1642,18,2,1,6,4,360,104,464,340,0.0001,1,,Chat
6075,20250509,1618,40,2,1,1,3,514,480,994,236,0.0004,1,,Completion
6076,20250120,1045,20,6,2,4,4,667,513,1180,310,0.0002,1,4.5,Chat
6077,20250221,1627,12,5,3,2,4,335,1267,1602,246,0.0068,1,,Completion
6078,20250603,1341,73,3,1,2,4,358,500,858,771,0.0086,1,4.8,Completion
6079,20250331,1741,40,4,1,5,2,2712,513,3225,307,0.0013,1,4.3,Chat
6080,20250112,1214,62,4,1,1,4,366,753,1119,373,0.001,1,,Completion
6081,20250116,918,64,5,6,2,3,1275,574,1849,170,0.0045,1,,Chat
6082,20250409,1616,38,2,1,4,4,258,41,299,264,0.0001,1,,Embedding
6083,20250202,1553,48,3,1,1,1,1193,4000,5193,736,0.0636,1,4.8,Chat
6084,20250211,1412,10,2,5,1,3,979,226,1205,371,0.0003,1,,Completion
6085,20250207,1515,30,2,1,3,4,883,194,1077,126,0.0002,1,3.6,Completion
6086,20250403,1128,37,4,1,3,3,857,226,1083,308,0.0005,1,3.9,Completion
6087,20250210,1317,28,1,6,1,3,2060,237,2297,693,0.0139,1,,Chat
6088,20250402,1128,57,3,1,1,4,287,514,801,999,0.0086,1,,Completion
6089,20250301,848,57,6,5,4,1,740,650,1390,505,0.0003,1,3.9,Completion
6090,20250406,1247,12,1,3,2,2,711,198,909,909,0.0065,1,,Vision
6091,20250423,1009,12,6,5,1,3,476,68,544,366,0.0001,1,,Chat
6092,20250319,1830,12,4,2,5,3,1423,84,1507,339,0.0005,1,4.9,Embedding
6093,20250221,706,43,1,7,4,3,1419,731,2150,720,0.0181,1,,Chat
6094,20250327,1617,2,2,5,5,1,660,62,722,332,0.0001,1,3.8,Chat
6095,20250105,1449,21,4,5,3,3,295,87,382,430,0.0002,1,,Completion
6096,20250429,1837,79,4,4,2,4,1255,185,1440,120,0.0005,1,,Chat
6097,20250106,1754,64,3,1,1,3,1932,421,2353,905,0.0121,1,,Chat
6098,20250419,1754,16,1,2,1,3,1597,622,2219,661,0.0173,1,,Chat
6099,20250520,1634,64,2,4,2,2,307,474,781,189,0.0003,1,,Completion
6100,20250617,1933,19,1,7,6,4,2280,312,2592,668,0.0161,1,,Embedding
6101,20250620,1023,11,1,6,5,2,6027,2812,8839,808,0.0723,1,,Completion
6102,20250408,2043,11,3,1,2,3,1558,1243,2801,928,0.0233,1,,Vision
6103,20250130,1344,42,3,1,2,1,1438,1461,2899,797,0.0262,1,,Embedding
6104,20250323,1018,74,2,2,1,4,92,284,376,120,0.0002,1,5.0,Vision
6105,20250606,1041,26,4,1,1,2,302,203,505,360,0.0003,1,,Completion
6106,20250401,1829,79,2,7,4,3,1051,565,1616,344,0.0005,1,4.2,Chat
6107,20250214,414,8,1,1,3,4,1353,109,1462,765,0.0084,1,,Vision
6108,20250430,525,38,3,7,1,3,1118,1012,2130,395,0.0185,1,3.2,Chat
6109,20250211,1709,73,4,1,5,1,1049,456,1505,348,0.0008,1,,Completion
6110,20250525,1235,1,4,1,2,1,762,333,1095,278,0.0006,1,4.5,Chat
6111,20250312,1156,48,5,5,1,2,217,248,465,241,0.0015,1,4.9,Chat
6112,20250406,1150,33,6,1,1,2,1432,121,1553,263,0.0001,1,,Vision
6113,20250525,1816,18,4,3,1,2,1507,928,2435,222,0.0015,1,,Vision
6114,20250318,1708,75,1,7,3,3,462,463,925,608,0.0093,1,,Chat
6115,20250426,1144,28,3,1,5,4,932,376,1308,426,0.0084,1,,Chat
6116,20250518,1735,68,1,6,1,2,1116,728,1844,687,0.0165,1,,Completion
6117,20250502,1402,57,3,6,2,3,1469,450,1919,972,0.0112,1,3.5,Completion
6118,20250608,1736,17,4,7,1,1,676,225,901,268,0.0005,1,3.2,Chat
6119,20250217,1546,76,2,4,1,1,2565,102,2667,344,0.0004,1,,Completion
6120,20250201,1834,66,1,1,2,2,302,506,808,407,0.0091,1,,Chat
6121,20250111,1559,28,5,1,4,3,481,295,776,239,0.0021,1,,Chat
6122,20250625,1656,46,4,5,1,3,817,401,1218,295,0.0007,1,,Chat
6123,20250522,1643,65,2,3,2,3,525,1402,1927,158,0.0009,1,4.4,Chat
6124,20250212,752,33,5,1,1,3,130,56,186,345,0.0004,1,3.7,Chat
6125,20250205,1624,38,6,7,3,3,1972,134,2106,353,0.0002,1,,Chat
6126,20250208,1417,11,5,6,6,2,772,562,1334,205,0.0038,1,4.0,Chat
6127,20250522,6,15,1,5,1,4,5073,363,5436,401,0.0308,1,,Chat
6128,20250616,1358,79,1,1,2,4,1607,1656,3263,384,0.0329,1,,Chat
6129,20250408,1512,7,2,1,1,1,167,478,645,269,0.0003,1,4.6,Embedding
6130,20250102,2142,39,1,1,1,2,285,2212,2497,262,0.0346,1,,Chat
6131,20250506,811,16,2,1,2,2,147,408,555,164,0.0003,1,,Completion
6132,20250523,836,68,5,1,2,2,798,484,1282,283,0.0034,1,,Chat
6133,20250401,1330,37,1,1,1,2,8340,691,9031,833,0.0521,1,,Completion
6134,20250307,1409,10,3,1,3,4,446,1014,1460,500,0.0165,1,3.2,Completion
6135,20250602,1308,40,4,6,6,3,875,63,938,122,0.0003,1,3.3,Chat
6136,20250309,1709,29,1,3,1,1,689,335,1024,687,0.0085,1,4.4,Chat
6137,20250125,1226,57,3,1,4,2,2033,573,2606,695,0.0147,1,4.6,Chat
6138,20250131,1117,34,3,7,2,4,1625,1719,3344,520,0.0307,1,4.7,Completion
6139,20250504,1705,78,4,2,2,2,634,616,1250,292,0.0009,1,3.4,Completion
6140,20250612,1337,46,1,1,1,4,1900,1906,3806,703,0.0381,1,,Chat
6141,20250618,1527,49,2,6,2,2,477,1255,1732,342,0.0008,1,,Chat
6142,20250127,1425,66,1,3,1,2,1184,1523,2707,512,0.0288,1,,Completion
6143,20250211,607,19,6,6,1,2,709,908,1617,435,0.0003,1,,Completion
6144,20250626,1340,37,1,1,3,3,1399,985,2384,589,0.0218,1,3.4,Chat
6145,20250327,1653,7,3,1,5,1,1229,1573,2802,814,0.0273,1,,Vision
6146,20250324,1738,8,1,2,4,2,1090,3750,4840,760,0.0617,1,,Chat
6147,20250324,1429,5,2,1,2,3,335,304,639,291,0.0002,0,3.7,Chat
6148,20250618,1059,8,1,2,6,3,999,514,1513,662,0.0127,1,,Chat
6149,20250202,646,5,6,1,5,4,588,239,827,277,0.0001,1,,Chat
6150,20250530,1820,43,4,4,1,3,4218,587,4805,159,0.0018,1,4.6,Chat
6151,20250528,1239,46,4,6,1,4,1137,498,1635,376,0.0009,1,,Completion
6152,20250411,1321,56,1,1,3,2,931,3180,4111,663,0.0524,1,,Chat
6153,20250222,908,1,1,3,1,3,5855,145,6000,120,0.0315,1,,Chat
6154,20250628,1745,35,2,3,2,4,1509,469,1978,152,0.0005,1,,Chat
6155,20250131,1355,70,1,2,1,4,1014,361,1375,971,0.0105,1,,Embedding
6156,20250131,931,15,5,2,2,2,884,911,1795,317,0.0057,1,3.4,Chat
6157,20250325,1840,47,5,6,1,4,1104,475,1579,315,0.0038,1,,Chat
6158,20250217,1619,10,1,4,1,2,910,174,1084,867,0.0072,1,,Chat
6159,20250215,1805,49,4,1,3,4,834,207,1041,127,0.0005,1,,Vision
6160,20250418,1446,38,1,5,1,4,347,146,493,645,0.0039,1,3.8,Vision
6161,20250608,1012,29,1,3,1,3,1891,517,2408,511,0.0172,1,4.1,Chat
6162,20250420,758,32,6,6,1,2,308,165,473,159,0.0001,1,4.0,Chat
6163,20250206,1221,69,1,1,3,2,425,515,940,704,0.0099,1,4.5,Chat
6164,20250206,1012,12,3,7,5,4,2049,165,2214,396,0.0086,1,,Completion
6165,20250111,1344,27,2,1,1,3,1234,690,1924,438,0.0006,1,4.8,Completion
6166,20250410,1227,32,6,4,1,4,593,137,730,157,0.0001,1,4.8,Chat
6167,20250222,1434,32,3,2,1,3,616,1940,2556,317,0.0309,1,4.1,Chat
6168,20250218,1557,78,1,1,1,3,489,276,765,772,0.0066,1,,Chat
6169,20250511,1107,69,2,1,4,3,418,165,583,454,0.0002,1,,Chat
6170,20250618,1129,72,3,5,1,1,1410,496,1906,700,0.0117,1,,Embedding
6171,20250210,1139,67,2,3,1,2,555,461,1016,195,0.0004,1,,Chat
6172,20250414,1834,6,4,6,1,2,1933,553,2486,286,0.0012,1,4.3,Completion
6173,20250411,244,4,1,5,5,3,2047,414,2461,593,0.0164,1,,Chat
6174,20250628,647,61,1,4,2,3,2194,151,2345,676,0.0132,1,,Chat
6175,20250219,1742,2,4,5,2,3,435,928,1363,206,0.0013,1,,Vision
6176,20250602,1652,61,2,6,2,3,205,793,998,365,0.0005,1,4.1,Embedding
6177,20250514,1553,37,1,4,1,4,903,158,1061,561,0.0069,0,4.1,Completion
6178,20250309,1807,76,4,3,6,1,747,88,835,169,0.0003,1,3.7,Completion
6179,20250321,1902,37,2,3,1,3,1031,115,1146,120,0.0002,1,3.7,Completion
6180,20250129,1130,49,1,1,1,3,210,519,729,1207,0.0088,1,,Embedding
6181,20250424,707,22,1,4,1,2,1112,2092,3204,820,0.0369,1,,Chat
6182,20250605,1336,70,2,3,1,2,583,123,706,253,0.0002,1,4.3,Completion
6183,20250406,1427,57,2,1,5,4,1798,194,1992,261,0.0004,1,,Chat
6184,20250428,1002,39,1,3,4,3,1677,1267,2944,793,0.0274,1,4.0,Chat
6185,20250205,900,15,4,2,1,3,759,185,944,379,0.0004,1,4.7,Chat
6186,20250608,1342,57,1,1,4,3,293,488,781,754,0.0088,1,,Embedding
6187,20250208,1416,48,5,7,3,3,419,200,619,183,0.0015,1,,Completion
6188,20250620,1239,73,1,5,1,1,569,1512,2081,444,0.0255,1,,Chat
6189,20250504,1450,57,6,1,1,2,698,737,1435,386,0.0003,1,,Completion
6190,20250204,1610,37,3,2,4,4,1906,222,2128,406,0.009,1,4.5,Chat
6191,20250129,1011,74,5,7,4,4,1308,351,1659,365,0.0034,1,,Embedding
6192,20250427,1801,31,3,2,1,2,648,620,1268,647,0.0112,1,,Chat
6193,20250402,1256,46,1,1,1,1,784,1854,2638,661,0.0317,1,,Chat
6194,20250202,1404,53,3,2,4,2,600,1143,1743,421,0.0189,1,,Completion
6195,20250314,1552,64,5,1,2,2,1026,232,1258,311,0.0024,1,3.2,Chat
6196,20250409,1440,17,1,6,2,3,1287,609,1896,664,0.0156,1,,Completion
6197,20250118,1434,29,2,3,5,1,702,129,831,265,0.0002,1,,Chat
6198,20250425,1510,16,1,3,3,2,1476,1489,2965,791,0.0297,1,,Chat
6199,20250523,1011,72,1,1,1,2,1133,447,1580,649,0.0124,1,,Embedding
6200,20250424,1316,73,2,2,2,2,1153,384,1537,400,0.0004,1,,Vision
6201,20250113,1451,34,3,1,1,3,583,386,969,787,0.0075,1,,Vision
6202,20250128,706,54,3,4,1,2,348,607,955,866,0.0101,1,,Completion
6203,20250524,1951,57,1,6,3,3,1078,1648,2726,666,0.0301,1,3.4,Completion
6204,20250602,722,30,1,6,5,4,1328,334,1662,858,0.0117,1,4.0,Completion
6205,20250222,1316,19,3,6,1,4,373,144,517,645,0.0033,1,,Embedding
6206,20250225,431,10,3,2,3,4,797,749,1546,409,0.0136,1,,Chat
6207,20250420,1703,2,2,4,2,1,1942,139,2081,250,0.0004,1,,Chat
6208,20250522,1746,23,2,1,1,3,664,100,764,265,0.0002,1,,Completion
6209,20250221,1058,35,3,4,1,3,4056,1070,5126,578,0.0282,1,,Completion
6210,20250421,1406,38,1,1,2,3,362,294,656,1003,0.0062,1,,Chat
6211,20250317,1456,11,2,4,1,4,1536,402,1938,408,0.0005,1,,Chat
6212,20250628,614,70,4,3,5,2,561,1336,1897,373,0.0018,1,,Chat
6213,20250509,1934,53,3,6,3,4,1330,361,1691,416,0.0094,1,4.9,Vision
6214,20250423,903,36,6,1,4,3,1375,510,1885,273,0.0003,1,,Embedding
6215,20250127,1611,73,3,2,3,2,1544,1501,3045,866,0.0271,1,4.5,Embedding
6216,20250225,900,79,5,7,4,3,850,79,929,293,0.0015,1,,Chat
6217,20250213,1651,8,2,6,1,3,203,231,434,280,0.0002,1,4.7,Chat
6218,20250617,1443,5,5,5,3,4,517,121,638,274,0.0013,1,,Chat
6219,20250118,702,79,1,1,1,2,1061,395,1456,619,0.0112,1,,Embedding
6220,20250516,1103,61,4,3,3,3,171,241,412,371,0.0003,1,4.0,Chat
6221,20250622,1908,30,3,1,4,2,12000,3002,15002,377,0.081,1,,Chat
6222,20250123,1200,10,5,4,2,3,651,307,958,286,0.0023,1,,Completion
6223,20250119,2326,17,4,2,5,3,251,180,431,441,0.0003,1,4.6,Chat
6224,20250519,1147,66,5,1,1,3,947,795,1742,327,0.0052,1,,Chat
6225,20250212,1410,57,2,5,1,2,1548,154,1702,231,0.0003,1,,Vision
6226,20250525,1614,36,2,3,3,2,103,1101,1204,309,0.0007,1,,Chat
6227,20250601,1443,10,1,7,1,3,262,177,439,559,0.004,1,,Chat
6228,20250323,1744,22,6,2,1,1,0,0,0,244,0.0,1,,Vision
6229,20250322,1307,70,2,6,1,2,835,415,1250,210,0.0004,1,3.3,Chat
6230,20250502,1608,56,1,4,2,4,131,392,523,684,0.0065,1,,Completion
6231,20250510,1209,68,5,6,2,1,128,629,757,157,0.0033,1,,Completion
6232,20250404,1357,74,2,6,4,1,763,335,1098,394,0.0003,1,,Completion
6233,20250430,1326,57,2,5,1,2,977,314,1291,340,0.0003,1,,Chat
6234,20250108,1957,49,1,6,5,3,1536,1264,2800,981,0.0266,1,,Chat
6235,20250223,1935,17,3,2,6,3,911,1611,2522,706,0.0269,1,,Vision
6236,20250216,1838,56,1,6,3,4,2365,782,3147,748,0.0236,1,,Chat
6237,20250116,1541,73,4,1,1,2,866,288,1154,255,0.0006,1,4.2,Completion
6238,20250510,2133,52,2,2,1,3,1022,202,1224,252,0.0003,1,,Vision
6239,20250621,1852,10,3,6,6,1,641,147,788,329,0.0041,1,4.5,Vision
6240,20250626,734,39,2,1,3,4,206,121,327,415,0.0001,1,,Embedding
6241,20250625,1349,40,4,1,2,2,479,96,575,265,0.0002,1,,Vision
6242,20250315,753,50,1,7,1,3,925,4000,4925,801,0.0646,1,3.3,Chat
6243,20250130,1308,17,3,1,4,2,2692,366,3058,467,0.0136,1,4.6,Completion
6244,20250325,2026,69,1,6,4,1,427,429,856,719,0.0086,1,3.4,Completion
6245,20250103,1028,65,3,4,1,4,2567,449,3016,801,0.0144,1,4.9,Chat
6246,20250207,1609,60,1,7,2,3,1050,3056,4106,498,0.0511,1,,Completion
6247,20250628,1950,67,5,7,1,3,1914,1488,3402,297,0.0098,1,4.5,Completion
6248,20250118,1045,74,1,2,2,3,10687,437,11124,464,0.06,1,,Chat
6249,20250423,1304,19,5,5,2,4,274,516,790,220,0.0029,1,,Chat
6250,20250421,1232,75,2,2,2,3,1589,561,2150,281,0.0006,1,,Completion
6251,20250519,1441,33,2,6,6,3,672,228,900,279,0.0002,1,,Chat
6252,20250630,1526,75,1,1,1,1,1180,896,2076,459,0.0193,1,,Chat
6253,20250206,1123,50,1,1,3,4,642,351,993,942,0.0085,1,,Chat
6254,20250102,1621,31,2,7,3,3,252,479,731,241,0.0003,1,,Vision
6255,20250407,1105,55,2,2,5,1,174,754,928,146,0.0005,1,4.0,Completion
6256,20250407,1305,9,6,1,1,3,283,638,921,247,0.0002,1,3.5,Completion
6257,20250318,1322,15,2,1,2,2,607,427,1034,281,0.0003,1,3.3,Chat
6258,20250409,1341,26,2,1,1,3,417,86,503,170,0.0001,1,3.7,Completion
6259,20250604,1643,68,3,4,5,4,986,320,1306,330,0.0078,1,3.8,Completion
6260,20250224,734,31,1,1,3,3,663,1399,2062,523,0.0243,1,4.4,Chat
6261,20250604,1550,57,1,1,5,3,732,1104,1836,569,0.0202,1,,Chat
6262,20250614,906,38,2,7,1,4,522,1570,2092,455,0.001,1,,Chat
6263,20250102,1512,35,1,2,6,2,1167,803,1970,722,0.0179,1,3.7,Chat
6264,20250323,1323,33,6,7,5,3,989,394,1383,249,0.0002,1,,Embedding
6265,20250213,932,17,2,7,3,2,439,651,1090,276,0.0005,1,,Chat
6266,20250322,1533,45,1,1,2,2,1009,219,1228,595,0.0083,1,,Chat
6267,20250610,957,13,4,6,1,2,250,920,1170,238,0.0012,1,4.4,Completion
6268,20250501,1145,54,2,7,3,4,2853,660,3513,243,0.0008,1,3.5,Vision
6269,20250120,1552,20,6,5,1,3,537,183,720,326,0.0001,1,4.3,Vision
6270,20250224,1256,73,3,4,1,3,1444,1588,3032,857,0.0282,1,4.4,Chat
6271,20250419,1152,72,3,4,1,3,2177,206,2383,752,0.0096,1,4.7,Embedding
6272,20250612,1407,65,3,3,2,4,1956,453,2409,1124,0.0127,1,3.6,Chat
6273,20250305,1056,70,6,5,5,2,1594,137,1731,329,0.0002,1,,Completion
6274,20250422,1632,76,2,3,6,3,698,216,914,293,0.0002,1,,Chat
6275,20250617,1522,26,1,1,2,2,8021,262,8283,523,0.044,1,,Vision
6276,20250217,1543,75,4,1,1,3,528,303,831,384,0.0005,1,3.5,Chat
6277,20250613,216,20,2,2,6,3,388,75,463,162,0.0001,1,,Chat
6278,20250413,2312,27,2,3,2,4,1139,741,1880,272,0.0006,1,,Chat
6279,20250128,1717,68,5,2,4,2,135,798,933,199,0.0042,1,3.7,Embedding
6280,20250218,1141,73,5,7,1,2,1047,432,1479,288,0.0035,1,,Chat
6281,20250502,822,10,1,4,1,3,1480,1498,2978,528,0.0299,1,,Chat
6282,20250406,1933,50,5,7,1,3,303,332,635,430,0.002,1,,Chat
6283,20250504,1102,7,4,5,3,3,1717,1769,3486,296,0.0026,1,4.8,Vision
6284,20250417,1100,76,1,1,3,4,618,2078,2696,940,0.0343,1,,Chat
6285,20250106,1938,47,2,1,4,3,645,798,1443,275,0.0006,1,4.0,Embedding
6286,20250117,1034,51,1,3,6,3,4122,2841,6963,417,0.0632,1,4.0,Chat
6287,20250603,944,56,2,7,2,2,689,744,1433,168,0.0005,1,,Embedding
6288,20250226,1427,7,3,2,5,2,742,1171,1913,468,0.0198,1,,Embedding
6289,20250225,1712,33,1,2,2,4,1143,247,1390,664,0.0094,1,4.5,Chat
6290,20250222,612,26,2,2,1,3,402,440,842,120,0.0003,1,,Chat
6291,20250625,331,18,5,1,1,3,81,1020,1101,272,0.0052,1,,Chat
6292,20250106,1148,33,1,3,2,2,3446,409,3855,711,0.0234,1,,Embedding
6293,20250408,1413,20,1,2,2,2,836,795,1631,825,0.0161,1,3.4,Chat
6294,20250502,1332,61,6,3,3,4,439,246,685,120,0.0001,1,3.5,Chat
6295,20250418,1525,67,5,1,3,1,224,564,788,271,0.0031,1,3.5,Chat
6296,20250423,1451,73,2,1,2,1,1249,150,1399,316,0.0003,1,,Chat
6297,20250615,1522,11,5,5,3,1,563,150,713,338,0.0015,1,,Embedding
6298,20250524,1648,69,4,5,2,3,736,132,868,228,0.0003,1,,Chat
6299,20250517,1351,14,1,3,2,2,2666,133,2799,521,0.0153,1,,Completion
6300,20250315,1221,60,4,1,1,4,617,109,726,258,0.0003,1,4.4,Completion
6301,20250201,1256,26,1,1,3,3,474,538,1012,526,0.0104,1,,Chat
6302,20250625,1509,14,2,1,1,2,299,356,655,200,0.0003,1,3.7,Completion
6303,20250426,1142,58,1,1,1,3,1803,752,2555,555,0.0203,1,4.4,Chat
6304,20250225,1225,11,4,6,2,4,179,1088,1267,347,0.0014,1,3.9,Completion
6305,20250426,1620,59,6,1,1,4,158,199,357,247,0.0001,1,,Completion
6306,20250625,638,1,3,1,1,1,3261,2395,5656,1119,0.0457,1,,Chat
6307,20250417,958,52,2,2,1,3,739,1016,1755,255,0.0007,1,,Chat
6308,20250622,1159,69,1,3,3,3,207,1765,1972,645,0.0275,1,,Chat
6309,20250526,1131,6,4,6,2,3,858,376,1234,296,0.0007,1,,Vision
6310,20250511,1315,74,3,5,2,4,6784,530,7314,1018,0.0283,1,,Chat
6311,20250313,1600,17,5,1,4,2,912,299,1211,375,0.0026,1,4.3,Completion
6312,20250315,1455,62,1,7,1,3,527,240,767,746,0.0062,1,4.4,Chat
6313,20250106,1023,43,4,1,5,4,628,811,1439,309,0.0012,1,,Completion
6314,20250406,1136,2,5,5,1,4,2366,526,2892,379,0.0056,1,,Chat
6315,20250226,442,39,1,3,2,1,1864,1339,3203,1036,0.0294,1,,Vision
6316,20250116,850,66,5,6,1,3,1969,1336,3305,120,0.0091,1,,Chat
6317,20250109,1550,38,5,4,3,3,1159,250,1409,231,0.0027,1,,Completion
6318,20250610,1629,30,2,2,2,4,382,274,656,359,0.0002,1,,Chat
6319,20250623,2134,74,1,2,1,4,2293,683,2976,532,0.0217,1,3.9,Chat
6320,20250302,950,11,1,1,3,2,4062,520,4582,911,0.0281,1,,Chat
6321,20250625,1226,79,5,1,2,2,370,472,842,272,0.0028,1,,Completion
6322,20250610,937,57,1,7,1,2,8245,331,8576,861,0.0462,1,,Embedding
6323,20250318,1717,17,1,4,3,1,380,232,612,581,0.0054,1,,Chat
6324,20250618,1051,41,1,2,1,3,7528,497,8025,852,0.0451,1,4.2,Chat
6325,20250128,1656,48,1,5,2,4,1744,625,2369,931,0.0181,1,3.5,Chat
6326,20250120,1001,8,3,6,3,3,7527,177,7704,827,0.0252,1,4.8,Chat
6327,20250519,820,18,6,5,1,3,500,357,857,232,0.0001,1,,Embedding
6328,20250126,1345,18,2,1,1,1,190,142,332,328,0.0001,1,,Completion
6329,20250328,1414,75,2,1,3,1,357,1018,1375,160,0.0007,1,,Chat
6330,20250619,1234,23,3,3,1,3,807,1079,1886,660,0.0186,1,4.4,Chat
6331,20250609,1354,16,2,1,3,3,126,689,815,258,0.0004,1,,Completion
6332,20250617,1447,77,5,2,1,3,339,152,491,426,0.0012,1,,Chat
6333,20250114,605,58,1,6,3,4,466,2456,2922,795,0.0392,1,4.9,Vision
6334,20250108,1226,18,6,4,5,3,2042,482,2524,302,0.0003,1,4.9,Completion
6335,20250218,1427,64,1,1,2,3,2132,973,3105,1149,0.0253,1,4.4,Completion
6336,20250114,1347,17,1,2,1,3,1136,185,1321,638,0.0085,0,3.8,Completion
6337,20250206,2129,10,2,4,5,2,1613,208,1821,282,0.0004,1,,Completion
6338,20250426,808,74,5,4,1,1,278,375,653,231,0.0022,1,4.4,Chat
6339,20250105,925,26,4,3,4,3,1033,307,1340,126,0.0006,1,,Chat
6340,20250622,556,8,6,6,4,3,398,85,483,120,0.0001,1,,Chat
6341,20250420,1855,12,2,1,1,2,609,263,872,261,0.0002,1,,Completion
6342,20250212,921,17,2,1,1,2,962,295,1257,205,0.0003,1,3.4,Completion
6343,20250217,1145,70,2,1,4,3,220,233,453,256,0.0002,1,4.8,Vision
6344,20250504,1209,13,2,5,1,3,698,308,1006,302,0.0003,1,4.2,Chat
6345,20250520,1719,25,5,1,6,2,1134,743,1877,196,0.0051,1,4.3,Chat
6346,20250113,1132,23,2,3,1,1,1197,584,1781,213,0.0005,1,4.4,Chat
6347,20250329,1634,7,2,3,6,2,284,497,781,277,0.0003,1,,Completion
6348,20250605,849,32,5,1,4,3,450,2111,2561,299,0.0111,1,5.0,Chat
6349,20250205,2348,73,4,4,3,4,181,625,806,120,0.0008,1,,Chat
6350,20250119,1353,27,2,7,1,3,1173,673,1846,201,0.0006,1,,Completion
6351,20250217,1853,17,5,6,2,4,411,287,698,237,0.0019,1,4.3,Chat
6352,20250416,947,77,3,2,5,2,6436,629,7065,897,0.0287,1,,Completion
6353,20250424,1834,39,2,4,1,4,278,928,1206,329,0.0006,1,,Chat
6354,20250104,946,9,5,1,2,2,996,138,1134,437,0.0019,0,,Completion
6355,20250601,1746,65,1,1,1,4,1247,2001,3248,290,0.0362,1,,Chat
6356,20250410,1114,48,1,1,6,2,1040,4000,5040,406,0.0652,1,,Chat
6357,20250323,737,26,1,4,4,4,315,1423,1738,514,0.0229,1,3.8,Embedding
6358,20250414,1336,43,1,4,3,4,2872,517,3389,696,0.0221,1,4.9,Vision
6359,20250626,1632,19,5,7,1,4,451,286,737,303,0.002,1,,Completion
6360,20250618,1725,13,5,2,2,3,325,25,350,346,0.0005,1,,Chat
6361,20250413,1719,60,5,2,2,2,796,414,1210,224,0.0031,1,3.9,Chat
6362,20250428,1636,53,2,2,1,2,1433,346,1779,524,0.0004,1,4.8,Chat
6363,20250221,727,37,5,4,5,2,770,121,891,366,0.0016,1,4.8,Chat
6364,20250424,728,37,2,4,1,3,200,192,392,306,0.0001,1,4.5,Chat
6365,20250518,1127,61,1,5,1,1,745,506,1251,594,0.0113,1,,Chat
6366,20250626,1949,71,1,5,1,2,2659,442,3101,1127,0.0199,1,,Completion
6367,20250610,1558,70,3,2,1,3,508,767,1275,771,0.013,1,,Chat
6368,20250407,1100,64,3,1,1,3,467,653,1120,568,0.0112,1,,Chat
6369,20250407,1956,27,2,2,2,4,1296,191,1487,321,0.0003,1,,Embedding
6370,20250609,1940,13,1,5,2,1,332,227,559,647,0.0051,1,,Chat
6371,20250115,1424,78,4,2,2,3,634,253,887,248,0.0005,1,,Chat
6372,20250416,1523,25,2,1,3,3,1845,219,2064,518,0.0004,1,,Vision
6373,20250610,2107,61,2,2,1,4,2200,560,2760,476,0.0007,1,3.5,Chat
6374,20250530,1245,33,6,4,6,4,314,211,525,181,0.0001,1,,Completion
6375,20250311,1434,56,1,4,2,1,1807,728,2535,647,0.02,1,3.4,Completion
6376,20250512,1451,62,3,1,2,4,7603,1084,8687,859,0.0391,1,,Chat
6377,20250130,1422,31,3,1,6,2,266,107,373,1123,0.0024,1,,Chat
6378,20250517,1149,6,2,5,3,4,381,407,788,333,0.0003,1,,Chat
6379,20250608,1635,40,3,1,2,3,7898,2504,10402,465,0.0613,1,,Completion
6380,20250423,1755,76,1,1,1,4,912,528,1440,401,0.0125,1,,Completion
6381,20250126,759,35,3,1,1,4,1297,242,1539,861,0.0075,1,,Completion
6382,20250314,1233,42,6,1,4,2,878,1056,1934,134,0.0004,1,,Chat
6383,20250106,1132,66,3,5,4,1,1605,809,2414,901,0.0169,1,4.7,Chat
6384,20250403,1733,63,1,6,2,3,1475,802,2277,725,0.0194,1,4.5,Chat
6385,20250518,838,28,2,3,2,1,577,407,984,324,0.0003,1,4.2,Chat
6386,20250519,1057,44,3,5,4,3,376,481,857,1097,0.0083,1,,Chat
6387,20250601,1047,16,5,2,4,3,1913,1270,3183,284,0.0087,1,3.3,Chat
6388,20250405,1146,38,2,4,3,2,1055,389,1444,195,0.0004,1,,Chat
6389,20250423,1139,26,1,1,2,1,2108,1460,3568,576,0.0324,1,3.4,Chat
6390,20250412,1335,46,1,6,6,3,2614,510,3124,581,0.0207,1,,Completion
6391,20250326,1043,15,2,1,3,4,331,3192,3523,260,0.002,1,,Chat
6392,20250414,1911,42,1,6,1,2,7215,505,7720,733,0.0437,1,4.7,Chat
6393,20250505,1419,42,6,1,4,1,155,88,243,284,0.0,1,,Chat
6394,20250204,1250,58,3,1,2,3,8880,480,9360,1093,0.0338,1,,Chat
6395,20250131,1243,30,6,2,1,3,3718,507,4225,335,0.0004,1,,Completion
6396,20250409,1102,74,4,2,1,4,1117,1392,2509,265,0.002,1,,Chat
6397,20250313,1223,29,1,6,6,3,1046,2804,3850,844,0.0473,1,,Vision
6398,20250222,1915,55,2,4,5,2,882,341,1223,321,0.0003,1,,Vision
6399,20250224,1804,21,1,4,1,2,1046,2208,3254,733,0.0384,1,4.8,Chat
6400,20250123,426,70,2,1,1,4,1473,112,1585,364,0.0003,1,3.8,Chat
6401,20250329,1746,79,4,7,1,1,895,524,1419,387,0.0009,1,3.4,Embedding
6402,20250515,1246,56,3,5,5,3,2961,1816,4777,1050,0.0361,1,3.5,Embedding
6403,20250516,928,45,5,5,3,3,960,145,1105,181,0.0019,1,,Completion
6404,20250413,1533,55,6,2,5,4,713,874,1587,246,0.0003,1,5.0,Completion
6405,20250316,1354,64,1,1,5,4,1654,265,1919,485,0.0122,1,,Chat
6406,20250108,1818,58,3,1,2,2,773,1850,2623,788,0.0301,1,,Chat
6407,20250503,740,70,2,1,1,3,1072,514,1586,321,0.0005,1,4.2,Chat
6408,20250616,1346,76,3,2,1,3,523,2162,2685,626,0.034,1,,Chat
6409,20250518,1001,7,1,1,4,2,2116,297,2413,434,0.015,1,,Completion
6410,20250522,1255,76,6,7,1,3,365,152,517,359,0.0001,1,,Completion
6411,20250216,1330,33,6,5,6,4,2052,159,2211,120,0.0002,1,,Completion
6412,20250610,1437,68,2,7,1,4,3534,518,4052,595,0.0008,1,3.6,Completion
6413,20250225,1559,47,4,3,6,4,822,52,874,321,0.0003,1,4.0,Embedding
6414,20250424,1441,33,1,7,2,3,891,528,1419,634,0.0124,1,,Chat
6415,20250530,1310,17,3,5,1,2,10826,423,11249,688,0.0388,1,3.7,Chat
6416,20250616,1232,13,3,3,1,3,2931,711,3642,586,0.0195,1,4.5,Chat
6417,20250408,604,33,5,2,2,4,827,253,1080,274,0.0023,1,3.3,Chat
6418,20250321,949,58,2,1,3,4,2416,684,3100,420,0.0008,1,3.8,Chat
6419,20250109,1811,28,5,2,1,2,1133,125,1258,460,0.002,1,4.6,Completion
6420,20250504,1035,43,6,3,2,4,522,602,1124,354,0.0002,1,,Embedding
6421,20250129,1640,13,2,5,1,1,463,197,660,528,0.0002,1,3.8,Chat
6422,20250309,1344,39,2,1,3,4,575,180,755,303,0.0002,1,,Chat
6423,20250206,1450,54,3,2,1,2,1317,864,2181,1051,0.0169,1,,Chat
6424,20250406,1137,4,3,3,5,3,1398,325,1723,717,0.0091,1,,Chat
6425,20250208,1159,32,4,3,1,3,414,95,509,289,0.0002,1,,Chat
6426,20250126,1506,70,1,6,2,2,8608,940,9548,547,0.0571,1,3.9,Completion
6427,20250119,807,48,5,6,2,1,221,109,330,464,0.0008,1,,Chat
6428,20250220,1533,79,2,1,1,3,393,146,539,196,0.0001,1,,Chat
6429,20250124,1133,15,4,2,4,4,2174,321,2495,138,0.0009,1,3.5,Chat
6430,20250203,2327,5,4,5,5,3,238,199,437,408,0.0003,1,,Completion
6431,20250526,1529,70,5,1,3,4,435,115,550,185,0.0011,1,,Chat
6432,20250521,1018,41,2,6,5,3,669,388,1057,265,0.0003,1,4.3,Chat
6433,20250621,1321,60,1,3,2,2,468,795,1263,941,0.0143,1,4.6,Chat
6434,20250601,1352,28,3,1,6,4,1116,651,1767,904,0.0131,1,3.4,Embedding
6435,20250412,1042,23,4,5,1,2,2454,472,2926,282,0.0012,1,3.4,Completion
6436,20250107,1833,19,2,3,6,3,229,514,743,322,0.0003,1,,Chat
6437,20250621,1032,61,3,1,6,1,2123,787,2910,609,0.0182,1,,Completion
6438,20250212,1700,11,4,5,1,4,397,415,812,267,0.0006,1,4.4,Chat
6439,20250420,1148,37,1,1,1,2,2214,494,2708,314,0.0185,1,,Chat
6440,20250316,614,33,3,1,1,2,2948,188,3136,713,0.0117,1,,Embedding
6441,20250308,1423,45,6,4,5,2,477,1742,2219,297,0.0006,1,,Vision
6442,20250423,1703,7,2,2,5,2,859,271,1130,278,0.0003,1,4.8,Vision
6443,20250301,1958,46,6,7,5,3,1770,1735,3505,301,0.0007,1,,Completion
6444,20250428,1005,27,6,5,2,2,447,120,567,355,0.0001,1,,Completion
6445,20250608,1106,52,5,4,6,2,50,2681,2731,224,0.0135,1,,Chat
6446,20250123,1123,65,5,1,2,4,2994,118,3112,391,0.0043,1,,Chat
6447,20250115,1132,35,5,1,3,3,202,1407,1609,370,0.0073,1,3.9,Chat
6448,20250113,1753,2,5,7,5,3,926,549,1475,159,0.0039,1,,Completion
6449,20250421,1433,43,1,3,1,2,529,160,689,743,0.005,1,,Embedding
6450,20250117,1859,54,1,2,1,3,912,492,1404,391,0.0119,1,,Chat
6451,20250225,1430,23,1,1,4,3,2864,1276,4140,774,0.0335,1,,Chat
6452,20250501,1100,36,3,1,1,3,699,1281,1980,834,0.0213,0,,Chat
6453,20250609,1308,21,1,2,2,3,874,1824,2698,568,0.0317,1,,Embedding
6454,20250206,1655,38,2,1,1,4,588,135,723,438,0.0002,1,,Embedding
6455,20250509,1407,17,2,1,3,3,350,101,451,153,0.0001,1,3.4,Chat
6456,20250510,1211,45,3,2,1,1,9183,345,9528,979,0.0327,1,4.8,Completion
6457,20250318,1321,19,2,6,4,3,229,220,449,154,0.0002,1,,Completion
6458,20250208,1012,63,2,1,1,3,299,65,364,428,0.0001,1,,Chat
6459,20250320,1405,41,4,3,3,4,358,398,756,198,0.0006,1,,Chat
6460,20250626,319,43,2,1,4,1,9518,388,9906,222,0.0017,1,,Chat
6461,20250503,602,6,6,6,2,4,173,1347,1520,427,0.0004,1,4.4,Completion
6462,20250501,1752,13,6,1,1,3,243,1192,1435,324,0.0004,1,,Chat
6463,20250312,1653,1,4,5,3,4,993,91,1084,162,0.0004,1,5.0,Chat
6464,20250427,1113,28,3,1,4,2,2549,162,2711,610,0.0101,1,,Embedding
6465,20250526,1330,36,3,2,2,2,2959,1142,4101,420,0.026,1,4.9,Chat
6466,20250417,1938,31,3,7,1,4,418,1698,2116,524,0.0267,1,,Chat
6467,20250302,1455,48,1,1,1,4,1679,726,2405,803,0.0193,1,,Chat
6468,20250630,1538,65,2,1,5,2,1346,490,1836,156,0.0005,1,,Completion
6469,20250411,1553,74,1,1,4,2,762,209,971,584,0.0069,1,,Chat
6470,20250102,1421,9,1,2,3,2,1719,1641,3360,947,0.0332,1,,Completion
6471,20250605,1518,63,1,3,1,3,2246,658,2904,824,0.0211,0,4.6,Vision
6472,20250116,1515,53,2,1,2,3,633,2057,2690,226,0.0013,1,,Completion
6473,20250111,1903,47,1,7,5,1,345,1303,1648,976,0.0213,0,,Chat
6474,20250523,656,20,1,7,3,2,1539,1187,2726,707,0.0255,1,,Completion
6475,20250404,1542,57,1,3,2,3,1534,212,1746,1188,0.0109,1,,Completion
6476,20250418,1119,9,2,6,1,4,983,190,1173,120,0.0003,1,4.4,Chat
6477,20250111,1037,1,3,1,4,4,314,1697,2011,511,0.0264,1,,Embedding
6478,20250401,1131,63,3,2,4,3,462,658,1120,487,0.0113,1,,Vision
6479,20250625,1728,7,3,5,3,3,1811,349,2160,843,0.0107,1,,Embedding
6480,20250306,1406,71,5,2,3,2,678,95,773,273,0.0013,1,3.2,Completion
6481,20250215,1501,52,3,7,1,2,5082,294,5376,1168,0.0197,1,,Chat
6482,20250122,1646,40,6,1,4,3,169,161,330,419,0.0001,1,4.1,Completion
6483,20250215,1827,1,6,3,1,3,676,375,1051,165,0.0002,1,,Completion
6484,20250128,1940,45,1,6,2,2,498,1342,1840,957,0.0226,1,4.0,Completion
6485,20250330,1429,24,3,4,2,2,3524,3481,7005,710,0.0628,1,,Vision
6486,20250325,1308,20,3,1,1,3,1252,297,1549,475,0.0082,1,4.3,Chat
6487,20250224,1533,62,1,1,5,4,1136,821,1957,311,0.018,1,,Completion
6488,20250309,1340,18,1,5,3,2,3752,207,3959,653,0.0219,1,,Completion
6489,20250120,602,8,5,2,1,4,205,656,861,249,0.0035,1,,Chat
6490,20250528,2105,76,5,1,1,1,981,518,1499,174,0.0038,1,,Chat
6491,20250627,1204,11,2,1,4,3,343,133,476,345,0.0001,1,,Embedding
6492,20250116,1753,44,1,4,1,4,1996,274,2270,725,0.0141,1,,Embedding
6493,20250412,629,24,2,5,1,4,2187,109,2296,170,0.0004,1,3.3,Chat
6494,20250507,1458,31,3,2,2,2,1642,561,2203,397,0.0133,1,3.4,Chat
6495,20250507,1820,16,1,1,2,3,248,147,395,625,0.0034,1,4.2,Completion
6496,20250117,852,77,4,1,3,2,1998,121,2119,432,0.0007,1,3.6,Chat
6497,20250401,1811,8,1,6,2,4,4605,3614,8219,668,0.0772,1,,Vision
6498,20250118,957,74,3,1,1,4,1208,351,1559,488,0.0089,1,4.5,Chat
6499,20250516,1421,48,3,7,1,1,980,294,1274,594,0.0073,1,4.2,Chat
6500,20250501,1627,47,2,2,1,4,1573,84,1657,250,0.0003,0,,Chat
6501,20250109,1318,14,5,1,4,3,229,298,527,294,0.0018,1,,Chat
6502,20250516,1609,50,2,6,3,2,712,156,868,477,0.0002,1,4.3,Vision
6503,20250409,1756,72,3,1,2,4,2327,1563,3890,705,0.0304,1,,Completion
6504,20250322,1903,42,1,3,1,3,1417,602,2019,794,0.0161,1,4.1,Chat
6505,20250213,2025,78,6,1,2,2,2593,546,3139,330,0.0004,1,,Chat
6506,20250517,1656,30,5,1,6,3,1614,996,2610,256,0.007,1,4.8,Embedding
6507,20250527,1947,24,3,7,1,2,1887,1116,3003,964,0.0224,1,,Chat
6508,20250604,1652,80,2,4,1,2,1516,237,1753,426,0.0004,1,4.7,Chat
6509,20250509,1628,64,1,1,1,4,1519,1713,3232,1238,0.0333,1,,Chat
6510,20250212,936,75,3,2,3,3,599,4000,4599,747,0.0618,1,3.3,Completion
6511,20250605,1441,7,6,1,1,2,599,922,1521,535,0.0003,1,,Chat
6512,20250620,1125,50,2,3,4,2,609,245,854,351,0.0002,1,,Embedding
6513,20250405,1846,47,2,3,5,4,2860,633,3493,526,0.0008,1,,Completion
6514,20250618,1100,57,3,1,3,2,581,2430,3011,677,0.0382,1,3.2,Vision
6515,20250425,808,64,5,2,3,4,500,410,910,216,0.0027,1,,Completion
6516,20250219,948,29,4,1,4,2,551,133,684,342,0.0003,1,,Chat
6517,20250308,633,3,1,6,6,2,1466,985,2451,629,0.0221,1,,Chat
6518,20250311,1853,38,1,1,2,4,340,309,649,574,0.0063,1,,Embedding
6519,20250103,1630,4,2,1,2,2,809,2042,2851,201,0.0013,1,,Embedding
6520,20250206,845,5,1,3,4,1,8015,154,8169,805,0.0424,1,,Embedding
6521,20250625,1030,55,5,2,4,1,103,240,343,368,0.0013,1,,Chat
6522,20250425,909,77,3,1,4,2,2382,1242,3624,360,0.0258,1,,Chat
6523,20250614,1345,58,3,1,1,3,6483,1116,7599,590,0.0362,1,,Chat
6524,20250612,1535,2,5,1,3,1,358,851,1209,389,0.0047,1,,Chat
6525,20250601,1444,8,6,2,2,4,818,141,959,147,0.0001,1,,Chat
6526,20250515,1250,11,1,7,1,4,1227,1651,2878,859,0.0309,1,,Chat
6527,20250120,1408,58,2,2,1,1,1942,148,2090,385,0.0004,1,3.3,Chat
6528,20250518,1010,62,3,3,3,4,4627,594,5221,195,0.0228,1,,Chat
6529,20250320,1613,35,1,3,1,4,3009,390,3399,565,0.0209,1,4.1,Chat
6530,20250427,1328,66,6,1,2,1,117,44,161,407,0.0,1,4.0,Completion
6531,20250118,1034,65,1,2,1,2,8563,2212,10775,1006,0.076,1,,Chat
6532,20250326,1156,51,1,7,1,3,268,214,482,548,0.0046,1,,Chat
6533,20250428,441,78,1,2,2,2,832,496,1328,355,0.0116,1,4.9,Chat
6534,20250502,941,64,6,5,1,4,545,447,992,192,0.0002,1,3.6,Chat
6535,20250201,1558,11,3,6,1,2,1535,629,2164,501,0.014,1,,Chat
6536,20250627,800,15,1,2,1,4,7306,1095,8401,878,0.053,1,4.0,Embedding
6537,20250217,1340,37,2,6,1,2,573,501,1074,120,0.0004,1,,Chat
6538,20250419,919,25,1,5,1,4,603,390,993,449,0.0089,1,,Chat
6539,20250421,1540,58,5,4,1,3,715,1079,1794,522,0.0063,1,3.8,Embedding
6540,20250628,839,9,5,5,1,3,759,373,1132,278,0.0028,1,,Chat
6541,20250509,910,22,5,5,5,4,291,405,696,187,0.0024,1,,Completion
6542,20250225,1423,10,1,1,4,1,1047,688,1735,433,0.0156,1,,Chat
6543,20250315,1438,78,2,3,4,2,301,378,679,411,0.0003,1,,Chat
6544,20250426,1507,43,2,1,1,4,888,661,1549,142,0.0005,1,,Chat
6545,20250502,2010,33,5,1,4,2,257,697,954,353,0.0038,0,,Chat
6546,20250129,1031,64,1,5,5,1,3673,965,4638,1079,0.0328,1,,Completion
6547,20250218,1437,72,5,1,1,3,603,213,816,120,0.0018,1,,Chat
6548,20250324,1246,48,2,6,1,3,518,412,930,140,0.0003,1,,Chat
6549,20250409,1335,12,1,1,2,4,2383,1143,3526,226,0.0291,1,4.6,Chat
6550,20250627,1630,51,1,3,3,3,1046,504,1550,120,0.0128,1,4.9,Completion
6551,20250605,1936,44,3,3,2,3,1598,140,1738,735,0.0069,1,,Chat
6552,20250312,1526,24,1,5,4,2,4548,448,4996,652,0.0295,1,,Embedding
6553,20250413,1128,35,1,6,2,4,2435,285,2720,446,0.0164,1,3.4,Chat
6554,20250626,1325,4,1,5,2,3,393,2757,3150,1088,0.0433,1,,Vision
6555,20250411,1204,18,2,1,1,3,190,439,629,232,0.0003,1,3.8,Chat
6556,20250502,1822,15,3,7,6,3,609,1009,1618,675,0.017,1,,Chat
6557,20250620,1115,76,6,1,1,1,825,696,1521,288,0.0003,1,,Chat
6558,20250303,1412,47,1,2,2,1,559,1784,2343,887,0.0296,1,,Completion
6559,20250209,1252,16,1,3,4,2,1182,2306,3488,392,0.0405,1,,Completion
6560,20250115,1650,6,1,3,2,4,766,3258,4024,664,0.0527,1,3.5,Chat
6561,20250409,1902,63,5,4,1,4,335,114,449,257,0.001,1,,Chat
6562,20250315,1552,19,2,7,2,2,420,629,1049,259,0.0004,1,,Chat
6563,20250226,519,32,2,7,1,4,1093,155,1248,244,0.0003,1,3.9,Completion
6564,20250326,2024,58,6,4,1,1,3279,202,3481,336,0.0003,1,,Vision
6565,20250427,1114,10,6,3,1,2,513,197,710,120,0.0001,1,,Chat
6566,20250206,1418,74,5,1,4,3,862,186,1048,386,0.002,1,,Chat
6567,20250604,1231,46,1,6,2,4,708,992,1700,299,0.0184,1,4.5,Chat
6568,20250521,1702,80,1,3,2,3,895,1540,2435,943,0.0276,1,,Completion
6569,20250312,1622,11,3,2,2,2,594,183,777,323,0.0045,1,,Completion
6570,20250226,1831,60,2,5,1,4,589,198,787,267,0.0002,1,,Chat
6571,20250622,1822,63,1,7,1,2,2918,912,3830,795,0.0283,1,,Completion
6572,20250602,1412,30,5,6,2,2,872,398,1270,279,0.0031,1,4.8,Vision
6573,20250408,1744,45,2,1,4,2,920,156,1076,331,0.0002,1,,Embedding
6574,20250124,1423,62,5,1,2,4,1153,302,1455,359,0.003,1,4.2,Embedding
6575,20250328,1301,48,4,1,1,2,1276,224,1500,242,0.0006,1,4.2,Chat
6576,20250301,1628,10,4,4,1,2,493,2153,2646,335,0.0028,1,,Chat
6577,20250228,1452,59,3,4,1,1,3040,381,3421,859,0.0148,1,3.4,Chat
6578,20250628,1747,72,6,7,2,2,2055,227,2282,160,0.0002,1,,Chat
6579,20250519,1126,70,2,4,6,4,516,1362,1878,495,0.0009,1,,Completion
6580,20250528,1510,13,3,2,6,3,1352,431,1783,837,0.0105,1,,Completion
6581,20250320,2237,68,6,1,1,3,3318,868,4186,390,0.0005,1,,Chat
6582,20250202,1739,25,1,3,1,2,1277,298,1575,645,0.0109,1,,Embedding
6583,20250304,1546,11,4,1,3,1,179,290,469,199,0.0004,1,3.9,Chat
6584,20250119,1852,78,1,1,3,4,773,822,1595,490,0.0162,1,,Chat
6585,20250317,2053,50,5,5,6,2,143,494,637,154,0.0026,1,,Chat
6586,20250406,1159,54,2,2,5,2,800,410,1210,302,0.0004,1,,Chat
6587,20250220,1411,1,3,1,1,2,704,514,1218,657,0.0098,1,3.2,Chat
6588,20250121,1412,73,4,3,4,3,626,614,1240,289,0.0009,1,4.0,Chat
6589,20250615,1442,68,5,1,1,3,471,135,606,295,0.0013,1,3.5,Completion
6590,20250302,1847,19,2,6,1,3,991,164,1155,359,0.0002,1,,Completion
6591,20250609,1240,72,1,7,5,1,2737,423,3160,730,0.02,1,,Chat
6592,20250126,1100,47,1,5,3,1,818,135,953,766,0.0061,1,,Embedding
6593,20250314,1543,4,3,5,1,3,2051,781,2832,476,0.0179,1,,Completion
6594,20250621,1752,55,3,7,4,2,3614,284,3898,771,0.0151,1,,Chat
6595,20250205,1708,36,6,2,1,3,435,256,691,332,0.0001,1,,Completion
6596,20250614,743,23,1,2,1,4,451,235,686,241,0.0058,1,,Chat
6597,20250111,1837,48,1,1,1,3,183,833,1016,834,0.0134,1,,Embedding
6598,20250529,1256,37,6,3,1,4,364,402,766,280,0.0001,1,,Chat
6599,20250227,1847,50,6,2,2,3,62,151,213,335,0.0,1,,Chat
6600,20250516,1415,34,1,6,1,2,2841,771,3612,619,0.0258,1,,Chat
6601,20250127,1200,70,1,5,4,3,12000,2586,14586,762,0.0988,1,4.0,Chat
6602,20250516,1427,44,1,4,5,2,2294,1320,3614,745,0.0313,1,4.8,Completion
6603,20250120,1001,39,1,1,4,1,7978,760,8738,1108,0.0513,1,,Vision
6604,20250423,1428,44,1,6,1,4,1047,2241,3288,718,0.0388,1,,Chat
6605,20250319,1411,31,3,1,6,3,403,1126,1529,537,0.0181,1,,Chat
6606,20250107,1215,73,3,6,5,4,820,913,1733,300,0.0162,1,,Chat
6607,20250620,1355,51,2,7,1,4,1607,114,1721,296,0.0003,1,,Completion
6608,20250619,1145,55,2,4,1,4,462,1348,1810,120,0.0009,1,3.7,Vision
6609,20250427,1724,75,4,2,3,3,432,210,642,171,0.0004,1,,Completion
6610,20250216,1735,6,5,2,3,3,559,252,811,290,0.002,1,,Vision
6611,20250216,1321,70,4,2,6,2,109,217,326,367,0.0003,1,,Chat
6612,20250111,703,22,1,1,2,3,450,401,851,484,0.0083,1,,Chat
6613,20250120,1315,67,1,6,4,4,448,416,864,639,0.0085,1,,Chat
6614,20250210,1604,41,4,7,2,2,2039,264,2303,465,0.0008,1,,Vision
6615,20250527,1335,59,5,5,1,3,1402,1705,3107,293,0.0103,1,4.7,Chat
6616,20250429,836,63,4,1,1,2,721,196,917,253,0.0004,1,,Completion
6617,20250509,2134,32,1,1,1,2,394,800,1194,450,0.014,1,,Completion
6618,20250201,1235,63,2,1,4,4,1300,432,1732,257,0.0005,1,,Chat
6619,20250426,1157,50,3,1,3,1,1837,3048,4885,444,0.0512,1,4.9,Chat
6620,20250324,2104,54,3,4,1,4,4444,2210,6654,720,0.0465,1,5.0,Chat
6621,20250212,1850,35,5,6,4,3,268,187,455,355,0.0013,1,,Chat
6622,20250507,1551,68,1,3,2,4,1154,55,1209,550,0.0066,1,4.2,Chat
6623,20250610,930,44,5,1,3,2,1037,280,1317,218,0.0027,1,,Chat
6624,20250617,13,25,3,1,5,4,3782,1641,5423,1151,0.036,1,,Chat
6625,20250611,1731,5,1,7,1,3,619,258,877,869,0.007,1,3.6,Chat
6626,20250422,501,57,5,1,1,4,620,52,672,289,0.001,1,,Chat
6627,20250117,1737,31,2,2,1,2,855,733,1588,472,0.0006,1,,Chat
6628,20250122,1323,50,1,3,3,3,12000,736,12736,865,0.071,1,4.2,Completion
6629,20250328,1158,42,3,1,3,1,6763,1619,8382,984,0.0446,1,,Embedding
6630,20250514,1440,6,1,6,3,4,381,932,1313,263,0.0159,1,3.9,Chat
6631,20250121,1258,49,1,1,3,3,1621,4000,5621,722,0.0681,1,3.6,Embedding
6632,20250517,1401,23,1,2,1,3,1257,168,1425,669,0.0088,1,3.5,Completion
6633,20250319,1437,52,1,1,1,3,508,194,702,540,0.0054,1,,Chat
6634,20250606,1406,42,2,1,2,3,440,135,575,308,0.0001,1,,Completion
6635,20250423,1641,13,1,2,4,2,1512,352,1864,785,0.0128,1,,Completion
6636,20250205,1322,13,2,4,6,4,228,796,1024,314,0.0005,1,3.3,Completion
6637,20250629,1328,75,3,1,1,4,278,296,574,1109,0.0053,1,,Vision
6638,20250622,742,3,2,3,4,1,530,325,855,311,0.0003,1,,Completion
6639,20250319,850,54,4,4,5,3,778,78,856,289,0.0003,1,3.8,Completion
6640,20250422,1126,40,3,1,1,1,563,1330,1893,596,0.0216,1,,Completion
6641,20250509,1546,18,1,6,1,3,2223,2011,4234,375,0.0413,1,4.8,Completion
6642,20250508,1718,38,5,1,5,4,675,239,914,167,0.002,1,,Chat
6643,20250106,1641,70,1,2,2,3,532,984,1516,1088,0.0174,1,,Chat
6644,20250426,1752,18,2,3,1,1,2326,179,2505,354,0.0005,1,3.4,Chat
6645,20250514,932,45,1,7,3,4,1060,3147,4207,511,0.0525,1,,Chat
6646,20250407,1840,22,6,7,3,3,1659,823,2482,155,0.0004,1,,Chat
6647,20250512,1604,60,1,4,2,2,1145,1692,2837,273,0.0311,1,3.8,Embedding
6648,20250211,1508,44,1,7,3,3,1679,90,1769,448,0.0097,1,,Chat
6649,20250321,630,47,1,7,4,1,647,1014,1661,694,0.0184,1,,Chat
6650,20250517,1442,74,4,5,1,3,260,856,1116,278,0.0011,1,,Chat
6651,20250322,1452,5,4,4,1,2,1550,142,1692,302,0.0006,1,4.6,Chat
6652,20250203,1553,10,4,6,1,4,407,575,982,326,0.0008,1,,Chat
6653,20250423,1318,1,2,3,2,2,590,515,1105,357,0.0004,1,4.9,Chat
6654,20250530,1410,1,2,1,2,1,1822,578,2400,120,0.0006,1,,Chat
6655,20250610,834,77,5,1,4,3,1927,267,2194,296,0.0037,1,,Chat
6656,20250123,1849,3,1,1,1,4,1330,623,1953,452,0.016,1,,Vision
6657,20250429,1556,74,2,7,5,1,1127,202,1329,189,0.0003,1,,Completion
6658,20250105,27,80,2,1,2,4,611,184,795,349,0.0002,1,,Completion
6659,20250113,1351,3,3,2,5,2,452,952,1404,455,0.0156,1,,Chat
6660,20250622,2039,30,2,2,4,2,1038,261,1299,290,0.0003,1,,Chat
6661,20250119,1734,13,1,1,3,3,1613,4000,5613,908,0.0681,1,,Embedding
6662,20250528,1511,48,4,6,3,1,286,291,577,326,0.0004,1,4.9,Embedding
6663,20250416,1051,35,3,1,1,4,4882,238,5120,505,0.0182,1,,Chat
6664,20250429,1102,48,1,5,4,1,2818,280,3098,240,0.0183,1,3.2,Completion
6665,20250413,1820,56,1,6,2,2,858,218,1076,478,0.0076,1,,Chat
6666,20250111,2012,73,1,2,6,3,694,535,1229,548,0.0115,1,,Chat
6667,20250616,930,30,5,1,2,3,340,109,449,373,0.001,1,,Chat
6668,20250627,1414,79,3,4,2,2,12000,306,12306,454,0.0406,1,,Completion
6669,20250128,2011,78,1,6,1,3,3858,867,4725,396,0.0323,1,,Chat
6670,20250625,2005,28,4,1,5,2,623,229,852,392,0.0004,1,3.8,Chat
6671,20250212,1303,12,2,6,1,4,232,341,573,203,0.0002,1,3.8,Completion
6672,20250227,133,49,1,2,1,4,554,364,918,387,0.0082,1,3.8,Chat
6673,20250623,1603,25,2,6,3,2,330,496,826,159,0.0003,1,,Chat
6674,20250110,1733,62,1,5,3,4,373,65,438,931,0.0028,1,4.2,Vision
6675,20250227,1013,70,1,5,2,4,7761,1029,8790,829,0.0542,1,,Chat
6676,20250404,1828,46,2,6,1,2,736,367,1103,405,0.0003,1,3.3,Chat
6677,20250321,1454,57,1,2,2,3,646,1049,1695,169,0.019,1,,Chat
6678,20250331,1908,48,1,3,6,2,5117,1878,6995,913,0.0538,1,,Chat
6679,20250103,1304,33,4,5,2,2,604,116,720,451,0.0003,1,,Chat
6680,20250528,1252,37,3,5,2,4,1881,766,2647,345,0.0171,1,,Chat
6681,20250312,701,20,2,5,5,2,668,224,892,271,0.0002,1,3.3,Chat
6682,20250314,1812,75,3,7,1,2,1677,1237,2914,751,0.0236,1,4.5,Chat
6683,20250318,1207,74,1,1,4,3,491,773,1264,669,0.014,1,4.4,Chat
6684,20250609,1740,34,5,1,1,4,580,256,836,257,0.002,1,,Vision
6685,20250601,1045,1,1,1,1,1,5692,1776,7468,374,0.0551,1,,Completion
6686,20250417,1736,10,1,5,5,3,211,1534,1745,491,0.0241,1,3.7,Chat
6687,20250311,1547,61,3,2,2,3,194,192,386,756,0.0035,1,,Chat
6688,20250522,1111,63,1,6,1,4,578,2266,2844,1152,0.0369,1,,Completion
6689,20250512,1741,52,1,3,1,4,449,3214,3663,294,0.0505,1,,Chat
6690,20250218,1243,50,3,7,1,3,1414,3743,5157,857,0.0604,1,,Completion
6691,20250216,1220,79,1,1,5,2,520,1559,2079,528,0.026,1,,Chat
6692,20250211,1458,27,4,6,1,2,193,535,728,327,0.0007,1,,Chat
6693,20250619,946,31,2,1,2,2,1683,529,2212,352,0.0006,1,,Completion
6694,20250318,1202,57,6,1,2,2,781,348,1129,265,0.0002,1,4.6,Vision
6695,20250604,1430,80,5,5,1,3,2060,823,2883,164,0.0067,1,,Vision
6696,20250506,1728,21,5,3,1,1,1943,290,2233,329,0.0039,1,4.5,Chat
6697,20250122,1554,55,2,1,3,4,309,238,547,353,0.0002,0,3.3,Chat
6698,20250219,1224,22,5,2,1,2,1600,1001,2601,392,0.007,1,,Chat
6699,20250609,2159,73,5,5,2,4,612,383,995,311,0.0027,1,,Completion
6700,20250630,1325,77,1,2,6,2,2303,118,2421,696,0.0133,1,4.0,Vision
6701,20250413,824,23,2,7,2,1,279,615,894,260,0.0004,1,,Chat
6702,20250111,1603,64,4,1,3,2,545,845,1390,256,0.0012,1,,Vision
6703,20250122,651,18,5,7,1,1,814,52,866,137,0.0013,1,,Embedding
6704,20250428,1014,20,5,7,3,2,268,207,475,177,0.0014,1,,Chat
6705,20250421,831,19,1,3,1,4,6259,316,6575,142,0.036,1,,Embedding
6706,20250202,1201,15,3,1,1,3,434,259,693,811,0.0052,1,3.9,Embedding
6707,20250427,1230,65,5,2,1,2,235,482,717,392,0.0027,1,,Chat
6708,20250523,1651,64,3,7,3,1,115,208,323,660,0.0035,1,,Completion
6709,20250120,1337,73,3,1,3,3,965,236,1201,330,0.0064,1,,Completion
6710,20250118,2205,41,2,2,4,2,681,570,1251,280,0.0004,1,4.7,Chat
6711,20250503,1431,20,1,5,3,3,1258,207,1465,305,0.0094,1,,Chat
6712,20250610,1540,55,3,5,3,4,1616,1467,3083,817,0.0269,1,,Chat
6713,20250426,1028,54,4,5,6,2,1843,632,2475,347,0.0013,1,4.9,Embedding
6714,20250314,2202,31,2,1,3,3,4186,593,4779,335,0.001,0,,Completion
6715,20250308,1830,56,5,2,4,3,393,203,596,345,0.0015,1,,Chat
6716,20250228,1005,16,2,4,2,4,1133,377,1510,196,0.0004,1,,Chat
6717,20250607,1419,19,4,4,3,4,2152,354,2506,288,0.001,1,4.5,Embedding
6718,20250104,1525,67,1,3,1,2,2120,439,2559,729,0.0172,1,4.0,Chat
6719,20250225,943,52,3,5,3,4,602,318,920,756,0.0066,1,,Vision
6720,20250223,1409,38,2,1,6,4,589,594,1183,317,0.0004,1,,Chat
6721,20250314,1254,24,1,3,5,4,475,276,751,316,0.0065,1,,Chat
6722,20250515,1430,46,6,5,2,4,306,216,522,267,0.0001,1,3.5,Completion
6723,20250111,1847,40,2,5,1,2,1534,315,1849,404,0.0004,1,,Chat
6724,20250106,540,37,2,2,3,3,3602,595,4197,290,0.0009,1,,Embedding
6725,20250427,1021,3,2,6,6,3,448,554,1002,341,0.0004,1,,Chat
6726,20250523,1651,39,2,1,4,2,345,149,494,299,0.0001,1,,Chat
6727,20250404,1718,52,1,6,4,3,1343,2458,3801,657,0.0436,1,5.0,Completion
6728,20250420,1343,20,5,1,3,3,1216,931,2147,147,0.0062,1,4.5,Chat
6729,20250125,956,36,3,1,1,2,979,4000,4979,590,0.0629,1,,Completion
6730,20250403,1346,50,5,3,3,3,1160,757,1917,296,0.0052,1,,Chat
6731,20250627,1804,15,2,1,6,4,227,172,399,393,0.0001,1,4.4,Chat
6732,20250511,1430,23,4,2,6,2,213,107,320,200,0.0002,1,3.7,Chat
6733,20250228,1457,9,2,1,2,2,1012,249,1261,317,0.0003,1,4.2,Chat
6734,20250323,1246,30,2,4,2,4,2001,2890,4891,241,0.002,1,,Chat
6735,20250216,1559,11,1,1,1,1,1995,686,2681,798,0.0203,1,4.6,Completion
6736,20250131,1510,37,2,7,1,1,435,1011,1446,299,0.0007,1,,Completion
6737,20250112,1253,53,6,1,2,2,5996,299,6295,304,0.0005,1,,Completion
6738,20250131,1440,10,3,2,1,1,1176,921,2097,457,0.0173,1,3.3,Completion
6739,20250208,1629,33,5,6,1,4,136,109,245,458,0.0007,1,,Completion
6740,20250204,855,46,1,1,5,2,188,186,374,1045,0.0037,1,,Chat
6741,20250107,645,80,2,7,1,4,281,95,376,253,0.0001,1,,Completion
6742,20250405,1253,65,1,1,3,1,828,3509,4337,377,0.0568,1,,Chat
6743,20250128,1308,14,1,1,1,3,1879,237,2116,760,0.0129,1,3.7,Chat
6744,20250405,1217,41,6,2,2,2,931,301,1232,120,0.0002,1,5.0,Completion
6745,20250217,1954,43,5,7,3,3,4287,284,4571,192,0.0068,1,,Completion
6746,20250314,2055,38,1,1,2,3,8869,512,9381,600,0.052,1,,Completion
6747,20250420,1302,12,3,1,5,3,250,456,706,1040,0.0076,1,,Chat
6748,20250124,1312,56,3,1,3,3,473,964,1437,498,0.0159,1,3.4,Embedding
6749,20250201,1351,19,1,2,3,4,376,224,600,817,0.0052,1,4.0,Completion
6750,20250625,1420,60,3,2,1,3,616,674,1290,511,0.012,1,3.9,Embedding
6751,20250417,1019,64,2,7,1,3,1896,642,2538,277,0.0007,1,,Completion
6752,20250608,1453,48,1,1,1,3,1328,955,2283,468,0.021,1,,Completion
6753,20250531,1720,4,3,1,3,4,1907,468,2375,539,0.0127,1,,Chat
6754,20250204,1746,52,2,6,4,2,580,182,762,242,0.0002,1,,Chat
6755,20250303,1714,5,1,6,1,3,267,429,696,893,0.0078,1,,Chat
6756,20250617,1335,71,2,2,3,3,850,831,1681,367,0.0006,1,,Chat
6757,20250619,1204,80,6,1,2,4,591,712,1303,372,0.0003,1,,Embedding
6758,20250328,1322,68,3,2,1,2,1269,776,2045,960,0.0154,1,,Chat
6759,20250423,1851,12,6,1,6,3,1241,132,1373,253,0.0001,1,,Chat
6760,20250327,1356,6,3,7,4,4,5532,479,6011,935,0.0238,1,,Vision
6761,20250314,1131,63,3,1,2,2,819,950,1769,1006,0.0167,1,,Chat
6762,20250510,1325,24,3,2,2,4,103,136,239,717,0.0023,1,,Completion
6763,20250404,808,9,4,6,1,3,305,333,638,120,0.0005,1,3.4,Chat
6764,20250107,1222,30,6,2,4,2,233,92,325,201,0.0,1,,Chat
6765,20250215,929,72,2,1,2,2,1014,913,1927,244,0.0007,1,,Vision
6766,20250624,1109,19,5,6,1,1,458,128,586,153,0.0012,1,,Chat
6767,20250303,707,63,2,2,3,2,201,1322,1523,212,0.0008,1,,Vision
6768,20250610,210,75,4,1,1,3,392,85,477,285,0.0002,1,,Embedding
6769,20250608,1323,79,2,3,2,3,699,319,1018,243,0.0003,1,3.2,Chat
6770,20250219,821,55,5,3,4,3,621,785,1406,457,0.0047,1,3.6,Completion
6771,20250430,1346,32,2,2,4,2,591,505,1096,426,0.0004,1,,Chat
6772,20250422,1201,9,1,2,1,3,2677,275,2952,725,0.0175,1,3.3,Completion
6773,20250321,1721,11,1,1,3,3,368,365,733,867,0.0073,1,3.4,Completion
6774,20250526,1608,48,1,1,1,2,3774,1347,5121,572,0.0391,1,,Embedding
6775,20250317,2243,14,1,4,2,2,1535,33,1568,585,0.0082,1,4.7,Completion
6776,20250324,1212,37,3,1,1,3,2966,392,3358,900,0.0148,1,,Completion
6777,20250628,1600,35,4,6,2,4,270,293,563,203,0.0004,1,,Embedding
6778,20250519,1446,55,1,3,2,2,613,645,1258,588,0.0127,1,3.5,Vision
6779,20250314,1316,60,4,3,1,3,4212,243,4455,960,0.0014,1,3.8,Completion
6780,20250417,1819,21,1,1,6,2,3670,91,3761,490,0.0197,1,3.5,Chat
6781,20250226,1532,5,3,5,3,2,2262,599,2861,654,0.0158,1,4.1,Completion
6782,20250323,1012,20,6,3,1,4,76,1885,1961,185,0.0006,1,,Chat
6783,20250521,1416,37,1,4,4,1,1142,1411,2553,676,0.0269,1,3.7,Embedding
6784,20250509,1423,30,4,2,2,2,62,162,224,352,0.0002,1,4.1,Vision
6785,20250226,1659,8,3,5,4,3,517,134,651,678,0.0036,1,,Vision
6786,20250327,213,72,1,3,1,4,424,3203,3627,978,0.0502,1,,Embedding
6787,20250517,1552,7,1,6,4,2,1821,94,1915,481,0.0105,1,,Embedding
6788,20250418,1208,58,5,1,4,2,348,245,593,407,0.0017,1,4.6,Chat
6789,20250513,1140,77,5,1,1,3,489,619,1108,140,0.0037,1,3.4,Chat
6790,20250424,1018,8,6,1,2,1,342,346,688,246,0.0001,1,,Completion
6791,20250307,1233,46,3,4,2,4,688,217,905,788,0.0053,1,3.6,Vision
6792,20250326,1233,53,3,1,2,2,2487,209,2696,498,0.0106,1,4.7,Completion
6793,20250607,1313,31,6,2,1,4,592,627,1219,237,0.0002,1,,Completion
6794,20250206,1600,73,1,4,2,2,1948,543,2491,433,0.0179,1,,Chat
6795,20250415,1711,12,1,6,1,3,530,589,1119,637,0.0115,1,,Chat
6796,20250223,1359,24,2,2,2,1,468,164,632,121,0.0002,1,,Completion
6797,20250505,1900,5,2,2,5,1,427,296,723,266,0.0002,1,,Chat
6798,20250211,1808,66,3,1,1,4,9257,700,9957,614,0.0383,1,3.8,Chat
6799,20250501,932,65,3,6,2,4,316,111,427,468,0.0026,1,,Chat
6800,20250423,529,52,1,2,2,4,3939,899,4838,592,0.0332,1,,Embedding
6801,20250206,1835,61,5,5,2,4,253,164,417,120,0.0011,1,4.0,Chat
6802,20250109,1705,48,6,6,2,3,0,0,0,378,0.0,1,,Chat
6803,20250429,1959,79,1,1,3,2,1300,866,2166,444,0.0195,1,,Chat
6804,20250321,2019,51,2,2,3,3,572,353,925,240,0.0003,1,,Chat
6805,20250312,1807,73,2,7,1,3,796,630,1426,314,0.0005,1,4.1,Completion
6806,20250531,1348,8,3,5,5,3,3392,835,4227,431,0.0227,1,4.3,Chat
6807,20250203,1052,46,4,5,1,4,760,714,1474,440,0.0011,1,,Completion
6808,20250324,601,18,1,1,6,2,1374,958,2332,717,0.0212,1,,Chat
6809,20250415,1803,61,3,4,2,2,2579,235,2814,419,0.0113,1,,Chat
6810,20250614,1521,15,1,1,4,1,3606,689,4295,291,0.0284,1,,Chat
6811,20250330,933,66,2,1,3,3,1239,245,1484,291,0.0003,1,,Vision
6812,20250516,1833,80,1,4,1,3,402,406,808,531,0.0081,1,,Completion
6813,20250102,1527,41,4,1,6,3,1333,93,1426,279,0.0004,1,4.3,Completion
6814,20250622,1742,2,2,7,2,3,125,312,437,160,0.0002,1,,Completion
6815,20250211,1136,36,1,7,1,1,109,2259,2368,569,0.0344,1,,Completion
6816,20250518,1024,27,2,2,4,3,893,136,1029,168,0.0002,1,,Chat
6817,20250427,2054,58,6,2,3,1,3387,199,3586,384,0.0003,1,,Chat
6818,20250511,1508,71,2,6,6,4,186,150,336,432,0.0001,1,,Chat
6819,20250514,859,16,1,1,3,2,12000,349,12349,1009,0.0652,1,,Embedding
6820,20250129,1225,31,1,6,2,4,2980,2264,5244,966,0.0489,1,,Chat
6821,20250619,1137,8,2,6,3,3,307,308,615,152,0.0002,1,4.3,Chat
6822,20250109,1440,77,1,1,1,2,589,1683,2272,520,0.0282,1,,Embedding
6823,20250522,712,5,3,7,5,3,5436,716,6152,656,0.027,1,4.4,Chat
6824,20250301,1840,65,4,1,6,1,1457,172,1629,235,0.0006,1,,Chat
6825,20250207,940,13,1,4,1,3,0,0,0,739,0.0,1,,Chat
6826,20250218,1750,25,5,4,1,3,2107,637,2744,364,0.0058,1,,Vision
6827,20250414,515,48,5,1,3,3,504,749,1253,165,0.0044,1,3.4,Embedding
6828,20250104,1451,66,5,4,1,4,1061,481,1542,316,0.0037,1,4.7,Chat
6829,20250531,1615,66,5,3,1,4,782,95,877,2632,0.0015,1,4.9,Chat
6830,20250624,1531,62,3,5,1,3,314,2232,2546,771,0.0344,1,,Chat
6831,20250328,828,56,1,1,1,2,591,352,943,521,0.0082,1,,Chat
6832,20250623,1508,8,4,6,2,4,276,861,1137,382,0.0011,1,4.8,Chat
6833,20250314,1620,50,1,6,5,4,1400,1466,2866,587,0.029,1,,Chat
6834,20250306,1122,35,4,1,1,1,1941,432,2373,212,0.001,1,4.3,Embedding
6835,20250621,1230,66,2,5,1,2,342,1842,2184,280,0.0012,1,,Chat
6836,20250408,1428,32,6,4,1,3,1272,117,1389,387,0.0001,1,4.2,Embedding
6837,20250508,1103,9,1,1,1,3,8349,447,8796,886,0.0485,1,,Chat
6838,20250204,416,45,3,1,1,2,413,455,868,187,0.0081,1,,Embedding
6839,20250414,1605,14,5,3,1,1,881,142,1023,278,0.0018,1,,Chat
6840,20250117,1742,24,4,5,1,3,100,111,211,247,0.0002,1,4.3,Completion
6841,20250410,1430,74,1,4,1,3,1263,1400,2663,758,0.0273,1,,Completion
6842,20250127,1627,25,2,3,1,3,190,373,563,249,0.0003,1,,Vision
6843,20250528,1901,40,4,1,1,2,778,187,965,363,0.0004,1,,Vision
6844,20250514,1636,38,2,2,1,2,317,245,562,247,0.0002,1,3.5,Completion
6845,20250325,1858,13,4,3,1,4,798,612,1410,231,0.001,1,,Chat
6846,20250306,1512,26,3,4,3,2,4931,427,5358,676,0.0212,1,3.5,Embedding
6847,20250118,828,19,3,1,1,4,622,438,1060,408,0.0084,1,,Chat
6848,20250627,1940,27,3,5,6,2,579,1270,1849,692,0.0208,1,,Chat
6849,20250607,1458,75,3,2,5,4,5920,70,5990,605,0.0188,1,,Completion
6850,20250526,928,50,5,1,1,1,113,119,232,281,0.0007,1,,Chat
6851,20250110,1129,33,3,5,1,4,3283,491,3774,576,0.0172,1,,Chat
6852,20250629,1213,58,3,6,4,3,1213,404,1617,456,0.0097,1,,Vision
6853,20250625,1735,44,6,3,3,3,379,238,617,322,0.0001,1,,Chat
6854,20250619,1540,18,2,4,1,2,297,627,924,332,0.0004,1,,Embedding
6855,20250109,1456,21,5,2,2,3,451,233,684,260,0.0017,1,3.8,Chat
6856,20250528,927,71,4,5,3,3,642,705,1347,365,0.001,1,4.5,Vision
6857,20250426,1244,53,5,1,1,3,1733,1669,3402,249,0.0105,1,,Completion
6858,20250226,1640,48,6,7,3,4,86,113,199,288,0.0,1,,Chat
6859,20250215,903,52,2,1,2,4,4168,549,4717,374,0.001,1,,Embedding
6860,20250104,1352,59,5,2,1,4,269,212,481,304,0.0014,1,,Vision
6861,20250601,1109,30,2,2,2,2,1216,604,1820,280,0.0005,1,,Chat
6862,20250424,626,44,2,5,1,3,3112,275,3387,545,0.0006,1,,Chat
6863,20250625,1620,42,5,6,1,2,550,483,1033,120,0.0031,1,4.5,Chat
6864,20250516,1829,27,2,4,1,4,6702,55,6757,251,0.001,1,,Embedding
6865,20250608,1341,46,2,6,3,2,1462,1978,3440,317,0.0014,1,3.6,Chat
6866,20250104,2206,76,3,7,1,2,1588,924,2512,724,0.0186,1,3.9,Chat
6867,20250531,1851,67,6,4,6,3,454,662,1116,159,0.0002,1,4.4,Embedding
6868,20250627,1244,64,4,5,1,3,375,355,730,249,0.0005,1,,Chat
6869,20250522,1856,48,5,5,1,1,301,75,376,146,0.0008,1,,Chat
6870,20250521,1741,15,3,7,1,2,507,878,1385,582,0.0147,1,4.5,Chat
6871,20250305,1719,25,3,2,3,4,1063,4000,5063,1081,0.0632,1,,Vision
6872,20250522,1246,32,4,3,3,3,442,4000,4442,174,0.0051,1,4.9,Chat
6873,20250116,1320,68,3,2,3,2,1369,600,1969,254,0.0131,1,,Completion
6874,20250509,1504,73,5,3,2,3,277,1119,1396,137,0.0059,1,,Chat
6875,20250414,1419,36,6,2,1,2,90,52,142,197,0.0,1,,Chat
6876,20250313,1151,5,1,1,1,2,5800,579,6379,944,0.0377,1,4.7,Chat
6877,20250128,1238,79,3,7,5,3,2455,302,2757,469,0.0119,1,4.3,Chat
6878,20250303,632,74,1,4,2,3,1873,771,2644,826,0.0209,1,4.0,Chat
6879,20250311,1437,2,1,1,6,2,10159,711,10870,875,0.0615,1,,Completion
6880,20250225,1206,58,3,2,4,3,539,1190,1729,629,0.0195,1,3.5,Completion
6881,20250405,1731,41,6,7,1,4,913,168,1081,385,0.0001,1,4.2,Chat
6882,20250420,1039,66,1,1,1,3,2503,2033,4536,562,0.043,1,,Completion
6883,20250121,1844,40,2,1,2,3,951,681,1632,197,0.0006,1,5.0,Chat
6884,20250331,1444,33,1,6,2,3,327,3058,3385,191,0.0475,1,,Completion
6885,20250221,1246,45,3,4,3,4,527,1142,1669,1087,0.0187,1,3.6,Chat
6886,20250111,1643,28,2,1,4,4,9558,102,9660,152,0.0015,1,,Chat
6887,20250402,1004,52,3,6,4,2,1512,226,1738,478,0.0079,1,,Chat
6888,20250305,1646,42,2,4,2,4,218,126,344,240,0.0001,1,,Chat
6889,20250617,1245,4,3,3,2,3,3677,255,3932,486,0.0149,1,,Chat
6890,20250205,1658,21,5,2,2,4,1368,1112,2480,325,0.0073,1,,Vision
6891,20250117,1412,72,6,1,6,1,1116,263,1379,253,0.0002,1,,Chat
6892,20250209,619,46,3,5,2,1,3272,735,4007,826,0.0208,1,3.5,Chat
6893,20250630,255,15,3,1,1,1,1277,266,1543,991,0.0078,1,,Completion
6894,20250317,1601,34,2,3,2,2,821,228,1049,318,0.0003,1,,Completion
6895,20250505,1045,21,3,1,1,2,1212,347,1559,1165,0.0088,1,3.2,Chat
6896,20250103,1911,31,2,2,1,2,1731,93,1824,364,0.0003,1,,Chat
6897,20250113,1419,21,3,2,1,2,4552,817,5369,648,0.0259,1,3.7,Chat
6898,20250509,1420,38,1,6,1,2,220,290,510,734,0.0054,1,3.9,Chat
6899,20250516,1820,3,2,3,1,3,405,319,724,123,0.0003,1,,Completion
6900,20250409,1938,21,5,2,1,3,1812,574,2386,319,0.0051,1,,Chat
6901,20250107,2036,18,1,1,1,4,598,252,850,891,0.0068,1,,Embedding
6902,20250514,1748,61,1,2,1,3,406,363,769,1034,0.0075,1,4.5,Chat
6903,20250526,1516,23,3,2,1,3,2942,200,3142,799,0.0118,1,,Chat
6904,20250503,822,60,3,1,2,1,184,1200,1384,976,0.0186,1,,Chat
6905,20250201,1222,66,3,7,5,4,775,3057,3832,605,0.0482,1,,Chat
6906,20250214,1301,15,1,7,3,3,7287,430,7717,501,0.0429,1,,Vision
6907,20250621,1719,8,3,7,3,3,657,524,1181,349,0.0098,1,4.3,Chat
6908,20250103,1412,43,6,6,2,3,707,752,1459,364,0.0003,1,4.9,Completion
6909,20250523,1608,39,1,6,2,1,1986,561,2547,788,0.0183,1,,Completion
6910,20250521,919,30,2,1,4,3,80,886,966,346,0.0005,1,3.9,Chat
6911,20250418,1354,63,4,1,1,3,1749,177,1926,210,0.0007,1,,Chat
6912,20250630,1010,27,1,1,4,3,2362,133,2495,475,0.0138,1,,Chat
6913,20250228,1523,68,2,2,1,3,225,188,413,120,0.0001,1,,Completion
6914,20250613,1653,61,1,1,2,1,673,211,884,355,0.0065,1,3.4,Chat
6915,20250217,1207,18,1,5,1,3,275,3809,4084,120,0.0585,1,4.5,Embedding
6916,20250515,1232,18,1,1,3,3,1490,288,1778,698,0.0118,1,,Chat
6917,20250612,1022,8,1,1,3,2,6186,207,6393,120,0.034,1,,Completion
6918,20250530,858,50,1,6,1,4,1971,538,2509,821,0.0179,1,,Completion
6919,20250620,1640,25,2,1,1,3,375,217,592,242,0.0002,1,3.9,Chat
6920,20250211,2154,61,1,3,3,4,2672,3630,6302,841,0.0678,1,,Vision
6921,20250423,1347,12,5,1,3,2,265,392,657,274,0.0023,1,,Completion
6922,20250123,1337,78,3,1,6,3,1086,85,1171,936,0.0045,0,,Completion
6923,20250426,1349,17,3,6,1,2,325,951,1276,455,0.0152,1,4.7,Embedding
6924,20250409,1649,29,1,1,1,3,3234,1585,4819,613,0.0399,1,,Vision
6925,20250304,1235,7,1,6,1,3,716,302,1018,646,0.0081,1,,Chat
6926,20250529,1301,34,1,4,5,2,586,203,789,625,0.006,1,,Chat
6927,20250119,1238,29,1,3,2,1,427,1324,1751,1053,0.022,1,3.3,Chat
6928,20250513,1731,37,2,1,4,3,347,316,663,430,0.0002,1,,Embedding
6929,20250316,938,62,1,6,1,4,2929,152,3081,1033,0.0169,1,4.7,Chat
6930,20250305,1225,62,1,1,1,2,12000,3107,15107,625,0.1066,1,3.8,Chat
6931,20250212,1124,60,1,6,3,3,1627,507,2134,558,0.0157,1,,Completion
6932,20250214,745,44,1,3,1,3,800,209,1009,775,0.0071,1,,Chat
6933,20250623,1734,34,2,3,5,2,1295,441,1736,196,0.0005,1,3.7,Completion
6934,20250206,1424,33,3,3,5,2,2959,344,3303,677,0.014,1,,Chat
6935,20250306,1307,1,1,6,1,3,7061,1351,8412,788,0.0556,1,,Vision
6936,20250118,738,2,2,6,5,3,777,289,1066,263,0.0003,1,,Completion
6937,20250414,747,56,1,2,2,3,451,564,1015,903,0.0107,1,4.1,Chat
6938,20250127,1129,60,4,5,2,1,464,1501,1965,250,0.002,1,,Chat
6939,20250120,1316,26,5,1,1,1,599,105,704,336,0.0013,1,,Completion
6940,20250527,1127,63,1,1,2,2,1299,917,2216,1091,0.0203,1,,Chat
6941,20250429,854,35,1,1,1,2,3181,1373,4554,504,0.0365,1,,Completion
6942,20250425,1635,32,1,4,2,2,6928,290,7218,704,0.039,1,,Chat
6943,20250508,1549,64,6,6,6,4,1075,635,1710,296,0.0003,1,,Completion
6944,20250412,1650,4,4,1,3,4,292,379,671,233,0.0005,1,,Chat
6945,20250123,922,16,5,5,3,3,420,415,835,322,0.0026,1,,Vision
6946,20250201,840,72,5,1,4,3,286,611,897,329,0.0034,1,4.4,Chat
6947,20250523,1715,26,4,2,2,3,2277,521,2798,239,0.0012,1,,Chat
6948,20250622,1457,21,3,2,2,3,7043,4000,11043,755,0.0811,1,,Embedding
6949,20250626,1653,25,1,1,1,4,2767,615,3382,914,0.0231,1,,Embedding
6950,20250119,1849,9,1,5,1,4,1909,444,2353,304,0.0162,1,,Vision
6951,20250614,1619,59,1,2,1,3,1657,298,1955,392,0.0128,1,,Chat
6952,20250218,1632,62,2,3,1,4,157,426,583,362,0.0003,1,4.1,Chat
6953,20250419,1646,62,1,6,1,2,906,183,1089,783,0.0073,1,,Completion
6954,20250221,1815,46,1,3,4,2,755,974,1729,1009,0.0184,1,,Chat
6955,20250107,1512,52,1,2,3,2,900,1617,2517,482,0.0288,1,,Chat
6956,20250321,805,35,3,1,2,2,3017,409,3426,577,0.0152,1,,Chat
6957,20250115,1139,18,5,3,2,2,434,1088,1522,442,0.006,1,,Chat
6958,20250402,2121,59,5,1,1,3,1774,490,2264,139,0.0047,1,,Chat
6959,20250112,1352,59,4,1,2,3,4633,228,4861,428,0.0014,1,,Completion
6960,20250131,1425,13,3,7,2,2,92,1105,1197,938,0.0169,1,,Chat
6961,20250425,1335,18,1,1,1,2,4596,123,4719,334,0.0248,1,,Chat
6962,20250122,1438,37,5,3,2,3,1021,1046,2067,342,0.0065,1,4.2,Embedding
6963,20250403,931,4,5,1,2,2,805,550,1355,120,0.0038,1,4.4,Chat
6964,20250220,1333,45,3,3,2,3,957,323,1280,763,0.0077,1,3.9,Completion
6965,20250302,906,52,1,2,2,3,2032,1024,3056,896,0.0255,1,,Chat
6966,20250501,946,66,3,3,2,2,297,784,1081,584,0.0127,1,,Completion
6967,20250409,134,47,4,2,2,4,1004,347,1351,263,0.0007,1,4.9,Chat
6968,20250408,954,16,4,4,2,2,1104,308,1412,272,0.0007,1,,Completion
6969,20250514,1401,35,2,2,6,2,811,75,886,362,0.0002,1,3.4,Chat
6970,20250201,1047,39,2,6,3,4,587,985,1572,454,0.0007,1,4.8,Chat
6971,20250514,701,71,1,3,6,3,1380,779,2159,307,0.0186,1,3.4,Embedding
6972,20250216,1728,69,4,2,6,3,738,389,1127,190,0.0007,1,,Chat
6973,20250121,1555,80,4,1,1,4,1414,368,1782,229,0.0008,1,,Completion
6974,20250116,1238,69,5,7,1,4,811,344,1155,368,0.0027,1,,Completion
6975,20250205,1247,32,4,4,3,3,222,448,670,233,0.0006,1,,Vision
6976,20250121,1748,7,2,2,1,4,669,576,1245,180,0.0004,1,,Chat
6977,20250213,1411,60,1,5,1,3,665,188,853,454,0.0061,1,3.3,Chat
6978,20250526,1108,71,3,1,2,2,4650,349,4999,360,0.0192,1,5.0,Embedding
6979,20250422,1437,38,1,4,2,2,1379,377,1756,613,0.0125,1,,Chat
6980,20250419,1757,76,4,2,1,3,1216,542,1758,163,0.001,1,,Completion
6981,20250223,132,27,5,2,1,2,1713,512,2225,165,0.0047,1,,Chat
6982,20250115,1740,61,3,7,1,4,811,500,1311,267,0.0099,1,,Completion
6983,20250119,918,26,2,4,6,4,987,776,1763,347,0.0006,1,,Completion
6984,20250124,1635,71,1,1,1,2,1255,408,1663,715,0.0124,1,4.3,Completion
6985,20250210,1715,44,5,6,1,1,668,924,1592,258,0.0055,1,,Completion
6986,20250427,1045,49,2,2,6,3,658,361,1019,271,0.0003,1,4.8,Completion
6987,20250302,1906,3,2,6,3,1,1373,97,1470,430,0.0003,1,,Chat
6988,20250226,336,30,5,3,3,2,4609,258,4867,261,0.0071,1,,Embedding
6989,20250607,1300,6,6,4,4,2,940,330,1270,266,0.0002,1,,Chat
6990,20250327,1938,39,2,5,3,3,1106,146,1252,352,0.0003,1,4.8,Completion
6991,20250601,1604,74,4,2,5,4,407,647,1054,264,0.0009,1,,Chat
6992,20250412,1304,45,3,1,3,1,1044,59,1103,530,0.004,1,,Chat
6993,20250110,1627,39,2,1,2,2,651,110,761,374,0.0002,1,,Chat
6994,20250521,1226,26,1,5,1,4,394,4000,4394,410,0.062,1,,Chat
6995,20250127,1734,17,1,2,4,2,620,684,1304,444,0.0134,1,4.6,Completion
6996,20250221,946,18,5,1,5,3,1064,466,1530,392,0.0037,1,,Completion
6997,20250326,1326,4,2,7,1,3,4906,414,5320,335,0.001,1,4.0,Embedding
6998,20250215,839,46,5,1,2,4,382,513,895,271,0.003,1,,Completion
6999,20250219,1425,5,3,1,1,4,591,675,1266,5408,0.0119,1,,Embedding
7000,20250128,900,43,3,7,5,4,2546,119,2665,691,0.0094,1,4.2,Completion
7001,20250412,2117,22,1,4,4,3,2645,1142,3787,445,0.0304,1,3.4,Embedding
7002,20250309,2105,43,2,1,1,3,2296,161,2457,233,0.0004,1,,Chat
7003,20250208,1941,37,3,1,1,3,8071,181,8252,421,0.0269,1,,Completion
7004,20250420,1320,40,3,1,5,3,152,612,764,919,0.0096,1,,Chat
7005,20250108,850,51,5,2,5,1,745,201,946,440,0.0019,1,,Completion
7006,20250523,1153,62,3,6,3,4,6118,341,6459,825,0.0235,1,4.4,Embedding
7007,20250522,1508,67,1,5,3,2,1166,284,1450,723,0.0101,1,,Completion
7008,20250619,1209,5,3,6,1,2,671,2438,3109,774,0.0386,1,4.4,Completion
7009,20250621,1626,21,3,4,2,1,905,504,1409,593,0.0103,1,,Chat
7010,20250531,1537,1,3,6,1,2,2544,584,3128,469,0.0164,1,,Chat
7011,20250131,1741,32,2,1,2,2,685,97,782,120,0.0002,1,4.9,Chat
7012,20250422,1541,12,4,3,2,3,315,476,791,203,0.0007,1,,Chat
7013,20250228,1458,31,3,1,5,2,917,3179,4096,866,0.0504,1,,Vision
7014,20250319,1938,41,2,1,1,3,679,664,1343,288,0.0005,1,,Chat
7015,20250607,1916,38,1,7,1,3,1245,159,1404,195,0.0086,1,4.3,Chat
7016,20250225,2004,70,1,7,1,4,2161,1009,3170,988,0.0259,1,3.4,Completion
7017,20250127,758,75,1,2,2,1,935,480,1415,818,0.0119,1,,Chat
7018,20250512,1143,49,1,2,2,3,402,190,592,911,0.0049,1,4.8,Chat
7019,20250114,1121,5,4,6,3,2,404,566,970,211,0.0008,1,,Vision
7020,20250213,730,65,2,1,1,4,160,314,474,328,0.0002,1,3.7,Chat
7021,20250314,1351,56,3,3,1,2,2059,130,2189,298,0.0081,1,,Completion
7022,20250507,2319,42,3,1,1,3,4595,1249,5844,499,0.0325,1,,Chat
7023,20250220,1314,75,6,1,5,2,664,1009,1673,319,0.0004,1,,Chat
7024,20250601,1616,51,6,3,1,3,571,647,1218,309,0.0002,1,,Chat
7025,20250610,1452,78,3,5,3,1,637,540,1177,404,0.01,1,,Chat
7026,20250402,1353,57,3,2,1,3,1463,61,1524,597,0.0053,1,3.8,Chat
7027,20250625,927,28,1,2,2,2,2205,1102,3307,553,0.0276,1,,Completion
7028,20250508,1608,24,5,3,5,3,1132,271,1403,430,0.0028,1,4.1,Completion
7029,20250315,1133,80,3,5,2,1,5833,485,6318,458,0.0248,1,3.6,Chat
7030,20250108,1204,56,4,6,3,4,247,643,890,122,0.0009,1,3.4,Vision
7031,20250528,1916,10,4,3,2,3,286,672,958,282,0.0009,1,4.3,Vision
7032,20250427,1552,59,3,1,1,3,742,841,1583,680,0.0148,1,,Chat
7033,20250305,823,42,5,1,2,4,279,208,487,206,0.0014,1,,Embedding
7034,20250325,1950,8,1,2,2,3,1348,287,1635,538,0.011,1,4.0,Chat
7035,20250608,1104,52,6,4,1,2,513,132,645,200,0.0001,1,,Completion
7036,20250425,1745,22,1,4,1,3,1612,520,2132,650,0.0159,1,,Chat
7037,20250417,1359,8,1,1,1,3,1086,983,2069,750,0.0202,1,,Chat
7038,20250417,741,73,6,5,1,1,590,91,681,342,0.0001,1,,Completion
7039,20250426,1726,75,3,1,2,2,727,538,1265,169,0.0103,1,,Chat
7040,20250416,1715,23,1,4,3,3,2723,1794,4517,988,0.0405,1,,Chat
7041,20250423,931,6,3,6,1,4,3255,2453,5708,309,0.0466,1,4.9,Vision
7042,20250510,1309,54,4,6,6,4,479,683,1162,120,0.001,1,3.5,Chat
7043,20250317,2143,60,1,2,1,3,1196,1436,2632,636,0.0275,1,,Chat
7044,20250520,1543,62,2,3,3,2,82,238,320,363,0.0002,1,3.4,Chat
7045,20250326,1534,8,4,1,3,2,152,348,500,199,0.0005,1,,Completion
7046,20250606,1057,48,2,1,5,2,169,558,727,389,0.0004,1,,Completion
7047,20250216,2234,28,5,2,3,1,176,634,810,361,0.0034,1,4.7,Chat
7048,20250123,1153,62,3,1,4,3,535,214,749,530,0.0048,0,3.5,Vision
7049,20250526,1444,33,5,1,1,2,2262,845,3107,121,0.0071,1,,Completion
7050,20250301,1022,70,3,6,1,2,4913,300,5213,637,0.0192,1,,Chat
7051,20250125,713,68,3,4,2,3,4243,97,4340,276,0.0142,1,,Chat
7052,20250415,1851,79,1,4,4,3,9136,456,9592,639,0.0525,1,,Chat
7053,20250304,1722,32,2,1,2,4,863,240,1103,232,0.0003,1,4.1,Embedding
7054,20250623,756,52,4,6,1,2,820,305,1125,237,0.0006,1,,Chat
7055,20250510,920,75,2,1,4,4,295,558,853,366,0.0004,1,,Chat
7056,20250419,1250,34,3,1,2,3,869,267,1136,863,0.0066,1,,Chat
7057,20250203,1404,10,1,6,1,2,1935,846,2781,579,0.0224,1,,Embedding
7058,20250623,928,54,1,1,1,4,494,1757,2251,484,0.0288,1,,Chat
7059,20250208,1241,74,1,4,2,2,430,189,619,475,0.005,1,,Chat
7060,20250215,2000,8,1,3,3,4,2586,364,2950,896,0.0184,1,3.8,Completion
7061,20250416,1304,73,1,4,3,3,5189,4000,9189,883,0.0859,1,,Chat
7062,20250325,1446,30,6,3,4,2,1248,334,1582,120,0.0002,1,,Chat
7063,20250218,1133,62,4,3,2,3,282,185,467,455,0.0003,1,,Chat
7064,20250315,1847,45,2,2,1,3,989,658,1647,120,0.0005,1,,Chat
7065,20250603,1633,2,2,2,1,2,1549,49,1598,354,0.0003,1,,Chat
7066,20250208,837,17,2,2,3,3,112,1019,1131,181,0.0006,1,,Chat
7067,20250618,1128,10,4,2,2,2,1620,254,1874,262,0.0007,1,,Chat
7068,20250425,1354,50,3,2,3,3,1896,485,2381,675,0.013,1,,Vision
7069,20250409,1137,55,1,3,5,2,1904,810,2714,1081,0.0217,1,,Chat
7070,20250521,1216,7,3,1,6,1,1114,755,1869,869,0.0147,1,,Completion
7071,20250427,907,39,5,5,1,2,730,39,769,253,0.0011,1,4.3,Completion
7072,20250427,1806,31,3,1,3,2,647,711,1358,529,0.0126,1,4.8,Completion
7073,20250427,1020,4,1,1,2,1,3538,222,3760,716,0.021,1,,Completion
7074,20250510,1500,59,2,6,1,4,309,377,686,188,0.0003,1,,Embedding
7075,20250413,1612,9,5,1,2,2,203,247,450,255,0.0015,1,,Embedding
7076,20250303,1859,55,2,7,1,4,754,743,1497,334,0.0006,1,4.7,Chat
7077,20250404,1629,56,1,2,2,3,961,1587,2548,568,0.0286,1,4.1,Completion
7078,20250429,724,39,3,3,5,3,1080,925,2005,284,0.0171,1,,Chat
7079,20250316,1026,77,1,2,4,1,391,1270,1661,1030,0.021,1,,Completion
7080,20250201,1316,67,1,5,5,2,2279,972,3251,1003,0.026,1,4.8,Completion
7081,20250207,1109,26,3,1,3,2,1075,435,1510,667,0.0097,1,,Completion
7082,20250224,48,10,3,3,2,3,1381,267,1648,387,0.0081,1,4.7,Vision
7083,20250504,1922,50,2,6,2,4,306,580,886,213,0.0004,1,,Chat
7084,20250214,830,80,5,7,6,2,1146,193,1339,321,0.0024,1,,Chat
7085,20250101,1521,41,1,3,3,2,2312,466,2778,806,0.0186,1,4.9,Chat
7086,20250317,1027,14,5,5,5,1,73,602,675,296,0.0031,1,,Embedding
7087,20250523,1157,67,2,1,3,3,176,58,234,285,0.0001,1,,Chat
7088,20250302,2024,9,1,6,1,3,1166,426,1592,644,0.0122,1,,Chat
7089,20250526,2255,32,2,2,2,3,1308,149,1457,282,0.0003,1,,Completion
7090,20250210,1531,67,1,2,2,4,465,1237,1702,463,0.0209,1,,Embedding
7091,20250122,737,7,2,1,1,3,712,308,1020,279,0.0003,1,,Chat
7092,20250502,1007,32,3,2,3,2,716,1758,2474,750,0.0285,1,,Chat
7093,20250129,1026,59,1,1,2,4,190,252,442,685,0.0047,1,,Vision
7094,20250225,1120,9,2,1,3,2,351,200,551,272,0.0002,1,4.9,Chat
7095,20250322,1721,34,5,2,4,3,664,348,1012,257,0.0026,1,,Embedding
7096,20250608,1253,26,2,1,3,2,1487,620,2107,480,0.0006,1,,Completion
7097,20250207,1657,67,4,1,1,2,424,153,577,373,0.0003,1,4.1,Vision
7098,20250408,1034,77,4,2,2,4,1378,173,1551,314,0.0006,1,,Chat
7099,20250515,959,44,2,1,5,2,1341,115,1456,306,0.0003,1,,Chat
7100,20250520,1343,14,6,1,1,2,728,235,963,238,0.0001,1,,Completion
7101,20250503,1442,62,1,2,1,2,491,230,721,568,0.0059,1,,Chat
7102,20250519,1202,28,2,1,4,3,269,724,993,247,0.0005,1,,Chat
7103,20250304,1327,18,1,3,5,3,355,4000,4355,1202,0.0618,1,,Chat
7104,20250117,1036,22,3,4,2,3,4564,551,5115,1014,0.022,1,,Completion
7105,20250418,1534,12,4,5,5,2,727,39,766,193,0.0002,1,4.1,Chat
7106,20250326,1432,27,1,2,3,1,1633,189,1822,484,0.011,1,4.8,Embedding
7107,20250104,1641,47,1,4,1,2,335,683,1018,931,0.0119,1,,Chat
7108,20250531,1538,24,3,1,6,3,1873,88,1961,463,0.0069,1,3.4,Chat
7109,20250625,2249,22,1,5,3,2,0,0,0,511,0.0,1,,Chat
7110,20250618,1240,66,1,1,4,1,2243,662,2905,736,0.0211,1,3.2,Chat
7111,20250104,1057,75,1,1,6,4,429,259,688,528,0.006,1,,Completion
7112,20250104,1338,30,6,1,2,3,1691,355,2046,327,0.0002,1,,Chat
7113,20250523,1431,2,1,5,5,3,439,611,1050,679,0.0114,1,,Chat
7114,20250304,1722,25,2,7,1,3,254,58,312,297,0.0001,1,,Chat
7115,20250220,1512,6,2,5,3,3,565,338,903,366,0.0003,1,,Chat
7116,20250322,1203,3,2,2,6,1,517,353,870,160,0.0003,1,,Vision
7117,20250523,1348,62,1,7,4,2,1256,2850,4106,582,0.049,1,4.8,Completion
7118,20250303,1400,45,2,7,2,4,1520,162,1682,414,0.0003,1,,Chat
7119,20250202,2125,24,2,6,1,4,648,208,856,439,0.0002,1,,Vision
7120,20250319,1747,78,2,4,2,1,716,1110,1826,409,0.0008,1,,Chat
7121,20250604,1240,31,1,6,1,2,1717,1041,2758,656,0.0242,1,3.2,Completion
7122,20250402,840,73,3,2,2,4,524,165,689,762,0.004,1,,Chat
7123,20250117,913,57,6,7,3,3,790,1567,2357,419,0.0005,1,3.5,Completion
7124,20250520,618,28,4,1,1,2,210,170,380,165,0.0003,1,3.4,Chat
7125,20250212,739,38,5,5,5,3,658,601,1259,373,0.0038,1,3.3,Chat
7126,20250107,1210,24,1,1,1,3,1020,843,1863,625,0.0177,1,,Chat
7127,20250122,1732,28,1,4,1,2,2059,420,2479,227,0.0166,0,4.5,Chat
7128,20250301,1931,39,3,1,1,3,674,845,1519,213,0.0147,1,3.6,Chat
7129,20250506,1324,76,2,7,2,1,727,374,1101,575,0.0003,1,,Completion
7130,20250505,1149,50,2,2,1,2,1392,515,1907,213,0.0005,1,,Chat
7131,20250403,1749,64,3,1,5,2,1136,1382,2518,1096,0.0241,1,,Chat
7132,20250516,1435,76,2,1,1,1,516,807,1323,416,0.0006,1,,Chat
7133,20250127,1032,60,3,1,4,3,851,1143,1994,619,0.0197,1,4.9,Chat
7134,20250404,1026,65,5,1,2,3,1082,584,1666,247,0.0043,1,,Chat
7135,20250315,1441,7,3,2,1,3,752,212,964,536,0.0054,1,4.2,Embedding
7136,20250308,1434,52,2,1,5,2,176,230,406,288,0.0002,1,,Chat
7137,20250404,1846,79,5,7,2,1,502,114,616,259,0.0012,1,,Completion
7138,20250608,1116,47,3,3,1,2,2326,436,2762,120,0.0135,1,,Chat
7139,20250329,440,30,3,4,5,3,1544,655,2199,299,0.0145,1,,Vision
7140,20250420,821,24,5,1,3,2,612,439,1051,348,0.003,1,4.4,Completion
7141,20250503,1408,11,1,5,1,3,409,55,464,627,0.0029,1,,Chat
7142,20250529,1138,46,2,3,1,1,213,667,880,125,0.0004,1,,Chat
7143,20250315,1618,65,1,1,1,1,326,683,1009,862,0.0119,1,,Chat
7144,20250409,1201,21,4,1,3,1,3044,1686,4730,303,0.0029,1,,Embedding
7145,20250107,1627,14,1,4,5,3,3868,1009,4877,749,0.0345,1,,Embedding
7146,20250412,1136,66,1,1,5,3,247,160,407,1191,0.0036,1,,Chat
7147,20250314,1533,13,1,5,2,4,1047,1998,3045,479,0.0352,1,,Chat
7148,20250312,1645,24,4,6,1,3,712,488,1200,247,0.0008,1,3.9,Vision
7149,20250502,1045,16,2,4,1,3,317,169,486,279,0.0001,1,,Chat
7150,20250224,751,19,1,1,2,2,384,684,1068,620,0.0122,1,,Chat
7151,20250412,1414,72,2,2,3,3,638,2810,3448,292,0.0018,1,,Completion
7152,20250514,1239,11,3,2,3,4,1481,1585,3066,638,0.0282,1,,Chat
7153,20250220,1613,56,3,1,3,1,1990,456,2446,675,0.0128,1,,Chat
7154,20250212,2053,28,6,1,2,3,827,142,969,248,0.0001,1,,Chat
7155,20250113,530,40,1,7,3,2,1536,2093,3629,344,0.0391,1,4.5,Completion
7156,20250504,1419,4,1,4,1,4,3588,1696,5284,941,0.0434,1,,Embedding
7157,20250206,617,32,4,2,3,2,1047,91,1138,182,0.0004,1,,Chat
7158,20250311,1710,11,1,4,1,3,1568,1199,2767,438,0.0258,1,,Chat
7159,20250306,1914,16,5,1,4,3,1235,703,1938,174,0.0051,1,,Chat
7160,20250531,1808,78,1,3,3,4,976,336,1312,792,0.0099,1,3.3,Chat
7161,20250520,1612,18,4,2,1,4,310,1896,2206,457,0.0024,1,4.1,Chat
7162,20250425,1630,2,5,6,1,1,979,437,1416,128,0.0034,1,,Chat
7163,20250128,1431,79,5,2,1,2,727,202,929,249,0.0019,1,,Chat
7164,20250617,429,59,5,1,1,2,247,723,970,449,0.0039,1,,Completion
7165,20250110,1023,8,4,5,6,1,784,840,1624,229,0.0012,1,4.3,Chat
7166,20250110,1636,22,1,1,2,1,1294,1864,3158,358,0.0344,1,3.2,Chat
7167,20250213,907,45,1,6,1,4,1771,659,2430,637,0.0187,1,,Embedding
7168,20250216,1622,54,3,2,2,3,528,163,691,536,0.004,1,,Completion
7169,20250311,1242,52,1,2,2,3,1008,2009,3017,825,0.0352,1,,Completion
7170,20250210,1633,54,2,2,2,1,812,228,1040,196,0.0003,1,,Embedding
7171,20250611,951,72,3,4,4,3,668,577,1245,387,0.0107,1,,Vision
7172,20250301,1422,53,6,5,1,3,558,235,793,393,0.0001,1,3.4,Chat
7173,20250422,446,7,1,4,3,3,912,64,976,704,0.0055,1,4.1,Embedding
7174,20250106,1717,73,4,1,4,3,197,116,313,120,0.0002,1,,Completion
7175,20250605,1407,76,1,1,1,4,952,461,1413,566,0.0117,1,,Chat
7176,20250307,1018,55,1,3,2,1,4154,779,4933,380,0.0325,1,,Completion
7177,20250316,1100,12,4,2,2,4,303,1091,1394,349,0.0014,1,,Chat
7178,20250313,1302,63,1,1,2,2,7385,2390,9775,597,0.0728,1,,Completion
7179,20250515,1259,32,1,1,1,4,932,243,1175,1044,0.0083,1,4.2,Chat
7180,20250222,915,59,1,4,1,2,3191,1159,4350,580,0.0333,1,4.7,Completion
7181,20250517,2144,27,2,3,2,1,163,308,471,232,0.0002,1,3.9,Chat
7182,20250429,1750,4,2,3,3,3,914,76,990,401,0.0002,1,4.4,Chat
7183,20250303,1554,62,3,1,3,3,475,431,906,354,0.0079,1,3.4,Completion
7184,20250604,1308,68,1,4,1,3,1556,437,1993,547,0.0143,1,,Chat
7185,20250313,729,78,1,7,6,3,1876,96,1972,657,0.0108,1,,Embedding
7186,20250103,640,78,1,2,6,4,1408,598,2006,741,0.016,0,,Chat
7187,20250624,1754,19,2,1,1,3,1707,84,1791,274,0.0003,1,,Chat
7188,20250430,2244,18,1,1,1,3,1508,273,1781,631,0.0116,1,,Completion
7189,20250424,1209,69,2,4,5,4,230,691,921,337,0.0004,1,,Chat
7190,20250520,858,60,4,5,2,3,611,204,815,123,0.0004,1,,Chat
7191,20250508,808,78,1,4,4,3,377,569,946,545,0.0104,1,4.5,Chat
7192,20250423,1019,46,3,2,2,4,905,1224,2129,731,0.0211,1,,Completion
7193,20250117,1836,56,6,2,4,3,541,1289,1830,314,0.0004,1,,Embedding
7194,20250615,1203,39,1,1,1,3,1469,183,1652,580,0.0101,1,,Chat
7195,20250103,1548,1,1,6,1,4,2469,407,2876,1271,0.0185,1,,Chat
7196,20250217,1321,38,1,4,1,4,250,1905,2155,788,0.0298,1,4.8,Embedding
7197,20250410,1401,58,6,2,2,2,437,461,898,438,0.0002,1,,Vision
7198,20250629,1424,16,1,2,3,3,307,22,329,737,0.0019,1,,Completion
7199,20250218,1048,76,3,2,1,3,1212,279,1491,449,0.0078,1,4.6,Chat
7200,20250118,1039,1,3,3,1,4,682,1258,1940,780,0.0209,1,,Completion
7201,20250316,915,66,4,3,2,3,253,455,708,383,0.0006,1,5.0,Embedding
7202,20250322,1837,24,2,4,4,2,269,765,1034,120,0.0005,1,4.9,Completion
7203,20250211,1306,65,4,2,2,3,1031,56,1087,485,0.0003,1,,Chat
7204,20250227,1921,59,3,2,1,1,2558,240,2798,634,0.0113,1,3.5,Embedding
7205,20250122,1750,37,2,6,1,3,242,283,525,369,0.0002,1,3.7,Chat
7206,20250523,823,67,6,1,1,2,897,74,971,187,0.0001,1,,Embedding
7207,20250102,1134,52,1,6,3,2,2238,309,2547,678,0.0158,1,5.0,Chat
7208,20250623,1148,35,4,2,4,3,412,956,1368,167,0.0013,1,,Chat
7209,20250604,1753,53,4,5,5,4,664,202,866,160,0.0004,1,,Vision
7210,20250603,950,65,2,1,3,3,342,290,632,339,0.0002,1,3.6,Embedding
7211,20250430,1218,26,1,6,1,4,1060,555,1615,758,0.0136,1,,Chat
7212,20250402,1609,3,3,1,2,3,334,460,794,929,0.0079,1,,Chat
7213,20250513,829,42,1,1,4,2,1442,511,1953,521,0.0149,1,4.0,Vision
7214,20250426,2048,30,6,1,1,4,687,1193,1880,280,0.0004,1,,Chat
7215,20250101,1551,33,1,5,3,2,752,351,1103,743,0.009,1,,Vision
7216,20250417,1559,8,5,4,2,2,1139,454,1593,149,0.0037,1,,Chat
7217,20250119,1001,41,2,4,2,3,1429,62,1491,308,0.0003,1,,Vision
7218,20250127,1336,69,4,5,1,2,1428,470,1898,214,0.0009,1,,Chat
7219,20250401,1110,9,5,6,1,4,415,540,955,120,0.0032,1,,Chat
7220,20250525,1420,57,5,2,3,3,300,388,688,313,0.0023,1,,Chat
7221,20250112,704,42,4,1,6,2,542,376,918,288,0.0006,1,,Chat
7222,20250603,1359,5,1,4,4,3,395,218,613,336,0.0052,1,,Completion
7223,20250105,1629,63,1,6,3,3,1193,572,1765,262,0.0145,1,,Chat
7224,20250202,1330,42,2,4,2,2,1176,69,1245,227,0.0002,1,,Completion
7225,20250601,732,42,5,1,1,1,455,153,608,317,0.0013,1,4.7,Chat
7226,20250624,1418,20,3,2,1,2,4873,571,5444,727,0.0232,1,3.3,Completion
7227,20250621,1118,70,2,1,1,2,246,671,917,401,0.0004,1,,Chat
7228,20250612,1618,59,2,1,5,4,748,144,892,391,0.0002,1,4.3,Embedding
7229,20250601,1617,41,5,1,3,2,4114,123,4237,364,0.0058,1,3.4,Completion
7230,20250612,1652,65,2,1,4,3,488,1052,1540,319,0.0007,1,,Chat
7231,20250106,1009,29,5,6,1,3,597,147,744,234,0.0015,1,,Chat
7232,20250314,1621,66,4,1,1,4,1620,398,2018,206,0.0009,1,,Chat
7233,20250208,1553,41,3,3,4,2,2761,92,2853,676,0.0097,1,3.9,Chat
7234,20250102,1348,23,1,3,1,3,3476,868,4344,760,0.0304,1,,Completion
7235,20250611,1237,73,2,6,1,1,666,736,1402,273,0.0005,1,,Completion
7236,20250508,1448,79,1,5,6,2,288,563,851,192,0.0099,1,,Chat
7237,20250307,1109,63,2,1,1,2,704,633,1337,182,0.0005,1,4.2,Chat
7238,20250130,1542,39,5,5,1,3,2494,191,2685,128,0.0041,1,3.8,Embedding
7239,20250605,1509,19,1,2,3,3,406,276,682,860,0.0062,1,,Chat
7240,20250516,2155,14,2,2,1,4,270,176,446,236,0.0001,1,,Embedding
7241,20250104,1126,2,2,3,4,3,3789,210,3999,242,0.0007,1,4.8,Embedding
7242,20250217,2007,41,1,2,5,3,2384,1535,3919,443,0.0349,1,,Chat
7243,20250108,1128,46,5,1,1,2,260,652,912,400,0.0036,1,4.0,Vision
7244,20250609,1134,31,3,1,1,2,930,443,1373,298,0.0094,1,,Chat
7245,20250509,1101,41,6,6,1,2,1334,156,1490,289,0.0001,1,3.5,Chat
7246,20250104,800,53,4,7,4,3,584,204,788,160,0.0004,1,4.9,Chat
7247,20250309,1748,5,1,4,4,1,3123,239,3362,600,0.0192,1,,Completion
7248,20250626,1432,10,2,3,1,4,129,100,229,406,0.0001,1,,Completion
7249,20250225,959,27,1,2,3,3,4713,167,4880,799,0.0261,1,4.2,Embedding
7250,20250623,1228,7,4,6,1,3,570,1599,2169,157,0.0021,1,4.7,Completion
7251,20250509,1654,31,2,6,2,2,1094,4000,5094,174,0.0026,1,,Chat
7252,20250115,1112,65,6,5,3,4,1386,278,1664,234,0.0002,1,,Chat
7253,20250622,1759,28,2,3,4,2,523,154,677,351,0.0002,1,,Chat
7254,20250609,1533,52,2,2,1,3,501,243,744,190,0.0002,1,,Chat
7255,20250510,1656,21,5,1,4,4,481,171,652,154,0.0015,1,,Chat
7256,20250528,1553,11,5,7,2,3,420,59,479,162,0.0008,1,4.1,Completion
7257,20250612,1335,43,4,2,1,3,552,268,820,242,0.0005,1,,Chat
7258,20250321,806,34,1,2,3,3,558,1853,2411,885,0.0306,1,,Chat
7259,20250603,1633,43,1,6,4,3,2185,1421,3606,395,0.0322,1,,Chat
7260,20250125,1411,2,1,3,5,3,436,211,647,733,0.0053,1,,Chat
7261,20250309,1702,50,3,1,5,2,1103,2882,3985,698,0.0465,1,4.5,Chat
7262,20250406,1009,56,3,3,1,1,451,1583,2034,679,0.0251,1,4.5,Chat
7263,20250115,1615,74,1,1,1,3,93,759,852,533,0.0118,1,3.8,Chat
7264,20250219,828,29,3,2,2,1,1258,1698,2956,1165,0.0292,1,,Vision
7265,20250623,1451,11,3,1,1,3,659,289,948,869,0.0063,1,4.0,Vision
7266,20250123,1058,11,2,2,1,2,1164,423,1587,297,0.0004,1,,Chat
7267,20250225,705,65,2,1,1,3,482,95,577,222,0.0001,1,,Chat
7268,20250609,1728,4,2,2,1,4,2014,396,2410,224,0.0005,1,,Embedding
7269,20250207,2040,52,1,5,1,2,747,204,951,808,0.0068,1,,Chat
7270,20250522,1555,62,5,4,2,2,408,359,767,323,0.0023,1,4.1,Chat
7271,20250323,1407,71,5,3,3,3,1005,214,1219,331,0.0023,1,,Chat
7272,20250603,1409,52,6,5,3,4,435,268,703,270,0.0001,1,,Chat
7273,20250411,807,16,3,5,1,3,708,640,1348,342,0.0117,1,,Chat
7274,20250520,1141,64,1,1,1,1,12000,205,12205,562,0.0631,1,,Chat
7275,20250101,1008,60,2,1,1,3,598,165,763,256,0.0002,1,,Completion
7276,20250201,1127,30,2,7,3,2,1719,354,2073,181,0.0005,1,4.9,Embedding
7277,20250422,1731,64,5,2,1,2,280,87,367,279,0.0008,1,,Chat
7278,20250521,2143,44,2,7,1,2,128,106,234,353,0.0001,1,,Chat
7279,20250329,1103,37,2,4,1,3,1153,162,1315,293,0.0003,1,,Completion
7280,20250316,2020,72,3,1,1,3,405,1591,1996,804,0.0251,1,,Embedding
7281,20250128,821,31,2,2,5,2,1099,351,1450,288,0.0004,1,3.7,Completion
7282,20250408,1534,20,5,7,5,1,485,350,835,303,0.0024,1,,Chat
7283,20250622,1621,68,1,7,1,2,290,2051,2341,387,0.0322,1,,Chat
7284,20250522,1711,65,2,1,1,4,714,111,825,331,0.0002,1,,Chat
7285,20250613,1030,67,5,1,1,2,1740,180,1920,133,0.0031,1,3.4,Chat
7286,20250517,2055,42,1,1,5,4,1605,1371,2976,456,0.0286,1,,Chat
7287,20250430,616,65,3,1,2,4,7152,598,7750,761,0.0304,1,4.3,Chat
7288,20250501,1623,17,1,1,4,2,957,746,1703,1012,0.016,1,4.8,Chat
7289,20250227,1327,79,1,2,1,3,3436,90,3526,905,0.0185,1,3.5,Completion
7290,20250213,755,2,4,5,6,3,1649,460,2109,270,0.001,1,4.7,Chat
7291,20250302,1351,56,2,3,1,2,529,164,693,259,0.0002,1,,Completion
7292,20250606,2233,51,2,1,1,4,2147,157,2304,306,0.0004,1,3.8,Chat
7293,20250501,1441,40,4,2,3,3,585,140,725,323,0.0003,1,,Embedding
7294,20250308,1725,72,1,1,4,2,581,3857,4438,996,0.0608,1,,Completion
7295,20250521,1650,56,1,5,1,1,390,881,1271,714,0.0152,1,4.7,Embedding
7296,20250426,1629,35,3,5,1,3,6571,509,7080,1115,0.0273,1,,Vision
7297,20250119,1519,59,1,1,5,3,1001,4000,5001,838,0.065,1,4.7,Chat
7298,20250502,1215,13,2,1,2,3,717,566,1283,265,0.0004,1,,Vision
7299,20250130,1424,21,2,5,1,4,318,78,396,290,0.0001,1,3.3,Vision
7300,20250325,1416,78,1,5,1,2,2269,348,2617,345,0.0166,1,,Chat
7301,20250528,1056,47,1,7,1,1,3849,319,4168,549,0.024,1,,Chat
7302,20250306,1209,69,3,5,3,4,721,311,1032,451,0.0068,1,,Completion
7303,20250626,1951,7,1,2,1,2,2644,1969,4613,979,0.0428,1,3.6,Chat
7304,20250514,451,79,1,4,1,3,1888,344,2232,904,0.0146,1,,Chat
7305,20250306,1127,53,1,1,5,4,466,154,620,581,0.0046,1,,Completion
7306,20250530,1710,6,1,1,1,1,1730,191,1921,1139,0.0115,1,4.9,Chat
7307,20250510,1642,8,5,1,1,3,1338,984,2322,120,0.0066,1,,Chat
7308,20250428,1045,75,2,1,1,3,1395,165,1560,253,0.0003,1,,Embedding
7309,20250602,1344,34,4,2,1,2,210,243,453,369,0.0004,1,,Vision
7310,20250320,1626,41,1,1,5,2,4076,1570,5646,742,0.0439,1,3.5,Chat
7311,20250620,1523,64,3,2,2,2,1725,331,2056,415,0.0101,1,,Completion
7312,20250301,1119,28,1,4,2,1,966,322,1288,744,0.0097,1,4.7,Chat
7313,20250303,1429,3,1,5,1,4,1824,840,2664,922,0.0217,1,,Completion
7314,20250408,1341,9,2,2,1,4,1648,512,2160,390,0.0006,1,3.7,Completion
7315,20250407,2013,12,3,1,2,2,2384,664,3048,672,0.0171,1,3.4,Chat
7316,20250504,1219,42,1,5,1,2,809,1418,2227,430,0.0253,1,,Completion
7317,20250604,2032,30,1,2,1,2,1150,4000,5150,3936,0.0658,1,,Chat
7318,20250305,1539,78,2,1,4,1,484,168,652,384,0.0002,1,,Chat
7319,20250328,949,28,4,3,3,3,361,543,904,353,0.0008,1,,Embedding
7320,20250331,804,59,2,7,5,1,1122,368,1490,190,0.0004,1,4.6,Chat
7321,20250217,1003,32,2,2,6,1,106,1422,1528,379,0.0009,1,3.4,Chat
7322,20250628,819,42,1,1,3,4,2977,348,3325,858,0.0201,1,3.7,Chat
7323,20250304,1228,39,1,4,4,2,931,457,1388,500,0.0115,1,,Chat
7324,20250113,1956,54,3,3,3,4,3289,668,3957,883,0.0199,1,,Vision
7325,20250110,702,26,1,2,4,4,392,944,1336,817,0.0161,1,4.2,Chat
7326,20250415,1531,16,2,3,2,2,122,133,255,320,0.0001,1,,Completion
7327,20250618,2329,9,3,7,3,3,4527,2693,7220,727,0.054,1,4.9,Chat
7328,20250620,1506,20,5,4,1,2,262,741,1003,272,0.004,1,3.6,Completion
7329,20250320,1658,64,1,6,5,4,1381,784,2165,630,0.0187,1,,Vision
7330,20250401,1447,45,2,3,6,1,1636,112,1748,133,0.0003,1,,Chat
7331,20250428,1555,77,2,5,2,4,2432,1392,3824,160,0.0012,1,,Embedding
7332,20250418,1257,66,3,3,5,1,305,356,661,905,0.0063,1,,Chat
7333,20250531,1342,77,4,1,2,3,475,524,999,202,0.0008,1,,Chat
7334,20250125,2007,70,1,6,1,1,1349,410,1759,783,0.0129,1,4.0,Completion
7335,20250304,1704,30,1,3,5,4,6607,493,7100,897,0.0404,1,,Completion
7336,20250313,1438,18,3,1,1,3,726,287,1013,400,0.0065,1,,Chat
7337,20250327,1153,72,5,1,2,4,1815,602,2417,158,0.0053,1,,Chat
7338,20250416,717,10,1,4,5,4,440,287,727,581,0.0065,1,,Chat
7339,20250130,1807,17,6,4,4,3,406,1378,1784,120,0.0004,1,,Chat
7340,20250319,1241,14,1,1,5,3,2938,1345,4283,573,0.0349,1,4.8,Embedding
7341,20250117,1833,37,1,2,4,2,3017,314,3331,721,0.0198,1,4.4,Chat
7342,20250604,1639,3,2,1,3,2,383,1394,1777,198,0.0009,1,,Embedding
7343,20250226,1404,33,2,3,1,3,215,360,575,175,0.0002,1,,Completion
7344,20250615,1209,67,5,1,1,1,159,651,810,314,0.0035,1,4.5,Embedding
7345,20250212,1846,55,1,6,2,4,945,1767,2712,658,0.0312,1,,Embedding
7346,20250424,1443,22,4,1,1,2,4458,218,4676,400,0.0014,1,,Embedding
7347,20250103,1514,33,6,1,2,1,397,107,504,178,0.0001,1,,Embedding
7348,20250103,1827,37,1,4,3,2,7588,656,8244,682,0.0478,1,,Completion
7349,20250117,1731,47,3,4,3,3,1441,1710,3151,716,0.03,1,,Embedding
7350,20250612,1424,27,2,1,2,4,354,147,501,120,0.0001,1,3.7,Chat
7351,20250101,1813,79,3,1,1,4,1156,411,1567,205,0.0096,1,4.9,Chat
7352,20250221,1124,40,3,1,3,2,619,282,901,725,0.0061,1,3.9,Chat
7353,20250322,1435,74,3,6,3,2,343,175,518,354,0.0037,1,,Completion
7354,20250321,2126,39,1,6,6,4,5959,267,6226,200,0.0338,1,4.0,Chat
7355,20250515,1432,18,3,4,6,1,1403,813,2216,818,0.0164,1,,Completion
7356,20250111,1530,42,3,6,1,2,438,795,1233,844,0.0132,1,,Chat
7357,20250529,1143,63,3,3,5,1,1807,355,2162,1104,0.0107,1,3.3,Chat
7358,20250502,838,62,5,2,2,4,1882,79,1961,455,0.0027,1,,Completion
7359,20250621,909,18,5,6,3,2,788,82,870,147,0.0014,1,3.9,Chat
7360,20250505,1737,73,4,3,1,3,1677,404,2081,352,0.0009,1,,Completion
7361,20250403,1830,25,5,3,5,3,359,100,459,278,0.0009,1,,Completion
7362,20250403,1144,5,4,1,4,3,943,526,1469,213,0.0009,0,,Chat
7363,20250405,1619,10,2,1,1,1,1198,610,1808,240,0.0005,1,,Chat
7364,20250310,1732,70,6,2,2,3,1062,569,1631,444,0.0003,1,,Chat
7365,20250614,1548,64,1,4,1,4,729,209,938,906,0.0068,1,,Completion
7366,20250208,1542,31,5,4,2,3,2989,58,3047,369,0.004,1,4.4,Completion
7367,20250215,1209,21,1,2,4,3,940,291,1231,854,0.0091,1,,Chat
7368,20250516,1633,80,1,2,1,1,427,703,1130,810,0.0127,1,3.3,Embedding
7369,20250522,1412,40,3,4,1,1,4055,456,4511,137,0.019,1,,Embedding
7370,20250628,1445,52,4,1,2,3,782,430,1212,388,0.0007,1,,Chat
7371,20250316,635,76,1,1,5,2,1055,250,1305,375,0.009,1,,Chat
7372,20250609,1309,7,2,1,3,3,1250,426,1676,212,0.0004,1,,Chat
7373,20250130,1327,25,3,5,2,1,3394,1151,4545,524,0.0274,1,,Completion
7374,20250611,1128,47,4,1,1,3,141,229,370,120,0.0003,1,,Completion
7375,20250125,2232,19,6,2,1,4,308,847,1155,458,0.0003,1,3.8,Completion
7376,20250511,1426,32,1,1,1,3,1211,171,1382,535,0.0086,1,,Chat
7377,20250219,2009,8,2,6,3,2,912,338,1250,408,0.0003,1,3.8,Completion
7378,20250416,1601,42,4,1,2,1,582,396,978,204,0.0006,1,,Completion
7379,20250526,1131,47,2,1,3,4,552,530,1082,157,0.0004,1,,Chat
7380,20250410,1445,6,5,2,5,4,468,153,621,242,0.0014,1,,Completion
7381,20250224,442,21,1,1,4,2,627,211,838,586,0.0063,1,,Chat
7382,20250629,454,56,1,2,5,2,1621,1427,3048,623,0.0295,1,3.4,Chat
7383,20250511,1510,29,2,1,1,4,419,88,507,280,0.0001,1,,Chat
7384,20250206,1617,63,1,7,1,3,356,386,742,593,0.0076,1,,Chat
7385,20250408,144,76,3,4,3,1,1674,98,1772,160,0.0065,1,,Chat
7386,20250428,1604,4,5,1,6,2,6226,260,6486,246,0.0091,1,4.9,Embedding
7387,20250528,1545,44,2,5,1,3,324,37,361,381,0.0001,1,,Completion
7388,20250607,1110,8,4,4,1,4,1711,172,1883,291,0.0006,1,,Chat
7389,20250323,1710,11,1,1,3,1,3906,750,4656,691,0.0308,1,,Vision
7390,20250201,1640,53,1,5,1,3,2130,176,2306,360,0.0133,1,,Completion
7391,20250616,525,80,3,6,3,2,2882,413,3295,836,0.0148,1,,Chat
7392,20250528,1526,73,3,3,1,3,491,536,1027,546,0.0095,1,4.5,Chat
7393,20250414,1117,58,4,1,1,2,1515,2790,4305,389,0.0039,1,,Completion
7394,20250124,1357,70,3,1,3,2,4719,3063,7782,333,0.0601,1,3.8,Chat
7395,20250504,1841,9,1,2,6,4,2891,1860,4751,835,0.0424,1,,Chat
7396,20250523,1325,3,2,1,1,3,4144,440,4584,237,0.0009,1,3.4,Chat
7397,20250116,1618,36,1,2,1,3,3541,658,4199,739,0.0276,1,4.4,Chat
7398,20250505,1407,79,5,6,2,3,367,164,531,142,0.0013,1,,Chat
7399,20250311,2052,4,3,3,1,2,1071,23,1094,740,0.0036,1,4.2,Embedding
7400,20250404,1544,25,5,4,2,3,123,162,285,194,0.001,1,3.2,Completion
7401,20250618,1120,32,4,1,3,1,1981,291,2272,238,0.0009,1,4.1,Embedding
7402,20250211,1857,71,1,7,1,1,2198,115,2313,509,0.0127,1,,Embedding
7403,20250312,1500,24,4,6,4,2,287,1854,2141,291,0.0024,1,,Embedding
7404,20250527,1012,38,5,1,1,3,242,726,968,216,0.0039,1,3.3,Chat
7405,20250508,1517,66,1,5,1,3,423,643,1066,505,0.0118,1,,Chat
7406,20250222,1237,3,1,1,1,3,604,1594,2198,538,0.0269,1,,Completion
7407,20250410,1316,5,6,6,4,3,610,1300,1910,367,0.0004,1,,Chat
7408,20250414,1744,55,4,5,1,3,160,189,349,396,0.0003,1,4.4,Chat
7409,20250108,950,75,6,5,1,3,717,133,850,185,0.0001,1,,Chat
7410,20250518,2021,71,2,2,1,3,1270,761,2031,356,0.0006,1,4.0,Chat
7411,20250322,1358,73,1,3,3,3,670,410,1080,606,0.0095,1,,Vision
7412,20250220,2154,32,5,6,3,3,199,206,405,190,0.0013,1,,Chat
7413,20250608,1801,67,4,5,4,2,3527,429,3956,318,0.0014,1,,Chat
7414,20250407,1416,51,1,6,2,3,2074,1254,3328,746,0.0292,1,,Vision
7415,20250512,1538,49,6,5,4,3,1336,72,1408,280,0.0001,1,,Chat
7416,20250127,1533,13,4,1,2,4,967,285,1252,295,0.0006,1,,Chat
7417,20250104,1150,64,6,1,6,4,134,761,895,168,0.0002,1,,Chat
7418,20250313,1311,12,2,2,1,2,338,1272,1610,272,0.0008,1,,Chat
7419,20250613,1241,29,1,1,1,2,2829,4000,6829,742,0.0741,1,3.8,Chat
7420,20250528,1201,16,1,1,3,4,2688,135,2823,660,0.0155,1,,Completion
7421,20250510,2144,41,4,4,1,2,766,361,1127,282,0.0006,1,4.5,Chat
7422,20250529,1231,13,3,2,1,2,1834,1257,3091,574,0.0244,1,,Chat
7423,20250507,426,38,1,1,1,3,2133,4000,6133,564,0.0707,1,,Embedding
7424,20250113,823,20,6,6,1,3,1223,1454,2677,331,0.0005,1,,Chat
7425,20250502,2029,56,1,1,2,3,2962,1177,4139,532,0.0325,1,,Chat
7426,20250425,1521,57,1,1,4,2,1300,566,1866,592,0.015,1,,Completion
7427,20250218,1454,77,3,1,1,3,366,1301,1667,450,0.0206,1,,Embedding
7428,20250605,1252,18,1,1,1,2,1864,249,2113,202,0.0131,1,,Chat
7429,20250221,1256,75,5,3,1,3,183,605,788,166,0.0033,1,,Embedding
7430,20250503,1922,17,2,5,6,3,661,347,1008,120,0.0003,1,4.6,Completion
7431,20250515,1436,27,3,2,4,3,1236,175,1411,669,0.0063,1,,Chat
7432,20250308,1258,75,3,2,3,1,1078,616,1694,542,0.0125,1,,Chat
7433,20250627,1411,53,1,7,5,2,1228,943,2171,529,0.0203,1,,Chat
7434,20250310,929,51,3,2,1,4,659,2369,3028,867,0.0375,1,,Chat
7435,20250101,1820,53,1,2,1,4,4830,386,5216,717,0.0299,1,,Chat
7436,20250301,1430,17,2,6,3,4,1204,258,1462,289,0.0003,1,4.0,Chat
7437,20250609,1426,20,2,6,2,2,1073,576,1649,289,0.0005,1,,Completion
7438,20250508,1444,11,3,3,3,2,1678,2876,4554,256,0.0482,1,4.5,Chat
7439,20250131,1044,51,2,1,1,3,1219,415,1634,305,0.0004,1,3.4,Completion
7440,20250518,1614,47,1,3,1,4,1659,353,2012,793,0.0136,1,,Completion
7441,20250610,1427,58,1,2,4,1,856,1159,2015,798,0.0217,1,,Completion
7442,20250612,1412,59,4,2,1,3,3119,1020,4139,378,0.0021,1,,Chat
7443,20250304,12,16,4,1,1,1,582,222,804,364,0.0004,1,,Chat
7444,20250519,1231,8,4,3,1,3,672,142,814,339,0.0003,1,,Chat
7445,20250107,859,3,6,1,6,3,609,326,935,237,0.0001,1,,Completion
7446,20250514,636,10,4,1,3,3,135,175,310,332,0.0003,1,,Chat
7447,20250509,1508,59,1,1,4,3,1317,259,1576,727,0.0105,1,,Embedding
7448,20250331,650,55,4,1,6,3,76,268,344,226,0.0004,1,3.8,Embedding
7449,20250127,1822,46,2,3,1,2,766,1343,2109,226,0.0009,1,4.7,Completion
7450,20250104,1548,77,3,4,2,2,1040,2236,3276,603,0.0367,1,3.7,Chat
7451,20250221,1753,65,4,2,4,1,252,232,484,271,0.0004,1,3.7,Chat
7452,20250324,1956,71,2,2,1,2,92,248,340,244,0.0002,1,,Chat
7453,20250511,556,37,1,2,2,2,842,139,981,120,0.0063,1,,Chat
7454,20250503,1252,16,5,1,3,3,509,268,777,304,0.002,1,4.0,Completion
7455,20250316,1022,16,1,1,3,2,8029,583,8612,942,0.0489,1,,Chat
7456,20250124,700,79,1,1,2,4,581,1155,1736,598,0.0202,1,3.9,Embedding
7457,20250530,901,78,3,1,3,4,213,1207,1420,798,0.0187,1,4.9,Completion
7458,20250623,1400,55,3,1,4,3,815,209,1024,637,0.0056,1,,Embedding
7459,20250505,803,77,1,3,4,2,631,1994,2625,228,0.0331,1,4.4,Chat
7460,20250306,1616,22,5,4,3,3,2552,661,3213,319,0.0065,1,,Completion
7461,20250316,1211,61,3,5,3,3,702,71,773,658,0.0032,1,,Completion
7462,20250312,1220,14,4,1,1,3,354,324,678,286,0.0005,1,4.6,Chat
7463,20250521,1149,28,1,4,1,4,6721,1204,7925,853,0.0517,1,,Chat
7464,20250126,1304,54,1,2,6,2,2233,257,2490,801,0.015,1,3.9,Chat
7465,20250305,1322,20,5,2,2,3,265,323,588,251,0.0019,1,,Vision
7466,20250320,2345,38,6,7,3,3,984,1264,2248,390,0.0005,1,,Chat
7467,20250421,1435,13,3,2,1,2,859,115,974,451,0.0043,1,4.7,Chat
7468,20250404,1616,51,1,7,3,4,990,860,1850,188,0.0179,1,,Chat
7469,20250109,1530,39,1,2,3,3,4009,111,4120,734,0.0217,1,,Embedding
7470,20250218,1928,11,1,7,1,2,7187,373,7560,827,0.0415,1,3.7,Embedding
7471,20250606,1906,20,3,2,2,1,2000,2040,4040,641,0.0366,1,,Embedding
7472,20250606,1551,42,2,3,1,3,380,287,667,322,0.0002,1,,Completion
7473,20250422,1153,60,1,3,3,1,1071,1239,2310,1116,0.0239,0,,Completion
7474,20250515,527,63,6,1,2,2,3939,264,4203,374,0.0004,1,4.6,Completion
7475,20250328,1800,3,1,4,1,3,6402,301,6703,598,0.0365,1,,Embedding
7476,20250414,1304,69,5,5,1,3,482,1013,1495,272,0.0057,1,4.9,Chat
7477,20250106,702,60,4,2,1,2,376,86,462,257,0.0002,1,,Chat
7478,20250619,1622,18,6,4,4,2,369,234,603,253,0.0001,1,,Chat
7479,20250225,1447,70,1,3,4,3,2244,1295,3539,1163,0.0306,1,,Chat
7480,20250601,1437,9,2,5,2,1,1289,85,1374,242,0.0002,1,,Chat
7481,20250315,1211,25,2,1,4,1,266,209,475,269,0.0002,1,,Embedding
7482,20250201,1129,7,2,1,3,3,6916,510,7426,476,0.0013,1,4.7,Chat
7483,20250608,1932,5,1,1,2,2,706,623,1329,551,0.0129,1,,Chat
7484,20250201,1303,72,5,1,2,2,276,226,502,315,0.0015,1,4.4,Chat
7485,20250124,1527,19,3,1,2,3,1725,568,2293,845,0.0137,1,,Chat
7486,20250124,1212,73,2,5,2,4,2327,68,2395,344,0.0004,1,,Completion
7487,20250605,1509,57,3,3,1,4,682,429,1111,755,0.0085,1,4.8,Completion
7488,20250606,1731,24,2,3,1,1,137,563,700,235,0.0004,1,4.4,Completion
7489,20250620,1811,36,5,2,2,3,127,2639,2766,193,0.0134,1,,Vision
7490,20250213,1937,68,1,3,6,2,1249,276,1525,710,0.0104,1,4.8,Chat
7491,20250215,1805,27,3,2,6,4,283,1172,1455,647,0.0184,1,,Chat
7492,20250225,1647,38,5,1,1,3,671,203,874,170,0.0019,1,5.0,Chat
7493,20250521,1637,4,3,1,1,3,2610,1129,3739,747,0.0248,1,,Completion
7494,20250610,1729,52,4,1,2,3,2357,67,2424,120,0.0007,1,,Vision
7495,20250225,2032,60,2,1,1,4,198,131,329,251,0.0001,1,5.0,Chat
7496,20250330,718,10,1,2,5,3,914,244,1158,596,0.0082,1,4.3,Chat
7497,20250110,1507,72,2,2,2,3,488,236,724,305,0.0002,1,,Completion
7498,20250110,1837,38,1,5,1,2,6653,489,7142,1065,0.0406,1,,Chat
7499,20250625,1758,20,3,3,2,2,390,181,571,518,0.0039,1,,Chat
7500,20250315,1959,53,3,1,2,3,811,99,910,597,0.0039,1,,Completion
7501,20250428,623,40,2,2,2,1,257,200,457,294,0.0002,1,4.6,Completion
7502,20250215,1814,14,5,4,1,4,1242,121,1363,243,0.0022,1,3.3,Chat
7503,20250611,1422,14,1,1,1,2,1030,465,1495,258,0.0121,1,,Vision
7504,20250120,906,48,1,6,4,3,895,31,926,795,0.0049,1,,Embedding
7505,20250406,838,53,4,3,1,1,1234,549,1783,226,0.001,1,,Chat
7506,20250319,1843,13,5,4,4,1,1298,254,1552,238,0.0029,1,,Embedding
7507,20250504,1847,12,5,2,2,3,819,802,1621,120,0.005,1,,Chat
7508,20250605,1459,38,2,3,3,2,160,323,483,349,0.0002,1,,Completion
7509,20250113,2028,4,3,2,1,1,524,365,889,628,0.007,1,4.4,Chat
7510,20250331,1003,80,3,1,5,2,3563,563,4126,677,0.0191,1,,Completion
7511,20250424,1633,56,2,1,6,4,623,164,787,273,0.0002,0,3.2,Chat
7512,20250512,1059,75,2,5,5,2,733,770,1503,164,0.0006,1,,Chat
7513,20250223,712,39,6,5,1,1,695,171,866,283,0.0001,1,,Vision
7514,20250512,1559,34,6,1,1,4,96,593,689,165,0.0002,1,3.5,Completion
7515,20250620,1326,55,3,2,5,1,692,356,1048,1035,0.0074,1,,Completion
7516,20250429,1549,74,4,1,5,3,1501,375,1876,340,0.0008,1,,Chat
7517,20250515,1528,21,6,3,1,3,836,846,1682,295,0.0003,1,4.5,Chat
7518,20250106,2308,15,4,5,1,3,1578,125,1703,262,0.0006,1,,Completion
7519,20250327,1541,54,1,7,2,2,1400,1155,2555,831,0.0243,1,4.4,Vision
7520,20250210,820,72,1,3,2,3,4822,375,5197,514,0.0297,1,,Chat
7521,20250508,1118,59,3,4,1,4,3006,466,3472,499,0.016,1,,Chat
7522,20250123,1253,12,2,2,1,4,132,161,293,158,0.0001,1,,Vision
7523,20250617,1232,23,1,3,1,2,2602,1018,3620,935,0.0283,1,,Chat
7524,20250514,1823,1,2,6,1,4,413,335,748,276,0.0003,1,,Chat
7525,20250407,521,1,1,3,1,1,396,513,909,610,0.0097,1,,Completion
7526,20250320,1606,23,3,3,2,1,2129,111,2240,767,0.0081,1,,Completion
7527,20250309,1410,6,6,2,3,2,1165,817,1982,265,0.0003,1,,Completion
7528,20250627,1818,20,1,5,2,4,550,245,795,747,0.0064,1,,Chat
7529,20250526,1224,52,1,2,1,2,1739,3997,5736,739,0.0686,1,4.2,Completion
7530,20250117,1416,44,2,2,4,2,304,77,381,272,0.0001,1,,Completion
7531,20250330,1814,77,1,1,6,3,969,881,1850,974,0.0181,1,,Embedding
7532,20250112,1920,32,1,6,6,4,2056,707,2763,304,0.0209,1,,Chat
7533,20250524,1102,65,4,1,1,2,516,160,676,304,0.0003,1,3.4,Chat
7534,20250326,2142,60,2,1,4,2,2607,406,3013,356,0.0006,1,,Embedding
7535,20250318,1154,17,1,6,2,2,5791,136,5927,857,0.031,1,4.0,Chat
7536,20250228,1517,73,2,7,1,4,336,276,612,168,0.0002,1,4.4,Chat
7537,20250402,940,70,5,7,1,4,158,634,792,398,0.0034,1,,Chat
7538,20250513,519,77,1,7,5,3,8419,595,9014,715,0.051,1,,Embedding
7539,20250502,838,66,3,1,3,2,5018,727,5745,909,0.026,0,4.7,Embedding
7540,20250119,1812,34,1,2,5,2,5089,325,5414,602,0.0303,1,,Chat
7541,20250313,1104,12,2,1,3,4,1488,438,1926,384,0.0005,1,3.9,Chat
7542,20250502,1839,11,4,5,2,4,140,1041,1181,373,0.0013,1,,Embedding
7543,20250318,1257,64,3,2,4,2,1900,535,2435,790,0.0137,1,4.4,Chat
7544,20250102,1244,54,5,7,1,3,1023,349,1372,237,0.003,1,3.4,Completion
7545,20250605,1402,1,1,2,2,3,12000,313,12313,593,0.0647,1,,Chat
7546,20250331,1125,36,1,2,3,2,762,1306,2068,812,0.0234,1,4.3,Completion
7547,20250603,1309,45,4,3,1,1,1675,648,2323,264,0.0012,1,4.9,Completion
7548,20250624,755,34,5,5,1,4,1403,381,1784,282,0.0037,1,,Chat
7549,20250626,1252,26,2,1,3,3,1300,444,1744,256,0.0005,1,3.8,Embedding
7550,20250208,907,55,2,1,3,4,1739,552,2291,305,0.0006,1,4.2,Chat
7551,20250615,305,62,3,5,3,4,1289,478,1767,509,0.011,1,,Completion
7552,20250522,1710,49,1,7,1,3,2737,911,3648,886,0.0273,1,,Chat
7553,20250326,942,47,4,6,1,1,442,351,793,219,0.0005,1,3.7,Embedding
7554,20250614,1614,25,1,1,1,1,794,2066,2860,438,0.035,1,,Chat
7555,20250514,2233,16,3,3,2,1,10191,550,10741,910,0.0388,1,4.0,Chat
7556,20250527,1219,48,1,2,3,3,3689,509,4198,357,0.0261,1,3.6,Completion
7557,20250410,22,4,5,1,1,2,522,418,940,410,0.0027,1,,Embedding
7558,20250530,1437,2,3,1,1,3,3651,391,4042,573,0.0168,1,,Completion
7559,20250614,1844,75,3,5,3,3,113,609,722,559,0.0095,1,3.2,Chat
7560,20250130,1934,44,4,2,2,3,413,512,925,370,0.0007,1,4.2,Completion
7561,20250215,851,5,2,1,2,1,586,228,814,372,0.0002,1,,Completion
7562,20250104,1628,63,2,1,1,3,539,135,674,381,0.0002,1,3.9,Chat
7563,20250131,1328,73,5,1,3,2,155,89,244,322,0.0006,1,,Completion
7564,20250515,809,28,2,6,6,2,3546,148,3694,279,0.0006,1,,Completion
7565,20250112,1429,68,2,3,2,3,345,49,394,298,0.0001,1,,Chat
7566,20250529,1053,21,2,4,1,2,738,297,1035,305,0.0003,1,4.3,Chat
7567,20250305,2041,50,3,1,2,2,775,385,1160,271,0.0081,1,,Completion
7568,20250613,1316,14,3,6,4,3,2018,380,2398,744,0.0118,1,,Chat
7569,20250108,1323,68,2,6,5,4,206,430,636,259,0.0003,1,,Chat
7570,20250423,1447,68,1,1,2,1,759,322,1081,685,0.0086,1,,Completion
7571,20250618,1330,18,1,1,5,2,7512,1285,8797,773,0.0568,1,4.3,Chat
7572,20250628,1332,64,1,1,1,4,176,279,455,502,0.0051,0,,Chat
7573,20250510,1219,78,4,1,3,4,645,576,1221,306,0.0009,1,,Completion
7574,20250611,1806,52,4,1,2,2,502,410,912,313,0.0006,1,,Chat
7575,20250523,1431,66,5,1,2,1,2108,654,2762,150,0.0059,1,4.1,Chat
7576,20250510,1348,69,3,2,2,2,1320,4000,5320,574,0.064,1,,Chat
7577,20250203,1001,18,3,3,1,2,2076,965,3041,633,0.0207,1,5.0,Completion
7578,20250623,1323,66,2,1,2,2,1562,159,1721,246,0.0003,1,4.6,Chat
7579,20250316,1108,32,6,5,6,4,1780,421,2201,175,0.0003,1,4.7,Chat
7580,20250611,1013,72,2,5,4,2,3590,829,4419,362,0.001,1,,Chat
7581,20250605,1411,2,1,6,2,2,6053,210,6263,821,0.0334,1,,Embedding
7582,20250420,1204,21,3,2,5,3,1044,1199,2243,617,0.0211,1,4.7,Chat
7583,20250426,1202,65,6,4,5,2,425,61,486,354,0.0001,1,3.6,Completion
7584,20250225,937,20,1,3,2,2,8590,457,9047,947,0.0498,1,,Embedding
7585,20250207,629,21,2,7,3,2,1284,765,2049,407,0.0007,1,,Chat
7586,20250628,725,58,5,2,2,2,353,539,892,294,0.0031,1,,Chat
7587,20250622,1536,48,1,2,2,1,934,2626,3560,1243,0.0441,1,,Embedding
7588,20250511,1447,12,1,3,2,2,2107,634,2741,942,0.02,1,,Embedding
7589,20250407,1758,22,2,1,6,4,254,196,450,181,0.0002,1,,Chat
7590,20250320,24,64,3,3,5,2,2528,341,2869,496,0.0127,1,3.9,Chat
7591,20250206,1740,65,1,1,1,2,3310,1284,4594,553,0.0358,1,4.2,Completion
7592,20250426,1544,34,6,1,1,3,734,149,883,189,0.0001,1,,Completion
7593,20250307,1553,28,1,1,5,4,1630,1018,2648,829,0.0234,1,3.5,Chat
7594,20250213,1936,1,3,1,1,2,616,1095,1711,820,0.0183,1,,Completion
7595,20250419,1244,77,5,5,1,2,742,258,1000,486,0.0022,1,,Chat
7596,20250514,1435,13,5,6,4,2,998,263,1261,232,0.0026,1,,Chat
7597,20250110,810,26,1,6,2,2,4023,1248,5271,581,0.0388,1,,Chat
7598,20250304,1023,45,5,4,3,4,782,216,998,258,0.0021,0,,Chat
7599,20250608,857,60,5,3,2,4,808,404,1212,387,0.003,1,,Chat
7600,20250330,1307,46,3,3,1,2,959,137,1096,900,0.0049,1,4.6,Embedding
7601,20250519,1700,65,1,1,2,2,1378,170,1548,373,0.0094,1,,Chat
7602,20250421,1100,36,1,2,6,4,3516,792,4308,310,0.0295,1,,Chat
7603,20250117,1501,16,2,6,2,4,312,211,523,375,0.0002,1,,Chat
7604,20250625,1750,78,2,2,3,4,1778,323,2101,366,0.0005,1,4.7,Chat
7605,20250530,1125,50,1,1,4,3,1035,441,1476,655,0.0118,1,3.4,Chat
7606,20250617,851,57,1,1,1,4,1069,2390,3459,401,0.0412,1,,Completion
7607,20250218,832,9,1,4,1,3,384,4000,4384,755,0.0619,1,,Chat
7608,20250504,1214,14,3,1,1,2,1434,747,2181,504,0.0155,1,4.8,Completion
7609,20250408,1118,55,1,2,2,4,1144,302,1446,559,0.0102,1,,Embedding
7610,20250310,1529,47,6,2,1,4,271,3036,3307,353,0.0009,1,,Chat
7611,20250507,809,25,4,1,4,3,71,184,255,347,0.0002,1,4.7,Chat
7612,20250621,1520,64,4,3,4,2,601,198,799,191,0.0004,1,4.9,Completion
7613,20250412,1255,31,1,7,2,3,486,412,898,952,0.0086,1,,Vision
7614,20250508,1011,18,2,1,3,1,1152,632,1784,174,0.0006,1,,Embedding
7615,20250625,1003,72,2,1,1,3,1740,150,1890,274,0.0004,1,4.7,Chat
7616,20250514,2212,66,2,2,3,2,1606,355,1961,362,0.0005,1,,Completion
7617,20250324,1336,52,2,1,5,3,1663,58,1721,266,0.0003,1,3.7,Chat
7618,20250614,556,66,4,1,1,1,769,270,1039,413,0.0005,1,,Completion
7619,20250525,1606,65,5,2,1,3,414,233,647,317,0.0017,1,,Chat
7620,20250428,1144,28,2,4,1,3,646,1011,1657,198,0.0007,1,4.0,Embedding
7621,20250105,1218,41,1,4,1,1,984,4000,4984,788,0.0649,1,,Chat
7622,20250202,1817,52,1,2,4,3,2887,1330,4217,757,0.0344,1,,Completion
7623,20250216,1530,74,6,1,5,1,180,447,627,269,0.0001,1,,Chat
7624,20250413,1643,19,5,6,4,3,624,631,1255,372,0.0039,1,3.5,Chat
7625,20250503,221,16,5,5,2,2,450,68,518,303,0.0009,1,,Completion
7626,20250515,1255,15,3,2,2,2,5196,732,5928,539,0.0266,1,,Chat
7627,20250416,1737,27,1,5,2,2,974,374,1348,739,0.0105,1,3.4,Chat
7628,20250408,2019,48,6,1,3,1,1433,534,1967,549,0.0003,1,4.3,Chat
7629,20250427,1120,70,6,2,1,1,337,373,710,428,0.0001,1,,Chat
7630,20250621,1039,32,4,1,4,4,3226,97,3323,268,0.0009,1,,Embedding
7631,20250102,1434,20,1,4,1,3,554,333,887,831,0.0078,1,,Embedding
7632,20250315,1930,76,5,2,1,3,99,384,483,268,0.002,1,3.3,Chat
7633,20250415,1406,15,3,1,5,3,975,176,1151,1000,0.0056,1,5.0,Completion
7634,20250127,1823,8,4,5,1,3,605,218,823,220,0.0004,1,,Vision
7635,20250617,315,56,2,1,2,2,914,641,1555,293,0.0005,1,4.4,Chat
7636,20250223,1336,57,6,3,1,2,749,159,908,231,0.0001,1,,Completion
7637,20250314,1304,59,2,1,1,1,1245,1066,2311,257,0.0008,1,,Chat
7638,20250505,913,49,3,4,3,2,1388,4000,5388,432,0.0642,1,4.4,Chat
7639,20250106,1706,29,4,1,3,3,2213,243,2456,211,0.0009,1,4.4,Embedding
7640,20250224,1641,71,1,3,2,2,1906,1164,3070,1121,0.027,1,,Chat
7641,20250105,1406,76,1,4,3,4,406,641,1047,704,0.0116,1,,Completion
7642,20250513,1936,7,4,1,1,4,557,233,790,145,0.0004,1,,Chat
7643,20250619,1634,37,1,1,4,1,12000,487,12487,752,0.0673,1,,Chat
7644,20250415,1117,32,1,7,2,2,371,909,1280,656,0.0155,1,,Chat
7645,20250615,459,24,4,1,1,3,2832,470,3302,287,0.0013,1,4.7,Completion
7646,20250403,1204,14,1,2,4,2,2008,924,2932,741,0.0239,1,,Vision
7647,20250411,1840,56,4,1,3,2,2133,1816,3949,197,0.0028,1,,Chat
7648,20250225,1115,1,4,1,2,2,920,170,1090,219,0.0004,1,4.1,Completion
7649,20250331,1502,52,4,6,1,1,1496,977,2473,261,0.0016,1,,Chat
7650,20250605,1542,53,2,6,5,3,827,335,1162,200,0.0003,1,4.9,Completion
7651,20250531,1039,23,3,6,5,1,2608,272,2880,245,0.0119,1,,Vision
7652,20250225,1355,33,3,4,5,2,5740,42,5782,584,0.0179,1,,Chat
7653,20250227,1659,78,1,2,6,2,216,491,707,390,0.0084,1,,Completion
7654,20250517,946,61,2,7,2,3,463,127,590,161,0.0001,1,,Chat
7655,20250526,1312,75,2,4,2,2,4936,628,5564,379,0.0011,1,3.8,Embedding
7656,20250312,1708,58,2,5,1,1,355,430,785,387,0.0003,1,,Chat
7657,20250131,1748,60,5,5,5,2,792,513,1305,521,0.0036,1,,Chat
7658,20250423,1747,54,5,6,2,2,500,310,810,176,0.0022,1,3.6,Chat
7659,20250322,2357,60,3,6,4,1,6659,651,7310,1146,0.0297,1,,Embedding
7660,20250209,1623,8,3,7,3,4,870,1423,2293,740,0.024,1,,Vision
7661,20250305,1715,42,3,6,2,2,340,278,618,988,0.0052,1,4.8,Completion
7662,20250119,2026,18,6,1,1,2,2377,2177,4554,336,0.0008,1,,Vision
7663,20250101,1647,59,1,3,6,4,537,346,883,197,0.0079,1,,Embedding
7664,20250226,1242,26,6,7,1,1,104,827,931,318,0.0003,1,,Chat
7665,20250310,500,19,5,1,3,2,560,1759,2319,267,0.0095,1,,Chat
7666,20250413,1017,3,1,7,3,2,224,113,337,771,0.0028,1,,Chat
7667,20250601,1200,22,4,1,3,3,484,229,713,266,0.0004,1,3.9,Completion
7668,20250622,935,6,3,5,4,4,1837,155,1992,478,0.0078,1,,Embedding
7669,20250428,1835,17,4,5,3,4,933,591,1524,490,0.001,1,,Chat
7670,20250316,1320,63,5,6,1,3,678,263,941,236,0.0022,1,3.3,Chat
7671,20250330,926,69,3,5,1,4,1456,843,2299,743,0.017,1,3.2,Completion
7672,20250513,1415,34,2,4,6,1,1530,338,1868,239,0.0004,1,,Vision
7673,20250328,1028,39,6,3,2,4,164,1142,1306,211,0.0004,1,,Completion
7674,20250119,1026,49,1,1,5,2,882,461,1343,1022,0.0113,1,,Chat
7675,20250225,1243,60,6,5,3,1,7115,348,7463,481,0.0006,1,,Completion
7676,20250313,1709,19,3,2,4,2,1921,2694,4615,905,0.0462,1,3.5,Completion
7677,20250407,1646,58,1,4,2,4,12000,374,12374,423,0.0656,1,4.4,Completion
7678,20250316,1145,44,4,1,4,4,3219,1133,4352,228,0.0022,1,,Embedding
7679,20250427,435,56,5,1,1,3,552,139,691,231,0.0014,0,,Completion
7680,20250506,901,41,1,2,6,1,267,3601,3868,494,0.0554,1,,Completion
7681,20250114,1900,8,4,7,2,2,544,126,670,329,0.0003,1,3.2,Chat
7682,20250213,1207,72,1,1,2,2,1088,690,1778,465,0.0158,1,,Chat
7683,20250130,757,43,6,6,2,3,635,749,1384,191,0.0003,1,,Completion
7684,20250215,1447,51,1,2,6,3,6036,552,6588,669,0.0385,1,3.8,Completion
7685,20250529,1405,62,2,6,2,1,359,141,500,183,0.0001,1,5.0,Chat
7686,20250514,1514,18,4,6,1,3,1315,654,1969,242,0.0011,1,,Vision
7687,20250216,1816,28,5,2,1,3,877,350,1227,120,0.0028,1,,Vision
7688,20250310,1009,66,2,1,2,3,169,562,731,289,0.0004,1,4.3,Chat
7689,20250422,941,9,4,1,6,4,874,98,972,177,0.0003,1,,Chat
7690,20250311,1106,21,2,4,1,2,1081,1085,2166,222,0.0008,1,,Completion
7691,20250214,1913,35,6,1,3,1,694,403,1097,273,0.0002,1,3.7,Chat
7692,20250306,1311,31,6,5,6,1,987,619,1606,193,0.0003,1,,Chat
7693,20250103,1320,74,1,1,3,2,7110,712,7822,715,0.0462,1,,Completion
7694,20250507,1809,43,3,3,3,3,811,582,1393,835,0.0112,1,,Completion
7695,20250217,1824,72,3,1,4,2,125,298,423,422,0.0048,1,,Embedding
7696,20250429,1342,11,1,1,1,1,532,1131,1663,689,0.0196,1,,Completion
7697,20250327,1746,4,3,1,1,2,3473,1147,4620,573,0.0276,1,,Chat
7698,20250205,1427,51,4,1,1,1,439,103,542,373,0.0002,1,,Embedding
7699,20250110,1340,54,3,5,1,4,298,1002,1300,599,0.0159,1,,Chat
7700,20250416,531,67,3,3,2,4,339,309,648,697,0.0057,1,3.6,Completion
7701,20250209,1720,44,3,3,3,4,2846,1067,3913,642,0.0245,1,,Chat
7702,20250523,2001,42,3,2,1,2,2696,743,3439,778,0.0192,1,,Completion
7703,20250119,1213,25,1,5,4,1,1264,83,1347,562,0.0076,1,3.7,Chat
7704,20250605,2152,9,3,7,1,2,1553,666,2219,877,0.0146,1,,Chat
7705,20250127,1519,32,1,3,2,3,610,615,1225,391,0.0123,1,4.4,Chat
7706,20250526,1443,16,2,3,2,2,312,727,1039,229,0.0005,1,,Chat
7707,20250105,1031,15,2,4,1,1,600,450,1050,161,0.0004,1,3.5,Chat
7708,20250111,1159,43,5,7,2,3,731,1030,1761,120,0.0061,1,3.4,Embedding
7709,20250413,1643,2,4,3,1,4,470,216,686,213,0.0004,1,3.4,Vision
7710,20250127,1213,60,2,2,6,2,1162,209,1371,442,0.0003,1,4.6,Chat
7711,20250220,1626,8,1,7,3,1,1632,514,2146,920,0.0159,1,,Embedding
7712,20250515,1935,80,1,1,2,3,419,308,727,794,0.0067,1,,Chat
7713,20250527,1740,51,5,2,6,3,507,175,682,287,0.0015,1,,Completion
7714,20250216,1930,35,4,3,1,2,690,112,802,290,0.0003,1,,Completion
7715,20250307,1717,51,1,5,1,2,1210,1988,3198,846,0.0359,1,,Chat
7716,20250622,1322,40,1,7,4,1,1398,104,1502,925,0.0086,1,5.0,Chat
7717,20250517,1247,66,1,1,4,3,897,356,1253,753,0.0098,1,,Completion
7718,20250416,931,66,5,1,1,2,274,315,589,218,0.0019,1,4.7,Chat
7719,20250504,1548,9,3,6,1,3,742,2738,3480,807,0.0433,1,3.5,Chat
7720,20250220,1609,1,3,3,1,3,731,4000,4731,550,0.0622,1,,Embedding
7721,20250204,1122,40,3,1,3,1,2715,724,3439,463,0.019,1,,Chat
7722,20250327,2237,5,4,4,1,1,1600,331,1931,515,0.0008,1,5.0,Chat
7723,20250102,1744,51,1,1,1,4,1323,4000,5323,799,0.0666,1,,Chat
7724,20250305,1646,22,5,4,2,3,469,344,813,239,0.0023,1,,Completion
7725,20250219,1917,80,4,2,1,2,156,1054,1210,194,0.0014,1,,Chat
7726,20250225,1301,8,4,7,2,2,509,212,721,347,0.0004,1,,Embedding
7727,20250110,1315,78,2,3,1,1,364,376,740,211,0.0003,1,,Completion
7728,20250310,1111,30,2,6,2,4,172,225,397,328,0.0002,1,4.9,Embedding
7729,20250214,1431,40,1,5,3,3,8226,4000,12226,544,0.1011,1,,Chat
7730,20250316,1036,13,4,1,6,2,1838,439,2277,391,0.001,1,,Vision
7731,20250416,1541,41,3,1,1,2,1102,503,1605,748,0.0109,1,,Embedding
7732,20250206,1323,54,5,5,3,3,1993,109,2102,398,0.003,1,4.1,Chat
7733,20250512,618,2,6,3,1,2,757,249,1006,131,0.0001,1,3.2,Embedding
7734,20250602,532,37,2,3,1,4,247,343,590,220,0.0002,1,,Chat
7735,20250207,929,10,5,2,6,2,2246,115,2361,346,0.0034,1,,Completion
7736,20250609,1036,52,6,6,1,2,242,197,439,340,0.0001,1,,Completion
7737,20250107,823,19,5,2,3,2,861,145,1006,203,0.0018,1,3.6,Chat
7738,20250508,1522,72,2,2,4,3,4703,152,4855,350,0.0008,1,4.4,Chat
7739,20250422,1251,26,1,7,2,1,833,1665,2498,458,0.0291,1,,Embedding
7740,20250131,917,17,2,1,4,4,1006,1281,2287,353,0.0009,1,4.4,Completion
7741,20250323,829,38,1,1,4,3,723,1526,2249,1009,0.0265,1,,Chat
7742,20250613,1401,61,2,2,2,4,394,1338,1732,272,0.0009,1,4.0,Chat
7743,20250609,1103,47,3,4,5,3,617,193,810,1294,0.0047,1,3.7,Chat
7744,20250411,1915,8,5,4,3,2,368,1439,1807,332,0.0077,1,,Embedding
7745,20250609,1528,6,2,7,2,1,348,213,561,275,0.0002,1,4.8,Chat
7746,20250102,657,75,6,1,6,3,429,331,760,408,0.0001,1,3.6,Chat
7747,20250528,1104,42,2,3,1,3,1381,57,1438,394,0.0002,1,,Completion
7748,20250118,1043,75,5,2,3,2,747,466,1213,300,0.0033,1,4.2,Chat
7749,20250601,1349,67,1,2,3,3,387,258,645,876,0.0058,1,4.4,Chat
7750,20250426,1143,5,2,1,5,3,606,92,698,364,0.0001,1,,Completion
7751,20250412,832,47,2,2,4,3,1516,133,1649,379,0.0003,1,,Chat
7752,20250123,1451,8,2,7,6,3,402,1287,1689,273,0.0008,1,4.6,Chat
7753,20250305,1239,12,3,4,2,1,3324,147,3471,120,0.0122,1,4.1,Completion
7754,20250621,1830,34,3,1,1,2,580,1368,1948,660,0.0223,1,,Completion
7755,20250227,942,12,5,3,2,2,1148,233,1381,174,0.0026,1,,Chat
7756,20250331,947,4,3,5,4,3,236,882,1118,437,0.0139,1,3.8,Embedding
7757,20250415,1322,54,2,6,1,1,564,148,712,130,0.0002,1,,Embedding
7758,20250112,8,34,4,6,1,2,636,1556,2192,394,0.0021,1,,Chat
7759,20250408,1210,24,2,6,2,2,782,375,1157,460,0.0003,1,4.4,Chat
7760,20250405,1706,43,3,1,1,1,597,840,1437,832,0.0144,1,4.3,Completion
7761,20250612,929,11,2,1,5,1,1037,1036,2073,195,0.0008,1,,Vision
7762,20250308,1104,40,2,1,1,4,1890,244,2134,183,0.0004,1,,Chat
7763,20250526,1739,77,4,5,4,2,1117,357,1474,390,0.0007,1,4.4,Chat
7764,20250608,1852,67,4,1,5,1,617,1769,2386,435,0.0024,1,,Chat
7765,20250228,648,74,1,6,6,3,478,70,548,576,0.0034,1,,Chat
7766,20250108,950,5,1,3,2,2,593,1696,2289,250,0.0284,1,,Completion
7767,20250219,1422,76,4,6,2,2,743,307,1050,292,0.0006,1,3.4,Chat
7768,20250605,515,77,2,6,2,2,320,1226,1546,162,0.0008,1,,Completion
7769,20250320,2024,68,1,3,1,3,328,141,469,433,0.0038,1,3.7,Chat
7770,20250610,1851,26,1,2,1,3,775,835,1610,5328,0.0164,1,,Vision
7771,20250529,1304,23,1,1,1,1,4789,1252,6041,389,0.0427,1,,Chat
7772,20250118,1221,8,6,5,5,2,3194,433,3627,132,0.0004,1,,Chat
7773,20250418,840,18,2,1,2,1,1481,600,2081,189,0.0006,1,,Vision
7774,20250222,1656,31,3,3,2,1,6630,2404,9034,1014,0.0559,1,,Vision
7775,20250516,1608,26,1,3,2,2,1121,410,1531,646,0.0118,0,,Completion
7776,20250208,1012,57,3,4,1,4,935,2021,2956,283,0.0331,1,,Vision
7777,20250421,738,25,3,3,1,4,3073,431,3504,211,0.0157,1,4.1,Vision
7778,20250426,1353,61,1,1,4,3,1092,399,1491,805,0.0114,1,3.6,Chat
7779,20250304,811,65,4,2,2,3,672,276,948,283,0.0005,1,,Chat
7780,20250520,751,79,4,1,1,2,415,335,750,333,0.0005,1,4.2,Completion
7781,20250526,2135,70,1,2,3,1,2998,932,3930,939,0.029,1,,Vision
7782,20250126,1217,62,6,4,1,1,2693,855,3548,236,0.0005,1,,Vision
7783,20250625,2158,4,1,7,1,3,2094,4000,6094,718,0.0705,0,,Chat
7784,20250111,1121,59,2,7,4,1,333,244,577,224,0.0002,1,4.0,Chat
7785,20250518,1956,53,2,7,2,3,648,83,731,300,0.0001,1,4.1,Chat
7786,20250623,1419,62,1,4,3,1,838,776,1614,639,0.0158,1,,Chat
7787,20250414,1638,8,3,3,2,2,2380,851,3231,354,0.0199,1,,Chat
7788,20250111,2215,28,1,3,1,3,282,532,814,401,0.0094,1,4.9,Chat
7789,20250116,1513,42,2,1,4,4,753,286,1039,428,0.0003,1,,Completion
7790,20250507,1812,80,4,1,6,3,495,654,1149,433,0.0009,1,,Chat
7791,20250115,1859,11,2,7,5,2,588,85,673,311,0.0001,1,,Completion
7792,20250305,1601,14,6,6,2,2,332,336,668,271,0.0001,1,4.1,Chat
7793,20250106,1948,11,3,2,6,3,8551,1838,10389,630,0.0532,1,4.0,Chat
7794,20250214,1827,59,5,6,3,3,1192,309,1501,485,0.003,1,,Chat
7795,20250218,1157,64,2,1,2,3,1145,674,1819,251,0.0006,1,,Chat
7796,20250102,1654,68,1,1,2,2,3447,759,4206,757,0.0286,1,3.9,Vision
7797,20250127,1450,53,3,1,1,3,2973,484,3457,579,0.0162,1,,Completion
7798,20250323,1450,44,1,3,3,4,4375,114,4489,443,0.0236,1,3.9,Vision
7799,20250628,2353,51,6,5,1,3,852,233,1085,357,0.0001,1,,Vision
7800,20250207,1002,71,4,5,2,3,100,446,546,208,0.0006,1,3.6,Vision
7801,20250423,1405,23,4,1,2,3,894,372,1266,120,0.0007,1,3.4,Chat
7802,20250514,1416,53,2,5,2,1,992,100,1092,131,0.0002,1,,Embedding
7803,20250213,909,9,2,6,3,4,1302,60,1362,361,0.0002,1,,Chat
7804,20250302,1533,20,6,5,4,3,527,93,620,201,0.0001,1,4.8,Chat
7805,20250510,1700,74,3,4,1,3,4706,225,4931,909,0.0175,1,5.0,Completion
7806,20250124,1613,72,1,4,3,3,1330,298,1628,517,0.0111,1,4.7,Chat
7807,20250203,2155,48,4,1,2,3,781,1022,1803,303,0.0015,1,,Chat
7808,20250129,1201,16,1,4,2,2,2402,4000,6402,503,0.072,1,,Completion
7809,20250629,1752,14,2,4,3,4,789,96,885,135,0.0002,1,,Chat
7810,20250509,1206,54,1,1,1,3,1895,1386,3281,292,0.0303,1,4.4,Embedding
7811,20250213,1614,47,2,5,4,3,597,331,928,337,0.0003,1,,Completion
7812,20250207,2017,47,1,5,1,2,1814,165,1979,607,0.0115,1,4.1,Embedding
7813,20250608,1759,23,2,1,4,3,1475,581,2056,230,0.0006,1,3.9,Chat
7814,20250312,850,46,2,2,5,3,1130,117,1247,347,0.0002,1,,Chat
7815,20250619,1600,43,1,1,2,2,839,540,1379,695,0.0123,1,4.6,Completion
7816,20250518,1156,59,3,7,2,2,336,579,915,664,0.0097,1,,Chat
7817,20250418,1908,6,3,6,1,1,612,1660,2272,389,0.0267,1,,Vision
7818,20250105,806,30,1,1,1,2,991,246,1237,340,0.0086,1,4.5,Completion
7819,20250415,2132,71,1,2,1,3,852,4000,4852,423,0.0643,1,,Chat
7820,20250402,743,16,2,1,6,3,2126,178,2304,293,0.0004,1,,Embedding
7821,20250219,844,33,1,1,5,3,1289,163,1452,633,0.0089,1,,Chat
7822,20250629,1219,53,5,2,1,3,818,562,1380,303,0.0038,1,4.5,Embedding
7823,20250120,1500,9,5,5,1,1,602,228,830,326,0.0019,1,4.3,Chat
7824,20250328,1306,12,2,4,1,2,622,463,1085,178,0.0004,1,,Chat
7825,20250413,1914,34,1,4,1,4,1043,677,1720,639,0.0154,1,,Chat
7826,20250611,1639,33,3,1,1,2,1880,573,2453,979,0.0142,1,,Chat
7827,20250325,132,29,3,4,3,4,4640,1442,6082,232,0.0355,1,,Vision
7828,20250402,1702,57,1,1,2,3,3860,1026,4886,295,0.0347,1,,Completion
7829,20250617,1601,79,5,7,1,2,1646,203,1849,323,0.0031,1,3.8,Chat
7830,20250610,1248,65,2,4,3,4,1475,253,1728,223,0.0004,1,,Chat
7831,20250109,1356,30,5,3,2,2,198,293,491,315,0.0017,1,,Chat
7832,20250629,1700,28,4,4,3,1,832,97,929,412,0.0003,1,,Chat
7833,20250118,1934,60,1,3,1,3,1499,294,1793,529,0.0119,1,3.3,Embedding
7834,20250327,1313,70,1,1,2,1,1769,450,2219,454,0.0156,1,3.9,Chat
7835,20250325,1845,24,6,6,1,4,838,135,973,308,0.0001,1,3.4,Embedding
7836,20250614,1431,42,2,1,4,2,348,912,1260,293,0.0006,1,,Chat
7837,20250419,1351,71,2,1,2,1,616,481,1097,272,0.0004,1,,Vision
7838,20250519,1328,63,2,1,1,3,1736,98,1834,157,0.0003,1,,Chat
7839,20250602,1757,49,4,6,1,1,5850,695,6545,462,0.0023,1,,Chat
7840,20250205,1227,39,1,4,5,1,708,928,1636,866,0.0175,1,,Completion
7841,20250416,833,58,2,7,4,3,549,322,871,213,0.0003,1,,Embedding
7842,20250413,1152,16,1,2,1,4,3112,940,4052,831,0.0297,1,4.6,Chat
7843,20250504,1502,73,5,4,1,1,303,473,776,186,0.0027,1,3.4,Chat
7844,20250114,1204,62,5,1,1,3,261,196,457,288,0.0013,1,4.4,Chat
7845,20250407,1200,45,2,6,2,3,300,868,1168,268,0.0006,1,,Chat
7846,20250208,1150,6,1,1,1,2,453,101,554,599,0.0038,1,,Chat
7847,20250426,805,48,4,1,1,1,1262,338,1600,432,0.0007,1,4.2,Vision
7848,20250602,1424,15,1,1,2,1,647,100,747,833,0.0047,1,,Chat
7849,20250324,842,11,3,5,2,4,890,2952,3842,788,0.0469,1,,Chat
7850,20250310,1531,53,3,2,2,4,3443,1424,4867,1009,0.0317,1,3.7,Completion
7851,20250601,1129,38,3,5,1,3,919,250,1169,642,0.0065,1,,Embedding
7852,20250207,1327,30,3,6,1,4,231,323,554,977,0.0055,1,,Chat
7853,20250119,1428,8,1,7,1,3,2739,536,3275,220,0.0217,1,,Completion
7854,20250508,1335,23,5,1,1,2,1698,120,1818,353,0.0027,1,,Completion
7855,20250228,757,72,1,3,3,3,1366,1009,2375,578,0.022,1,4.0,Completion
7856,20250225,2332,13,4,7,2,1,426,202,628,300,0.0004,1,,Chat
7857,20250228,1052,71,1,5,1,2,316,212,528,822,0.0048,1,,Vision
7858,20250520,1234,39,2,1,1,1,3077,226,3303,349,0.0006,1,3.9,Completion
7859,20250124,1622,48,4,1,1,3,441,156,597,120,0.0003,1,,Embedding
7860,20250516,1633,10,3,6,4,3,4439,132,4571,565,0.0153,1,,Chat
7861,20250126,1159,54,2,1,4,4,1092,249,1341,409,0.0003,1,,Chat
7862,20250423,1203,67,1,4,3,1,389,385,774,568,0.0077,1,3.6,Chat
7863,20250604,1606,51,1,1,2,2,921,914,1835,470,0.0183,1,4.0,Embedding
7864,20250215,1251,35,5,3,4,2,328,160,488,404,0.0012,1,4.1,Vision
7865,20250308,1115,14,3,1,1,2,946,1623,2569,820,0.0272,1,,Embedding
7866,20250219,2057,52,1,2,5,4,2170,340,2510,1118,0.0159,1,,Embedding
7867,20250106,1634,29,2,1,5,2,578,346,924,297,0.0003,1,3.4,Completion
7868,20250422,1338,62,1,3,1,2,338,2822,3160,645,0.044,1,3.6,Completion
7869,20250627,1406,75,1,7,6,4,10701,314,11015,799,0.0582,1,,Chat
7870,20250213,1050,63,1,2,3,3,1846,728,2574,829,0.0202,1,,Chat
7871,20250419,1823,8,2,6,4,2,394,1101,1495,425,0.0007,1,,Vision
7872,20250630,1308,17,4,5,1,2,661,216,877,250,0.0004,1,,Embedding
7873,20250620,901,59,6,2,2,3,1339,57,1396,211,0.0001,1,,Chat
7874,20250426,1311,9,3,5,4,2,4913,358,5271,747,0.0201,1,4.2,Completion
7875,20250421,1335,74,1,4,1,3,3446,859,4305,838,0.0301,1,3.9,Completion
7876,20250611,1121,4,3,5,1,4,485,853,1338,539,0.0142,1,,Embedding
7877,20250528,1404,2,5,1,2,3,884,949,1833,357,0.0059,1,,Chat
7878,20250213,1109,53,2,5,2,2,237,1409,1646,124,0.0009,1,,Embedding
7879,20250124,1208,25,1,1,1,2,2553,2854,5407,606,0.0556,1,,Chat
7880,20250317,1417,35,1,7,2,1,558,678,1236,388,0.013,1,,Chat
7881,20250612,1056,64,4,1,4,2,1322,228,1550,369,0.0006,1,3.5,Chat
7882,20250128,1341,12,1,4,3,2,340,1826,2166,350,0.0291,1,,Embedding
7883,20250226,1155,76,6,7,4,2,555,776,1331,228,0.0003,1,3.7,Chat
7884,20250301,1059,6,2,7,2,2,770,275,1045,234,0.0003,1,4.0,Embedding
7885,20250302,1447,59,1,5,5,2,401,117,518,1136,0.0038,1,,Chat
7886,20250417,1440,63,6,5,2,3,778,169,947,367,0.0001,1,,Completion
7887,20250110,1122,61,2,1,2,2,54,203,257,252,0.0001,1,3.4,Completion
7888,20250412,1345,28,2,4,1,4,556,190,746,207,0.0002,1,4.6,Chat
7889,20250617,1246,46,1,1,5,4,258,93,351,672,0.0027,1,,Completion
7890,20250315,1419,31,2,2,1,3,1467,265,1732,163,0.0004,1,,Vision
7891,20250103,611,26,3,2,1,1,549,899,1448,977,0.0151,1,3.4,Chat
7892,20250225,1419,46,2,1,3,1,223,156,379,196,0.0001,1,,Vision
7893,20250509,1204,18,5,2,3,4,1824,915,2739,263,0.0069,1,,Chat
7894,20250517,1450,34,1,1,2,3,603,118,721,1056,0.0048,1,4.9,Chat
7895,20250623,423,44,2,5,3,4,127,1520,1647,281,0.0009,1,4.2,Completion
7896,20250602,935,48,4,7,1,2,1229,637,1866,149,0.0011,1,,Embedding
7897,20250302,1159,14,4,5,4,2,1463,164,1627,307,0.0006,1,,Completion
7898,20250605,1941,43,4,2,1,1,77,247,324,305,0.0003,1,,Completion
7899,20250409,643,36,3,4,1,4,788,1623,2411,489,0.0267,1,4.7,Embedding
7900,20250217,842,2,2,4,1,3,1840,481,2321,273,0.0006,1,,Chat
7901,20250529,1326,8,4,1,6,2,1678,424,2102,343,0.0009,1,,Chat
7902,20250618,1119,77,1,4,4,4,196,1086,1282,900,0.0173,0,4.6,Chat
7903,20250227,1328,41,2,2,3,3,1478,248,1726,271,0.0004,1,,Embedding
7904,20250311,2138,40,2,3,1,3,511,245,756,120,0.0002,1,,Chat
7905,20250619,1635,48,1,3,1,3,658,692,1350,578,0.0137,1,,Chat
7906,20250605,1207,67,1,4,1,4,1190,578,1768,917,0.0146,1,4.1,Chat
7907,20250116,2019,4,3,5,2,3,2567,2014,4581,844,0.0379,1,,Chat
7908,20250407,1552,20,4,3,2,1,2464,108,2572,212,0.0008,1,,Chat
7909,20250203,1049,40,3,5,3,4,990,1154,2144,396,0.0203,1,4.3,Vision
7910,20250328,1604,48,2,2,1,3,392,245,637,299,0.0002,1,4.3,Completion
7911,20250109,2017,18,1,2,2,2,656,557,1213,404,0.0116,1,3.3,Chat
7912,20250613,1148,77,2,1,4,2,249,406,655,321,0.0003,1,,Chat
7913,20250511,1651,47,3,3,2,3,630,975,1605,675,0.0165,1,,Vision
7914,20250602,1348,47,2,4,4,2,217,376,593,298,0.0003,1,,Completion
7915,20250517,1433,11,4,7,4,3,953,596,1549,172,0.001,1,,Completion
7916,20250416,1346,33,3,1,1,4,2243,466,2709,868,0.0137,1,4.9,Completion
7917,20250220,1403,70,3,7,1,1,189,1336,1525,623,0.0206,1,,Chat
7918,20250206,648,4,5,6,1,1,530,112,642,353,0.0012,1,3.4,Chat
7919,20250309,1315,58,1,6,1,2,531,1300,1831,754,0.0222,1,,Completion
7920,20250303,1344,9,5,1,1,2,216,161,377,195,0.0011,1,,Chat
7921,20250406,1631,4,4,5,1,4,146,317,463,255,0.0004,1,3.3,Embedding
7922,20250101,1807,20,6,1,2,3,820,520,1340,228,0.0002,1,,Chat
7923,20250626,902,53,1,2,5,3,967,1259,2226,826,0.0237,1,,Chat
7924,20250201,1206,4,3,1,3,4,566,220,786,618,0.005,1,,Chat
7925,20250111,1408,63,2,2,2,3,2504,366,2870,340,0.0006,1,,Chat
7926,20250306,1002,1,3,5,2,4,1396,687,2083,618,0.0145,1,4.8,Embedding
7927,20250530,1353,35,4,5,1,3,745,497,1242,394,0.0008,1,3.7,Embedding
7928,20250619,446,15,4,1,3,4,1812,77,1889,310,0.0005,1,,Embedding
7929,20250525,2319,37,1,5,2,4,1283,714,1997,579,0.0171,1,,Embedding
7930,20250122,1625,10,3,2,4,3,1924,316,2240,623,0.0105,1,,Chat
7931,20250217,927,28,4,1,2,3,597,231,828,293,0.0004,1,,Completion
7932,20250408,1134,59,3,1,6,3,1080,606,1686,667,0.0123,1,3.9,Completion
7933,20250227,1521,55,3,1,2,4,1125,285,1410,668,0.0076,1,4.4,Completion
7934,20250416,1334,15,2,1,4,4,1672,878,2550,145,0.0008,1,4.8,Chat
7935,20250109,1655,67,3,5,2,3,3034,167,3201,781,0.0116,1,,Vision
7936,20250214,1716,12,2,1,1,4,282,270,552,298,0.0002,1,,Vision
7937,20250606,1653,61,4,3,3,1,273,883,1156,120,0.0012,1,3.5,Vision
7938,20250417,1912,60,5,2,3,2,1091,194,1285,364,0.0023,1,,Chat
7939,20250512,900,41,5,2,6,3,737,404,1141,303,0.0029,1,,Vision
7940,20250412,1032,78,1,1,5,3,815,678,1493,484,0.0142,1,,Embedding
7941,20250522,1553,63,2,1,3,3,382,772,1154,433,0.0005,1,3.4,Chat
7942,20250114,1224,32,6,7,1,1,1522,275,1797,188,0.0002,1,,Chat
7943,20250610,1248,24,3,1,3,2,1459,110,1569,792,0.006,1,,Chat
7944,20250331,1443,18,1,1,1,3,3642,1072,4714,677,0.0343,1,3.3,Chat
7945,20250311,1212,66,2,1,3,3,2619,2088,4707,246,0.0016,1,4.3,Chat
7946,20250625,1841,12,5,5,4,2,352,200,552,242,0.0014,1,,Vision
7947,20250301,1651,25,2,2,1,4,252,1233,1485,371,0.0008,1,4.7,Chat
7948,20250615,1638,49,6,6,1,3,510,668,1178,120,0.0002,1,,Embedding
7949,20250520,1535,8,5,4,3,3,768,66,834,319,0.0013,1,3.9,Chat
7950,20250310,1601,55,4,2,1,1,125,120,245,482,0.0002,1,,Chat
7951,20250313,1306,60,3,7,1,2,3553,1755,5308,739,0.037,1,,Embedding
7952,20250108,1854,73,2,5,3,3,99,271,370,120,0.0002,1,4.6,Vision
7953,20250214,706,63,2,1,1,3,406,187,593,284,0.0002,1,,Completion
7954,20250209,1334,63,4,4,2,4,750,383,1133,312,0.0007,1,,Chat
7955,20250223,1023,22,2,1,4,2,346,320,666,277,0.0002,1,,Completion
7956,20250129,935,63,1,2,1,3,0,0,0,454,0.0,1,,Completion
7957,20250331,1311,73,3,1,1,2,9991,701,10692,740,0.0405,1,,Completion
7958,20250109,1122,11,5,6,5,2,501,1193,1694,291,0.0066,1,,Vision
7959,20250211,1332,17,1,2,4,3,1349,4000,5349,659,0.0667,1,4.2,Chat
7960,20250113,1002,43,4,2,5,3,368,641,1009,140,0.0009,1,4.2,Completion
7961,20250413,1501,30,1,5,1,4,649,102,751,427,0.0048,1,3.6,Chat
7962,20250426,1408,1,6,6,6,2,2334,717,3051,251,0.0004,1,,Vision
7963,20250605,1724,55,3,4,4,3,937,149,1086,654,0.005,1,,Chat
7964,20250116,717,65,1,1,4,2,2955,1294,4249,449,0.0342,1,,Chat
7965,20250213,1413,76,6,6,5,4,751,693,1444,157,0.0003,1,,Completion
7966,20250321,1654,7,1,2,1,3,358,1259,1617,891,0.0207,0,,Chat
7967,20250226,1100,36,5,2,4,1,1992,86,2078,387,0.0029,1,,Completion
7968,20250115,1930,10,2,1,1,1,907,279,1186,310,0.0003,1,,Chat
7969,20250420,1123,32,4,7,3,2,7059,200,7259,409,0.002,1,,Chat
7970,20250409,1150,23,2,1,1,3,2799,1827,4626,317,0.0015,1,4.2,Chat
7971,20250414,1520,38,3,6,2,3,514,216,730,717,0.0048,1,,Chat
7972,20250303,1941,73,2,1,3,3,406,2157,2563,220,0.0014,1,,Chat
7973,20250203,1458,49,1,2,3,2,1689,546,2235,185,0.0166,1,4.7,Embedding
7974,20250207,1149,27,1,1,2,4,1635,549,2184,794,0.0164,1,,Chat
7975,20250124,1720,5,1,6,6,2,1053,241,1294,1002,0.0089,1,3.8,Completion
7976,20250424,853,19,5,1,4,4,389,160,549,353,0.0013,1,,Completion
7977,20250103,1917,36,6,1,2,2,568,401,969,322,0.0002,1,4.2,Chat
7978,20250511,2151,5,1,1,3,2,227,1220,1447,735,0.0194,1,5.0,Chat
7979,20250223,1207,30,4,2,1,2,892,619,1511,337,0.001,1,,Embedding
7980,20250104,2245,40,1,1,2,1,1521,617,2138,608,0.0169,1,4.9,Completion
7981,20250414,1607,9,4,2,5,2,646,334,980,281,0.0006,1,,Chat
7982,20250321,1325,59,1,6,2,2,728,895,1623,585,0.0171,1,,Completion
7983,20250208,1603,43,3,1,4,3,1496,416,1912,1005,0.0107,1,,Chat
7984,20250121,1357,60,3,5,1,3,2496,309,2805,189,0.0121,1,,Chat
7985,20250127,1145,65,2,4,2,4,97,270,367,423,0.0002,1,,Chat
7986,20250208,1022,59,4,7,1,3,99,1182,1281,233,0.0015,1,,Chat
7987,20250524,1318,62,2,2,4,3,1352,515,1867,353,0.0005,0,,Vision
7988,20250106,1753,49,2,7,2,3,138,99,237,394,0.0001,1,,Chat
7989,20250420,1007,79,4,2,6,2,363,112,475,240,0.0002,1,,Completion
7990,20250423,1233,80,1,1,3,2,524,221,745,722,0.0059,1,,Vision
7991,20250208,1007,23,1,2,1,2,730,75,805,1090,0.0048,1,,Completion
7992,20250225,1710,64,2,3,3,3,426,153,579,281,0.0002,1,,Completion
7993,20250603,1318,32,6,1,2,3,210,37,247,228,0.0,1,,Completion
7994,20250112,749,66,6,1,1,2,776,384,1160,184,0.0002,1,3.7,Chat
7995,20250506,1104,14,2,1,2,1,3251,638,3889,235,0.0009,1,4.1,Chat
7996,20250202,2359,50,5,1,1,3,226,165,391,269,0.0011,1,,Chat
7997,20250408,732,3,2,1,2,2,3331,385,3716,202,0.0007,1,,Completion
7998,20250504,1556,43,1,2,1,4,1550,450,2000,375,0.0145,1,,Chat
7999,20250511,858,77,4,2,1,2,4760,104,4864,446,0.0013,0,,Completion
8000,20250412,1026,36,1,5,5,4,2951,936,3887,801,0.0288,1,,Embedding
8001,20250127,1653,53,4,4,3,1,155,185,340,145,0.0003,1,3.7,Chat
8002,20250525,1404,4,5,1,1,2,202,61,263,256,0.0006,1,4.6,Chat
8003,20250511,538,38,6,1,2,2,839,113,952,197,0.0001,1,,Embedding
8004,20250123,420,76,4,1,1,3,2936,95,3031,244,0.0009,1,,Chat
8005,20250101,653,59,5,3,1,3,313,1464,1777,309,0.0077,1,,Chat
8006,20250224,1125,7,2,6,1,3,644,205,849,270,0.0002,1,,Chat
8007,20250323,1629,18,3,5,3,3,961,741,1702,703,0.014,1,,Embedding
8008,20250623,1231,77,2,4,2,2,342,211,553,348,0.0002,1,,Completion
8009,20250124,1748,59,4,1,1,1,238,264,502,206,0.0004,1,,Embedding
8010,20250523,1759,73,2,1,3,3,435,2144,2579,301,0.0014,1,,Chat
8011,20250607,1859,41,6,1,2,3,266,333,599,340,0.0001,1,,Embedding
8012,20250525,938,35,2,5,6,4,677,807,1484,247,0.0006,1,,Chat
8013,20250102,1035,11,1,1,1,4,8127,197,8324,685,0.0436,1,,Chat
8014,20250320,1128,80,3,2,3,2,524,1217,1741,603,0.0198,1,,Completion
8015,20250625,1554,48,5,5,2,4,87,506,593,209,0.0026,1,,Completion
8016,20250226,645,64,1,2,1,3,8819,1065,9884,701,0.0601,1,,Completion
8017,20250331,1806,64,3,5,3,3,1715,281,1996,610,0.0094,1,,Chat
8018,20250306,1146,63,2,1,5,3,423,113,536,184,0.0001,1,,Vision
8019,20250311,1757,6,1,1,5,3,1866,373,2239,416,0.0149,1,,Chat
8020,20250610,1259,70,2,2,2,2,146,367,513,372,0.0002,1,,Chat
8021,20250424,2340,17,3,3,3,3,444,1420,1864,489,0.0226,1,,Chat
8022,20250307,918,5,2,5,1,3,240,372,612,188,0.0003,1,,Completion
8023,20250614,1134,47,2,1,1,2,447,176,623,200,0.0002,1,3.5,Vision
8024,20250620,417,77,4,2,1,1,719,349,1068,201,0.0006,1,,Completion
8025,20250309,1545,45,4,5,2,2,2338,336,2674,410,0.001,1,3.6,Chat
8026,20250424,2208,39,2,5,2,2,6486,120,6606,164,0.001,1,,Completion
8027,20250403,1236,75,1,6,4,1,1523,2717,4240,792,0.0484,1,4.6,Completion
8028,20250524,932,15,6,3,4,3,383,318,701,134,0.0001,1,4.6,Completion
8029,20250405,1456,24,5,6,2,1,228,81,309,187,0.0007,1,4.0,Chat
8030,20250531,1542,1,4,1,2,3,956,358,1314,377,0.0007,1,3.3,Completion
8031,20250507,1755,38,2,4,2,2,799,349,1148,292,0.0003,1,4.4,Chat
8032,20250422,1338,6,6,3,1,3,93,867,960,318,0.0003,1,,Chat
8033,20250503,933,66,1,5,1,2,5584,343,5927,625,0.0331,1,,Chat
8034,20250405,1857,25,1,7,4,3,1669,2140,3809,569,0.0404,1,,Chat
8035,20250131,2028,32,5,3,1,1,330,1012,1342,120,0.0055,1,,Chat
8036,20250106,902,5,1,5,4,3,1804,411,2215,632,0.0152,1,,Completion
8037,20250306,1439,61,6,6,2,3,227,127,354,302,0.0001,1,3.7,Chat
8038,20250314,1103,15,2,6,1,3,2223,280,2503,350,0.0005,1,4.3,Chat
8039,20250630,1541,37,6,5,3,4,387,61,448,396,0.0,1,,Completion
8040,20250316,1012,70,1,3,4,3,894,521,1415,638,0.0123,1,,Vision
8041,20250122,1744,44,1,1,5,1,1347,533,1880,881,0.0147,1,,Chat
8042,20250308,1632,3,6,4,1,4,343,124,467,199,0.0001,1,,Embedding
8043,20250202,1348,10,3,3,1,2,385,656,1041,620,0.011,1,,Chat
8044,20250215,304,31,6,6,2,3,187,28,215,246,0.0,1,,Completion
8045,20250614,1848,72,4,2,3,2,121,107,228,263,0.0002,1,3.8,Vision
8046,20250125,923,11,5,7,1,3,254,523,777,231,0.0029,1,,Completion
8047,20250623,808,14,2,3,4,3,101,2158,2259,390,0.0013,1,,Chat
8048,20250603,1239,69,3,4,1,4,1462,378,1840,766,0.0101,1,4.0,Chat
8049,20250216,1033,23,3,7,3,4,778,927,1705,980,0.0162,1,,Vision
8050,20250625,1652,35,1,6,1,2,4600,447,5047,508,0.0297,1,,Chat
8051,20250326,628,21,4,1,1,4,709,455,1164,250,0.0007,0,,Completion
8052,20250628,1031,59,3,1,1,3,4644,1096,5740,948,0.0304,1,3.9,Embedding
8053,20250427,1002,67,5,1,1,3,351,918,1269,275,0.005,1,,Embedding
8054,20250620,1129,53,3,1,1,3,812,595,1407,878,0.0114,1,,Chat
8055,20250214,1339,79,4,1,1,1,1354,491,1845,193,0.001,1,3.5,Chat
8056,20250113,1022,6,2,2,3,1,443,106,549,229,0.0001,1,,Chat
8057,20250421,2033,42,2,2,2,2,646,172,818,467,0.0002,1,3.3,Completion
8058,20250309,1034,27,5,3,5,3,279,939,1218,344,0.005,1,,Vision
8059,20250612,1325,53,2,6,2,1,1406,426,1832,163,0.0005,1,,Chat
8060,20250503,401,27,2,3,1,4,399,830,1229,238,0.0006,1,3.7,Chat
8061,20250124,1543,28,3,3,6,4,1610,120,1730,557,0.0066,1,4.3,Completion
8062,20250507,1529,2,3,5,3,2,609,426,1035,739,0.0082,1,,Chat
8063,20250630,1451,30,1,2,1,2,3815,866,4681,432,0.0321,0,4.8,Chat
8064,20250116,1208,66,5,1,2,4,677,1030,1707,233,0.006,1,,Completion
8065,20250209,722,62,4,2,2,3,988,173,1161,154,0.0005,1,4.3,Chat
8066,20250124,1459,48,1,1,3,3,3543,348,3891,762,0.0229,1,,Completion
8067,20250213,1613,45,1,5,1,2,2956,300,3256,394,0.0193,1,,Chat
8068,20250115,1046,11,1,2,1,4,2954,1134,4088,432,0.0318,1,,Chat
8069,20250312,2206,32,3,4,1,4,456,1555,2011,995,0.0247,1,3.9,Embedding
8070,20250130,1439,41,3,5,3,2,620,295,915,590,0.0063,1,3.7,Completion
8071,20250507,1812,80,2,1,1,2,225,69,294,315,0.0001,1,,Embedding
8072,20250430,1600,44,1,2,4,2,9585,161,9746,619,0.0503,1,,Completion
8073,20250617,1824,66,3,1,1,1,1511,499,2010,829,0.012,1,,Chat
8074,20250208,1157,9,2,3,2,1,1431,113,1544,131,0.0003,1,,Chat
8075,20250604,1231,61,6,2,2,2,66,354,420,120,0.0001,1,,Chat
8076,20250123,1513,46,6,1,6,1,785,311,1096,322,0.0002,1,,Chat
8077,20250304,1431,54,3,1,2,3,999,3427,4426,739,0.0544,1,4.6,Chat
8078,20250208,1743,15,3,2,1,1,3916,1135,5051,1119,0.0288,1,,Chat
8079,20250514,1434,53,2,1,3,3,660,190,850,254,0.0002,1,,Chat
8080,20250630,1119,70,1,1,6,2,2636,252,2888,666,0.017,1,,Chat
8081,20250429,1623,39,2,5,4,1,761,154,915,348,0.0002,1,,Vision
8082,20250319,1331,61,3,5,1,4,75,236,311,968,0.0038,1,3.9,Chat
8083,20250607,1939,36,2,1,4,4,1067,643,1710,203,0.0005,1,,Chat
8084,20250625,1245,41,1,2,6,3,4607,902,5509,664,0.0366,1,,Chat
8085,20250513,1337,26,1,2,2,2,4334,1747,6081,797,0.0479,1,4.0,Completion
8086,20250519,1414,54,1,1,3,4,937,1162,2099,399,0.0221,1,,Chat
8087,20250219,1057,11,1,3,1,2,313,1945,2258,486,0.0307,1,4.5,Embedding
8088,20250409,1511,71,2,2,1,4,594,3877,4471,323,0.0024,1,,Embedding
8089,20250214,639,25,1,3,5,3,4339,416,4755,604,0.0279,1,4.7,Embedding
8090,20250605,1134,59,4,6,1,3,793,385,1178,216,0.0007,1,4.4,Chat
8091,20250409,1122,67,2,1,1,3,728,45,773,138,0.0001,1,,Vision
8092,20250521,2022,8,4,6,2,4,893,211,1104,120,0.0005,1,4.6,Chat
8093,20250302,1352,56,2,5,5,3,1614,3112,4726,465,0.0021,1,,Embedding
8094,20250119,1008,45,1,3,2,2,815,148,963,458,0.0063,1,,Chat
8095,20250321,1333,67,6,5,2,3,477,1893,2370,151,0.0006,1,,Chat
8096,20250105,1342,17,1,1,1,2,170,824,994,344,0.0132,1,,Chat
8097,20250514,1847,13,6,4,2,2,511,100,611,120,0.0001,1,,Chat
8098,20250619,1011,27,3,7,3,2,1701,898,2599,536,0.0186,1,,Chat
8099,20250208,1735,25,1,6,4,2,430,37,467,714,0.0027,1,4.5,Chat
8100,20250110,1926,35,4,3,1,3,2141,109,2250,226,0.0007,1,,Chat
8101,20250406,1638,16,5,1,2,3,378,361,739,209,0.0023,1,,Chat
8102,20250423,906,77,3,1,1,4,546,1492,2038,653,0.024,1,,Chat
8103,20250512,1906,5,2,4,4,2,1062,1294,2356,360,0.0009,1,4.4,Chat
8104,20250129,1706,77,1,6,1,3,1187,4000,5187,675,0.0659,1,3.7,Chat
8105,20250118,621,35,4,4,6,2,846,143,989,379,0.0004,1,4.8,Embedding
8106,20250428,1621,66,5,2,2,2,559,155,714,294,0.0015,1,,Chat
8107,20250317,1141,78,5,3,4,3,1351,529,1880,567,0.0043,1,,Chat
8108,20250607,1259,15,1,1,1,4,988,519,1507,624,0.0127,1,,Chat
8109,20250117,1828,71,1,3,3,2,1016,3919,4935,782,0.0639,1,4.2,Completion
8110,20250620,1229,58,2,7,1,3,341,800,1141,282,0.0005,1,,Chat
8111,20250222,1445,27,3,6,3,3,736,567,1303,504,0.0107,1,,Embedding
8112,20250322,1904,37,4,1,1,1,1268,284,1552,261,0.0007,1,,Chat
8113,20250207,1428,70,6,1,1,4,661,146,807,120,0.0001,1,,Vision
8114,20250204,1005,63,5,1,1,2,592,176,768,360,0.0016,1,,Completion
8115,20250203,1332,33,3,1,4,1,8721,353,9074,682,0.0315,1,,Chat
8116,20250207,1246,23,5,4,1,2,988,817,1805,339,0.0053,1,3.8,Completion
8117,20250314,554,19,6,5,2,2,1043,139,1182,249,0.0001,1,,Chat
8118,20250314,1640,58,1,1,1,2,437,1804,2241,569,0.0292,1,,Chat
8119,20250326,2248,24,1,6,1,2,1434,3041,4475,922,0.0528,1,,Embedding
8120,20250629,1110,67,2,1,6,3,206,363,569,222,0.0002,1,4.9,Completion
8121,20250225,2015,24,5,2,5,2,532,255,787,143,0.0019,1,4.1,Completion
8122,20250331,1524,37,6,5,1,2,231,481,712,336,0.0002,1,,Chat
8123,20250319,1131,71,2,4,5,2,1573,261,1834,135,0.0004,1,3.3,Embedding
8124,20250626,2014,7,1,1,3,1,531,974,1505,746,0.0173,1,4.7,Vision
8125,20250121,1522,29,6,6,5,2,929,144,1073,445,0.0001,1,,Chat
8126,20250328,1728,69,5,2,1,2,1019,106,1125,184,0.0018,1,,Chat
8127,20250419,1612,4,4,1,4,4,109,440,549,149,0.0006,1,,Completion
8128,20250126,1056,29,1,2,3,1,326,760,1086,903,0.013,1,4.8,Chat
8129,20250202,1536,23,2,2,4,2,1004,380,1384,346,0.0004,1,3.5,Completion
8130,20250122,1512,61,6,3,2,3,57,713,770,358,0.0002,1,4.1,Chat
8131,20250114,1224,52,1,5,1,3,186,757,943,724,0.0123,1,,Vision
8132,20250311,1232,67,4,1,1,3,786,821,1607,514,0.0012,1,,Chat
8133,20250624,1437,6,5,2,1,4,898,163,1061,230,0.0019,1,4.5,Chat
8134,20250224,1305,62,6,2,2,2,1919,662,2581,469,0.0003,1,,Vision
8135,20250606,804,52,1,2,3,1,356,1714,2070,979,0.0275,1,,Completion
8136,20250421,1429,55,3,1,1,4,50,296,346,726,0.0046,1,,Chat
8137,20250606,1049,77,3,7,1,3,1611,3654,5265,974,0.0596,1,,Vision
8138,20250607,1746,67,5,5,1,3,627,216,843,354,0.0019,1,3.7,Chat
8139,20250617,1411,30,3,3,2,3,1421,137,1558,487,0.0063,1,3.8,Chat
8140,20250127,1748,33,5,4,1,4,246,413,659,320,0.0024,1,,Vision
8141,20250509,1545,54,3,4,4,1,2345,1092,3437,508,0.0234,1,,Chat
8142,20250426,847,70,5,2,3,2,303,614,917,162,0.0034,1,,Completion
8143,20250512,911,11,2,1,2,2,259,68,327,167,0.0001,1,,Completion
8144,20250227,1858,4,3,3,1,1,654,114,768,533,0.0037,1,3.5,Vision
8145,20250221,1603,27,3,6,3,2,214,1488,1702,322,0.023,1,,Embedding
8146,20250320,1202,63,4,2,2,3,460,204,664,273,0.0004,1,4.3,Completion
8147,20250416,1744,6,1,3,4,4,1285,338,1623,754,0.0115,1,,Chat
8148,20250527,1414,27,1,1,1,2,685,626,1311,478,0.0128,1,,Vision
8149,20250629,1004,6,1,3,4,1,2998,920,3918,825,0.0288,1,,Completion
8150,20250327,1644,74,1,7,1,3,551,1558,2109,582,0.0261,1,,Completion
8151,20250328,1700,50,5,1,1,4,594,431,1025,313,0.0029,1,4.2,Chat
8152,20250418,1737,47,3,5,4,3,261,134,395,802,0.0028,1,4.8,Chat
8153,20250304,1519,40,2,1,1,2,330,450,780,142,0.0003,1,,Chat
8154,20250607,338,75,3,1,1,2,4971,1087,6058,667,0.0312,1,4.7,Chat
8155,20250103,1117,59,3,1,1,1,361,540,901,454,0.0092,1,,Chat
8156,20250203,1016,60,2,7,2,2,185,408,593,243,0.0003,0,,Chat
8157,20250416,1638,62,3,3,5,3,2115,748,2863,1255,0.0176,1,,Completion
8158,20250306,1714,63,1,2,1,3,379,930,1309,637,0.0158,0,3.3,Chat
8159,20250404,807,17,5,2,6,4,185,485,670,348,0.0027,1,,Chat
8160,20250411,956,74,3,3,2,1,3533,788,4321,922,0.0224,1,,Completion
8161,20250207,1842,50,5,2,4,4,576,1326,1902,169,0.0074,1,,Chat
8162,20250331,2305,48,2,2,2,3,301,317,618,224,0.0002,1,3.6,Vision
8163,20250303,1250,43,3,1,2,2,12000,387,12387,843,0.0418,1,,Chat
8164,20250126,1344,53,3,1,2,3,3417,358,3775,708,0.0156,1,,Chat
8165,20250323,1649,44,5,6,4,3,347,3442,3789,346,0.0176,1,,Vision
8166,20250601,1357,3,3,3,1,2,666,656,1322,373,0.0118,1,,Chat
8167,20250101,2132,28,1,3,6,2,2061,553,2614,887,0.0186,1,4.9,Chat
8168,20250320,1148,62,2,5,6,3,235,295,530,292,0.0002,1,,Chat
8169,20250519,1635,55,3,6,3,4,306,390,696,120,0.0068,1,,Vision
8170,20250505,907,75,6,7,4,1,1266,747,2013,168,0.0003,1,,Embedding
8171,20250523,1201,39,4,6,5,4,680,825,1505,429,0.0012,1,3.6,Completion
8172,20250414,1450,19,5,1,5,3,526,96,622,290,0.0011,1,,Embedding
8173,20250427,2224,56,6,1,5,3,2124,383,2507,309,0.0003,1,,Chat
8174,20250608,1115,15,3,1,1,4,937,692,1629,684,0.0132,1,3.2,Chat
8175,20250204,1818,56,4,1,1,4,1581,514,2095,182,0.001,1,,Chat
8176,20250319,1029,17,6,1,1,3,299,403,702,120,0.0001,1,3.7,Chat
8177,20250323,1341,3,2,3,5,3,2363,582,2945,245,0.0007,1,,Embedding
8178,20250315,1125,65,6,1,2,3,1373,428,1801,255,0.0002,1,,Vision
8179,20250130,1159,69,2,1,1,2,712,255,967,356,0.0003,1,,Vision
8180,20250527,1800,12,2,1,1,3,194,116,310,412,0.0001,1,,Embedding
8181,20250401,1405,6,6,3,5,3,240,761,1001,313,0.0002,0,,Chat
8182,20250217,2249,9,3,1,1,4,1058,1725,2783,320,0.029,1,,Completion
8183,20250614,1904,16,1,2,1,3,3443,2763,6206,902,0.0587,1,,Completion
8184,20250128,1314,25,1,7,1,2,415,339,754,249,0.0072,1,3.8,Chat
8185,20250130,1041,60,2,4,2,2,975,317,1292,258,0.0003,1,3.5,Chat
8186,20250516,1046,58,5,2,1,3,134,385,519,317,0.0021,1,,Vision
8187,20250210,1058,63,5,2,2,3,411,1225,1636,393,0.0066,1,,Chat
8188,20250228,852,50,1,2,1,1,1230,2397,3627,600,0.0421,1,,Completion
8189,20250201,1206,25,3,5,2,3,3994,1537,5531,862,0.035,1,,Completion
8190,20250621,1200,50,4,6,2,3,1207,1176,2383,275,0.0018,1,3.9,Completion
8191,20250325,1227,30,2,1,1,3,2012,1879,3891,487,0.0014,1,5.0,Chat
8192,20250304,1249,56,6,1,4,3,519,137,656,291,0.0001,1,,Chat
8193,20250514,925,73,1,4,4,2,791,1171,1962,738,0.0215,1,,Vision
8194,20250324,630,5,6,7,4,2,2733,131,2864,185,0.0002,1,,Vision
8195,20250511,915,35,6,6,2,3,366,154,520,194,0.0001,1,3.9,Chat
8196,20250325,405,28,1,4,1,4,1525,750,2275,1160,0.0189,1,,Chat
8197,20250313,1533,17,1,2,2,4,815,192,1007,628,0.007,1,,Embedding
8198,20250322,1514,40,1,6,1,4,809,637,1446,1081,0.0136,1,,Embedding
8199,20250104,1206,36,3,6,2,4,203,1379,1582,721,0.0213,1,,Embedding
8200,20250418,733,34,2,6,2,2,977,141,1118,323,0.0002,1,4.8,Chat
8201,20250520,2159,20,3,4,5,1,1122,1684,2806,370,0.0286,1,,Chat
8202,20250510,741,80,4,1,1,4,4087,429,4516,342,0.0016,1,,Chat
8203,20250407,1833,5,2,1,4,3,413,666,1079,346,0.0005,1,,Chat
8204,20250314,829,77,5,1,3,2,2595,1003,3598,154,0.0083,1,,Completion
8205,20250118,1448,14,1,7,1,3,1063,2315,3378,329,0.04,1,,Embedding
8206,20250406,447,45,5,5,1,3,568,618,1186,415,0.0038,1,4.3,Completion
8207,20250103,1347,59,1,4,1,4,1193,373,1566,448,0.0116,1,,Completion
8208,20250104,1554,13,5,1,1,1,588,214,802,235,0.0018,1,,Chat
8209,20250627,1622,62,3,1,3,3,603,475,1078,854,0.0089,1,,Chat
8210,20250316,1417,76,3,2,2,2,468,588,1056,749,0.0102,1,,Chat
8211,20250610,1750,53,1,7,4,1,629,354,983,491,0.0085,1,,Chat
8212,20250405,1140,1,3,2,1,2,2008,1058,3066,889,0.0219,1,3.4,Chat
8213,20250125,1351,50,1,1,1,2,328,1136,1464,686,0.0187,1,,Chat
8214,20250501,1441,24,1,2,6,1,371,499,870,378,0.0093,1,3.2,Vision
8215,20250103,1508,33,2,1,5,3,451,212,663,129,0.0002,1,4.7,Chat
8216,20250329,1810,48,2,7,2,4,527,355,882,207,0.0003,1,3.3,Chat
8217,20250111,734,62,4,7,2,4,412,240,652,308,0.0004,1,,Chat
8218,20250109,1249,38,3,1,1,3,653,144,797,661,0.0041,1,4.0,Chat
8219,20250407,1003,12,2,1,1,3,2183,375,2558,335,0.0006,1,3.9,Embedding
8220,20250330,1326,73,1,1,5,4,1638,258,1896,381,0.0121,1,,Chat
8221,20250112,1428,62,3,2,1,4,2369,94,2463,536,0.0085,1,,Chat
8222,20250420,2133,73,6,4,2,3,1023,1220,2243,217,0.0004,1,3.3,Embedding
8223,20250103,1233,50,2,2,1,1,1587,561,2148,270,0.0006,1,3.5,Embedding
8224,20250418,808,67,3,3,3,4,4259,4000,8259,292,0.0728,1,,Vision
8225,20250307,1958,64,4,5,5,1,436,248,684,306,0.0004,1,,Embedding
8226,20250218,905,14,4,1,3,2,643,83,726,326,0.0003,0,,Embedding
8227,20250422,2240,8,5,3,4,1,374,286,660,268,0.0019,1,3.5,Chat
8228,20250519,1719,50,2,6,2,3,958,722,1680,230,0.0006,1,,Completion
8229,20250406,1505,79,2,6,1,4,50,582,632,160,0.0004,1,,Chat
8230,20250306,1229,74,6,1,4,2,1300,89,1389,386,0.0001,1,,Embedding
8231,20250225,1318,37,1,7,4,2,5727,255,5982,237,0.0325,1,,Chat
8232,20250218,1337,44,4,2,1,4,1128,584,1712,168,0.001,1,,Chat
8233,20250103,719,49,1,1,1,4,980,983,1963,755,0.0196,1,,Completion
8234,20250205,2030,36,3,1,1,1,921,104,1025,922,0.0043,1,,Completion
8235,20250508,1451,43,1,1,1,3,1776,1247,3023,937,0.0276,1,,Embedding
8236,20250519,1340,29,4,2,1,2,1917,528,2445,215,0.0011,1,4.9,Chat
8237,20250121,1353,78,1,3,4,3,2481,306,2787,851,0.017,1,,Chat
8238,20250216,1431,28,1,1,2,3,1961,2364,4325,731,0.0453,1,,Completion
8239,20250418,1436,2,5,1,2,2,617,294,911,310,0.0022,1,,Embedding
8240,20250529,1935,17,4,4,1,2,383,184,567,405,0.0003,1,,Chat
8241,20250121,1108,49,3,6,1,1,1662,343,2005,267,0.0101,1,,Chat
8242,20250222,1438,27,5,4,1,1,1814,313,2127,134,0.0038,1,3.3,Chat
8243,20250102,1400,30,3,7,3,2,628,49,677,631,0.0026,1,3.6,Embedding
8244,20250123,1657,55,1,2,2,2,4349,3193,7542,798,0.0696,1,,Completion
8245,20250522,1738,71,3,1,3,3,370,2809,3179,938,0.0432,1,,Chat
8246,20250625,1229,23,1,1,3,1,2648,1045,3693,984,0.0289,1,,Embedding
8247,20250414,1337,48,1,7,1,3,635,377,1012,854,0.0088,1,,Chat
8248,20250426,641,21,3,6,2,4,66,1407,1473,712,0.0213,1,4.4,Chat
8249,20250628,1426,15,6,5,5,2,205,77,282,217,0.0,1,,Embedding
8250,20250520,1519,46,5,4,2,3,392,709,1101,186,0.004,1,,Chat
8251,20250313,1118,9,4,3,6,2,1252,239,1491,247,0.0006,1,,Embedding
8252,20250604,1136,36,1,1,4,2,584,842,1426,760,0.0155,1,,Chat
8253,20250529,1447,35,1,3,2,1,723,496,1219,1013,0.0111,0,,Chat
8254,20250121,835,21,5,7,4,2,3631,359,3990,262,0.0063,1,5.0,Vision
8255,20250429,1718,65,1,7,1,2,169,2233,2402,1072,0.0343,1,,Chat
8256,20250616,1818,60,4,6,1,1,100,632,732,441,0.0008,1,,Chat
8257,20250428,2040,75,3,6,1,3,327,1580,1907,1058,0.0247,1,,Chat
8258,20250204,1422,32,2,2,2,2,179,668,847,383,0.0004,1,4.3,Vision
8259,20250629,1332,10,2,1,3,1,227,760,987,204,0.0005,1,,Embedding
8260,20250513,1529,43,5,5,2,4,2703,80,2783,368,0.0038,1,,Vision
8261,20250227,1302,47,2,2,1,3,565,511,1076,204,0.0004,1,,Embedding
8262,20250618,900,7,5,2,1,4,133,941,1074,243,0.0049,1,,Chat
8263,20250416,1632,24,5,2,1,2,429,123,552,343,0.0012,1,,Chat
8264,20250311,1507,35,4,1,2,3,537,426,963,185,0.0007,1,,Completion
8265,20250106,1845,78,2,6,5,4,2128,629,2757,243,0.0007,1,,Chat
8266,20250601,1454,48,5,5,2,3,2729,981,3710,475,0.0083,1,,Chat
8267,20250331,1030,30,1,1,2,2,561,683,1244,742,0.0131,1,,Chat
8268,20250326,1345,29,1,2,2,2,907,2006,2913,629,0.0346,1,,Chat
8269,20250413,937,64,3,3,4,4,445,761,1206,1333,0.0127,1,,Embedding
8270,20250621,1040,53,5,4,3,1,501,2550,3051,232,0.0134,1,4.5,Embedding
8271,20250430,1541,59,2,1,4,4,3598,147,3745,249,0.0006,1,,Completion
8272,20250213,1228,3,4,5,4,4,169,1253,1422,222,0.0016,1,,Chat
8273,20250324,1020,18,2,5,4,4,445,727,1172,291,0.0005,1,,Completion
8274,20250216,1052,7,5,6,1,4,961,658,1619,277,0.0045,1,4.3,Vision
8275,20250428,1347,57,2,1,4,3,1659,283,1942,437,0.0004,1,4.0,Vision
8276,20250331,1002,6,2,3,3,4,329,153,482,256,0.0001,1,,Chat
8277,20250128,1438,23,5,2,4,3,201,358,559,335,0.002,1,,Completion
8278,20250412,825,68,2,5,2,3,416,535,951,173,0.0004,1,,Chat
8279,20250220,1237,72,3,6,3,1,3976,3312,7288,750,0.0616,1,,Embedding
8280,20250501,1348,23,1,2,2,2,811,1429,2240,907,0.0255,1,,Completion
8281,20250531,954,22,3,1,1,2,3328,338,3666,454,0.0151,1,,Completion
8282,20250410,1304,12,1,6,2,4,3610,807,4417,714,0.0302,1,,Chat
8283,20250221,1554,57,3,7,4,1,2138,539,2677,793,0.0145,1,,Embedding
8284,20250101,1123,9,3,2,1,2,2568,1358,3926,809,0.0281,1,,Completion
8285,20250622,1729,58,4,1,4,3,1010,895,1905,120,0.0014,1,,Completion
8286,20250106,1732,67,1,7,2,3,9657,333,9990,483,0.0533,1,3.9,Chat
8287,20250220,1919,32,4,3,2,3,288,187,475,296,0.0003,1,,Chat
8288,20250623,1041,8,2,3,5,3,1461,168,1629,315,0.0003,1,4.2,Chat
8289,20250120,1529,61,6,3,3,3,2973,889,3862,228,0.0005,1,4.2,Chat
8290,20250311,824,21,3,7,2,2,3096,323,3419,573,0.0141,1,,Completion
8291,20250211,931,11,3,5,1,4,2641,325,2966,642,0.0128,1,,Chat
8292,20250605,1359,46,5,1,5,3,784,579,1363,256,0.0039,1,,Vision
8293,20250325,1144,14,3,5,1,4,208,663,871,614,0.0106,1,,Completion
8294,20250328,1144,70,5,1,1,2,703,683,1386,388,0.0043,1,,Chat
8295,20250508,739,11,1,7,5,3,933,1499,2432,1013,0.0272,1,,Completion
8296,20250309,1033,19,5,4,3,3,2299,104,2403,392,0.0034,1,4.9,Chat
8297,20250130,1208,63,4,2,4,1,2714,222,2936,249,0.001,1,,Completion
8298,20250606,1324,64,6,4,3,4,166,73,239,329,0.0,1,,Completion
8299,20250321,1744,17,2,1,1,4,1149,113,1262,327,0.0002,1,,Chat
8300,20250417,1015,47,4,6,1,3,959,864,1823,316,0.0013,0,4.4,Completion
8301,20250417,1904,44,3,3,5,2,1152,489,1641,665,0.0108,1,,Completion
8302,20250331,813,30,3,1,2,3,895,446,1341,585,0.0094,1,,Embedding
8303,20250128,1524,60,2,5,4,1,175,124,299,390,0.0001,1,4.8,Embedding
8304,20250526,536,30,4,5,4,2,1158,240,1398,295,0.0006,1,,Chat
8305,20250415,2040,34,1,1,4,1,1174,1090,2264,663,0.0222,1,,Completion
8306,20250119,1308,7,2,3,5,2,539,599,1138,208,0.0004,1,,Chat
8307,20250303,941,66,1,6,1,4,1442,722,2164,235,0.018,1,3.3,Completion
8308,20250214,1331,44,2,3,3,4,220,562,782,120,0.0004,1,,Chat
8309,20250208,2132,39,3,6,3,3,955,264,1219,585,0.0068,1,,Chat
8310,20250418,1630,55,2,3,1,2,1482,261,1743,139,0.0004,1,,Completion
8311,20250221,935,29,3,3,1,4,1783,1537,3320,904,0.0284,1,,Completion
8312,20250208,1428,70,4,1,3,3,1588,1678,3266,396,0.0025,1,,Chat
8313,20250513,1757,73,5,4,2,1,321,748,1069,325,0.0041,1,,Chat
8314,20250421,1632,80,4,5,5,4,2069,447,2516,269,0.0011,1,3.4,Completion
8315,20250330,924,44,2,1,1,1,509,395,904,307,0.0003,1,,Vision
8316,20250404,1441,66,2,2,2,3,1577,689,2266,273,0.0006,1,3.3,Chat
8317,20250620,1051,3,2,1,1,1,939,2229,3168,311,0.0015,1,4.7,Chat
8318,20250621,1221,20,3,1,1,1,2288,1059,3347,783,0.0227,0,,Vision
8319,20250604,1915,65,3,3,1,3,1970,2119,4089,702,0.0377,1,4.8,Chat
8320,20250212,2030,60,4,2,2,1,1970,723,2693,357,0.0014,1,,Vision
8321,20250328,2344,34,3,6,2,3,3930,268,4198,705,0.0158,1,4.7,Chat
8322,20250524,1256,15,1,1,2,3,10556,1976,12532,1112,0.0824,1,4.4,Completion
8323,20250424,1036,4,5,1,3,4,1792,103,1895,123,0.0028,1,,Vision
8324,20250603,1250,2,2,1,1,2,2594,142,2736,278,0.0005,1,4.2,Chat
8325,20250203,1849,4,1,2,2,2,3122,4000,7122,650,0.0756,1,,Completion
8326,20250204,1234,68,2,1,3,2,248,241,489,171,0.0002,1,4.5,Vision
8327,20250114,610,26,6,3,2,3,3893,344,4237,533,0.0004,1,,Chat
8328,20250102,1001,8,3,3,6,1,872,288,1160,504,0.0069,1,,Chat
8329,20250115,1729,44,2,1,1,3,1107,695,1802,411,0.0006,1,4.9,Embedding
8330,20250529,1806,15,5,5,1,1,268,211,479,291,0.0014,1,3.4,Chat
8331,20250331,408,13,4,2,3,4,1332,361,1693,345,0.0008,1,,Chat
8332,20250419,1140,77,1,2,1,1,1741,1490,3231,643,0.0311,1,,Chat
8333,20250416,1031,63,1,3,3,2,1239,444,1683,341,0.0129,1,4.7,Embedding
8334,20250625,1108,31,2,5,1,1,189,115,304,168,0.0001,1,,Chat
8335,20250101,1727,62,2,1,1,3,2540,89,2629,434,0.0004,1,,Embedding
8336,20250130,950,11,3,6,1,3,2826,769,3595,794,0.02,1,,Vision
8337,20250113,909,67,6,1,4,1,130,166,296,321,0.0001,1,,Chat
8338,20250310,2107,39,4,2,2,2,263,303,566,206,0.0004,1,,Chat
8339,20250302,1315,66,1,1,3,3,194,2497,2691,655,0.0384,1,,Completion
8340,20250210,1716,2,1,2,3,2,1061,721,1782,906,0.0161,1,,Vision
8341,20250418,1451,37,1,2,4,2,1583,283,1866,528,0.0122,1,,Chat
8342,20250507,955,10,1,3,1,1,640,1975,2615,1061,0.0328,1,,Embedding
8343,20250616,901,76,2,5,6,3,949,252,1201,416,0.0003,1,,Completion
8344,20250510,1423,63,4,1,3,2,660,175,835,129,0.0004,1,,Chat
8345,20250227,1702,40,3,4,1,3,1906,861,2767,513,0.0186,1,3.4,Chat
8346,20250531,1323,30,2,1,3,3,1355,761,2116,164,0.0007,1,,Completion
8347,20250311,1107,53,3,6,2,2,333,728,1061,851,0.0119,1,,Chat
8348,20250515,1209,22,3,3,1,4,690,437,1127,1174,0.0086,1,4.1,Embedding
8349,20250223,1820,31,2,1,2,4,1284,433,1717,278,0.0005,1,4.2,Chat
8350,20250323,1035,80,4,5,4,3,255,203,458,186,0.0003,1,,Chat
8351,20250616,1135,50,3,2,4,3,1209,587,1796,508,0.0124,1,,Chat
8352,20250227,1512,23,2,7,2,3,561,396,957,207,0.0003,1,4.6,Vision
8353,20250102,1644,69,3,1,2,4,784,2774,3558,598,0.044,1,,Chat
8354,20250623,1335,25,3,1,1,3,2425,1301,3726,859,0.0268,1,3.8,Chat
8355,20250620,2139,20,3,2,1,2,2596,564,3160,529,0.0162,1,,Completion
8356,20250430,1323,27,2,2,1,2,2529,101,2630,199,0.0004,1,,Completion
8357,20250613,1341,34,1,6,6,2,582,408,990,1060,0.009,1,5.0,Chat
8358,20250429,1217,74,5,2,3,3,963,80,1043,171,0.0016,1,,Chat
8359,20250221,1751,65,4,1,2,3,2984,398,3382,250,0.0012,1,,Chat
8360,20250318,1533,16,5,5,4,3,64,401,465,177,0.0021,1,4.0,Embedding
8361,20250106,1726,36,2,3,1,3,92,193,285,275,0.0001,1,,Embedding
8362,20250617,1009,17,3,1,2,3,920,1421,2341,644,0.0241,1,,Chat
8363,20250122,1028,80,1,1,4,3,3430,763,4193,716,0.0286,1,3.5,Completion
8364,20250519,1038,75,5,1,4,4,67,152,219,181,0.0008,1,,Vision
8365,20250211,1130,29,4,3,4,2,311,363,674,366,0.0005,1,,Chat
8366,20250124,1858,60,2,5,5,4,1413,154,1567,285,0.0003,1,,Completion
8367,20250624,2020,53,3,1,5,3,274,2166,2440,423,0.0333,1,4.8,Embedding
8368,20250316,1520,33,1,3,2,4,2023,720,2743,1156,0.0209,1,4.4,Completion
8369,20250204,1213,54,1,2,1,4,259,844,1103,611,0.014,1,4.2,Chat
8370,20250307,1612,50,6,7,1,4,1471,320,1791,322,0.0002,1,,Chat
8371,20250508,1459,23,1,1,1,4,8037,423,8460,493,0.0465,1,,Vision
8372,20250501,1711,74,3,2,1,2,528,873,1401,611,0.0147,1,3.7,Chat
8373,20250211,1313,64,6,1,3,2,5964,942,6906,380,0.0007,1,,Chat
8374,20250331,1659,50,1,4,5,2,670,771,1441,782,0.0149,1,4.5,Chat
8375,20250520,1439,26,1,1,1,3,1472,412,1884,712,0.0135,1,,Completion
8376,20250630,1126,62,2,5,3,4,1252,59,1311,413,0.0002,1,,Chat
8377,20250606,817,41,1,7,3,3,460,887,1347,772,0.0156,1,,Completion
8378,20250101,2256,65,3,1,4,1,1801,579,2380,693,0.0141,1,4.4,Embedding
8379,20250504,2014,21,3,1,2,2,12000,504,12504,773,0.0436,1,4.2,Chat
8380,20250528,1359,53,2,6,1,1,611,1631,2242,189,0.0011,1,,Completion
8381,20250213,452,27,3,6,2,1,1839,1883,3722,700,0.0338,1,,Completion
8382,20250316,1603,20,1,6,2,4,2842,668,3510,776,0.0242,1,,Completion
8383,20250530,1620,21,6,4,1,2,114,363,477,125,0.0001,1,,Chat
8384,20250123,1337,25,1,3,4,3,816,1607,2423,705,0.0282,1,,Chat
8385,20250211,1556,65,5,7,1,3,559,807,1366,123,0.0047,1,3.7,Chat
8386,20250202,1047,74,3,3,4,3,4847,397,5244,161,0.0205,1,4.2,Chat
8387,20250104,1908,10,2,5,5,1,1753,604,2357,289,0.0006,1,,Chat
8388,20250309,2024,39,1,4,6,3,4715,2618,7333,808,0.0628,1,4.9,Chat
8389,20250622,1408,18,6,5,1,4,464,112,576,329,0.0001,1,3.3,Chat
8390,20250329,1602,40,1,6,3,3,944,1078,2022,574,0.0209,1,,Chat
8391,20250429,1724,59,2,2,3,4,300,134,434,256,0.0001,1,,Completion
8392,20250627,1757,77,3,1,3,3,420,1631,2051,276,0.0257,0,4.3,Embedding
8393,20250504,1319,53,5,1,1,3,186,35,221,315,0.0004,1,3.7,Chat
8394,20250218,1333,34,6,2,3,1,189,212,401,323,0.0001,1,,Embedding
8395,20250618,1213,16,3,5,3,4,1098,412,1510,517,0.0095,1,4.6,Completion
8396,20250222,1121,68,3,7,1,2,717,294,1011,418,0.0066,1,5.0,Embedding
8397,20250630,1242,78,4,1,5,1,373,132,505,355,0.0003,1,,Embedding
8398,20250307,1841,43,2,2,1,3,665,349,1014,1696,0.0003,1,,Chat
8399,20250129,1819,19,2,3,1,3,3179,287,3466,228,0.0006,1,4.1,Completion
8400,20250220,1557,2,3,3,3,2,1523,374,1897,757,0.0102,1,,Vision
8401,20250424,1722,16,4,7,1,2,327,2866,3193,129,0.0037,1,4.9,Chat
8402,20250517,1051,66,3,3,3,3,1692,4000,5692,522,0.0651,1,,Completion
8403,20250531,925,72,5,4,1,1,1090,267,1357,345,0.0027,1,,Chat
8404,20250630,1305,65,2,3,5,4,307,2432,2739,120,0.0015,1,3.8,Completion
8405,20250422,2113,10,1,6,1,3,3405,296,3701,1075,0.0215,1,,Chat
8406,20250410,810,68,3,3,3,1,3670,83,3753,389,0.0123,1,3.2,Embedding
8407,20250516,942,25,1,4,1,3,632,608,1240,462,0.0123,1,4.8,Chat
8408,20250328,506,64,4,2,3,3,1009,344,1353,320,0.0007,1,4.7,Chat
8409,20250414,1457,52,4,6,1,1,1569,309,1878,379,0.0008,1,,Completion
8410,20250208,1013,17,1,3,4,1,652,2224,2876,958,0.0366,1,,Completion
8411,20250627,1653,33,3,2,1,2,550,239,789,952,0.0052,1,,Completion
8412,20250429,1958,50,1,4,3,3,1256,4000,5256,754,0.0663,1,3.5,Chat
8413,20250331,956,61,3,7,5,3,1016,604,1620,669,0.0121,1,3.2,Completion
8414,20250501,1950,73,1,2,1,4,514,169,683,787,0.0051,1,,Chat
8415,20250109,1134,65,5,1,1,1,5890,736,6626,228,0.011,1,,Completion
8416,20250616,1856,51,4,7,1,3,1283,566,1849,268,0.001,1,,Vision
8417,20250130,1515,76,5,1,1,4,100,1011,1111,120,0.0052,1,,Vision
8418,20250212,1255,30,1,2,1,3,271,373,644,633,0.007,1,,Chat
8419,20250428,935,42,1,6,5,2,83,732,815,1124,0.0114,1,,Completion
8420,20250325,1220,51,4,3,1,4,1577,1186,2763,120,0.0019,1,,Chat
8421,20250128,1259,60,1,2,4,3,373,279,652,1037,0.0061,1,,Chat
8422,20250508,1407,61,1,1,2,2,2947,577,3524,374,0.0234,1,4.0,Completion
8423,20250129,1643,18,1,1,6,3,4687,813,5500,761,0.0356,1,3.5,Chat
8424,20250606,915,23,3,2,4,4,2715,2161,4876,742,0.0406,1,,Chat
8425,20250526,612,23,2,1,3,2,2898,147,3045,318,0.0005,1,,Vision
8426,20250108,1733,52,5,5,3,1,1757,71,1828,291,0.0026,1,,Embedding
8427,20250105,1455,23,4,1,1,2,2428,487,2915,421,0.0012,1,,Chat
8428,20250222,1606,45,4,1,1,2,622,389,1011,429,0.0006,1,4.2,Vision
8429,20250415,831,43,4,2,3,4,1503,193,1696,197,0.0006,0,4.9,Vision
8430,20250424,1804,15,1,1,4,4,553,861,1414,538,0.0157,1,,Chat
8431,20250601,401,69,5,5,4,2,1022,367,1389,120,0.0031,1,,Chat
8432,20250625,1141,26,1,1,2,4,219,1206,1425,965,0.0192,1,,Completion
8433,20250219,1711,16,2,3,1,4,1620,212,1832,333,0.0004,1,4.1,Chat
8434,20250113,1316,66,5,1,6,3,785,745,1530,395,0.0047,1,,Chat
8435,20250222,1236,75,3,1,1,2,327,503,830,600,0.0085,1,,Chat
8436,20250205,1523,11,2,1,2,1,1407,64,1471,214,0.0002,1,,Chat
8437,20250224,1032,30,1,2,2,4,4679,493,5172,533,0.0308,0,3.9,Chat
8438,20250317,1612,26,2,2,1,4,390,326,716,457,0.0003,1,,Chat
8439,20250322,2121,36,1,2,1,2,891,506,1397,509,0.012,1,,Completion
8440,20250118,602,11,1,6,2,2,3775,4000,7775,549,0.0789,1,,Chat
8441,20250110,1016,72,1,2,2,4,1019,652,1671,391,0.0149,0,,Chat
8442,20250318,1242,56,2,2,2,2,1658,368,2026,404,0.0005,1,,Completion
8443,20250329,1556,5,6,4,1,2,249,202,451,304,0.0001,1,4.8,Chat
8444,20250108,950,54,2,5,4,2,215,119,334,330,0.0001,1,,Chat
8445,20250122,1237,62,2,2,4,4,1927,154,2081,120,0.0004,1,,Vision
8446,20250228,1356,43,2,3,1,4,2930,340,3270,145,0.0006,1,,Chat
8447,20250620,720,57,6,1,1,1,1954,166,2120,431,0.0002,1,,Completion
8448,20250619,1619,40,2,3,2,2,332,890,1222,189,0.0006,1,,Chat
8449,20250626,854,19,5,1,1,1,304,634,938,391,0.0036,1,,Chat
8450,20250630,1208,29,5,1,3,3,123,87,210,175,0.0006,1,,Chat
8451,20250626,831,38,6,1,2,2,844,1715,2559,357,0.0006,0,,Chat
8452,20250228,924,40,2,3,3,4,356,216,572,318,0.0002,1,4.1,Embedding
8453,20250524,2004,8,3,1,5,2,839,2596,3435,1128,0.0415,1,,Completion
8454,20250617,1255,8,2,6,5,3,474,243,717,286,0.0002,1,4.6,Vision
8455,20250305,1225,24,6,5,2,3,1474,88,1562,227,0.0001,1,4.3,Embedding
8456,20250522,1528,57,5,2,2,3,1455,2134,3589,153,0.0125,1,4.8,Completion
8457,20250609,1130,12,2,3,2,1,86,128,214,120,0.0001,1,4.1,Chat
8458,20250116,1104,74,1,7,1,2,1065,940,2005,582,0.0194,1,,Vision
8459,20250324,1557,24,1,1,1,1,1501,225,1726,266,0.0109,1,4.4,Chat
8460,20250401,1653,78,2,2,2,4,2927,2850,5777,371,0.0021,1,3.6,Chat
8461,20250118,1953,22,3,2,5,2,2124,801,2925,675,0.0184,1,,Chat
8462,20250514,1327,34,4,1,2,2,1148,212,1360,265,0.0006,1,,Chat
8463,20250517,944,4,1,3,6,1,2153,241,2394,657,0.0144,1,,Chat
8464,20250628,1630,23,3,3,4,4,2406,1252,3658,601,0.026,1,,Completion
8465,20250504,1517,20,3,5,1,2,823,92,915,770,0.0038,1,4.1,Chat
8466,20250512,1507,34,5,1,1,1,1655,323,1978,122,0.0037,1,,Embedding
8467,20250511,1312,51,4,1,1,3,1477,495,1972,265,0.001,1,,Chat
8468,20250203,720,63,1,4,1,2,480,947,1427,271,0.0166,1,,Chat
8469,20250621,1237,9,2,3,1,3,688,877,1565,340,0.0006,1,,Chat
8470,20250501,1728,78,3,1,1,3,1811,269,2080,510,0.0095,1,4.4,Chat
8471,20250512,1038,36,1,3,5,3,2418,311,2729,560,0.0168,1,,Embedding
8472,20250213,1417,57,2,7,1,3,2913,577,3490,204,0.0008,1,3.3,Chat
8473,20250330,1409,78,4,3,5,3,2940,557,3497,123,0.0014,1,,Chat
8474,20250516,1020,44,4,6,1,3,272,1123,1395,403,0.0015,1,,Chat
8475,20250402,1137,43,6,3,1,2,371,343,714,287,0.0001,1,3.8,Chat
8476,20250228,1032,63,4,2,5,3,531,96,627,404,0.0003,1,,Chat
8477,20250127,601,12,1,7,4,4,227,909,1136,368,0.0148,1,,Embedding
8478,20250614,1109,47,1,6,2,3,1426,1143,2569,599,0.0243,1,4.1,Completion
8479,20250525,2101,69,1,1,1,4,1338,1865,3203,713,0.0347,1,4.7,Chat
8480,20250502,2227,18,1,1,1,1,3859,627,4486,793,0.0287,1,3.3,Chat
8481,20250529,1234,16,1,1,3,2,1021,174,1195,466,0.0077,1,,Embedding
8482,20250103,2249,58,4,6,3,3,225,189,414,270,0.0003,1,,Completion
8483,20250407,1306,20,3,3,2,4,1965,385,2350,751,0.0117,1,,Embedding
8484,20250629,1831,58,6,5,1,2,2079,263,2342,339,0.0002,1,4.6,Vision
8485,20250601,928,22,1,3,3,3,650,197,847,639,0.0062,1,,Chat
8486,20250101,1011,11,2,3,2,1,169,237,406,120,0.0002,1,,Vision
8487,20250129,1948,7,6,1,4,3,402,763,1165,231,0.0003,1,,Chat
8488,20250531,906,11,1,1,1,2,4339,654,4993,1079,0.0315,1,,Completion
8489,20250407,1224,63,2,7,2,2,445,775,1220,379,0.0005,1,,Chat
8490,20250116,1428,45,5,3,1,4,12000,260,12260,155,0.0163,1,5.0,Vision
8491,20250531,947,1,2,4,1,1,519,1201,1720,261,0.0008,1,,Chat
8492,20250608,2014,12,2,5,1,2,983,829,1812,317,0.0006,1,,Chat
8493,20250529,1541,72,1,1,2,3,2843,351,3194,523,0.0195,1,,Chat
8494,20250413,1511,33,1,1,5,1,9331,139,9470,188,0.0487,1,,Embedding
8495,20250326,1256,17,1,4,4,2,3755,631,4386,383,0.0282,1,,Completion
8496,20250508,1449,75,1,2,5,4,236,1093,1329,579,0.0176,1,4.9,Completion
8497,20250524,1338,2,6,4,6,1,976,393,1369,226,0.0002,1,,Completion
8498,20250127,1817,80,1,4,1,3,2971,111,3082,597,0.0165,1,,Completion
8499,20250619,906,70,1,1,1,1,376,1000,1376,554,0.0169,1,,Chat
8500,20250318,1311,31,4,1,2,2,364,452,816,346,0.0007,1,,Completion
8501,20250330,2235,69,1,2,5,3,1117,152,1269,535,0.0079,0,,Chat
8502,20250225,1736,78,6,1,1,4,331,93,424,206,0.0001,1,,Chat
8503,20250603,1123,26,6,6,2,3,251,397,648,272,0.0001,1,4.0,Chat
8504,20250404,1744,33,2,4,5,3,445,530,975,231,0.0004,1,,Chat
8505,20250123,909,48,1,2,3,2,778,129,907,1056,0.0058,1,4.9,Chat
8506,20250109,1418,73,1,2,2,3,604,420,1024,120,0.0093,1,4.2,Vision
8507,20250101,1947,52,2,1,6,1,2214,361,2575,311,0.0005,1,,Chat
8508,20250408,850,50,6,1,2,2,226,78,304,264,0.0,1,,Completion
8509,20250315,1846,30,1,7,5,3,913,837,1750,872,0.0171,1,,Chat
8510,20250414,729,57,2,4,1,3,3501,883,4384,330,0.0011,1,,Vision
8511,20250322,1717,22,2,2,1,2,1593,423,2016,419,0.0005,1,,Chat
8512,20250216,1218,22,1,2,1,3,2125,2112,4237,120,0.0423,1,,Chat
8513,20250105,1531,41,3,1,1,4,2764,118,2882,714,0.0101,1,,Chat
8514,20250104,1027,24,1,7,3,2,1991,549,2540,434,0.0182,1,,Chat
8515,20250307,1826,14,1,3,1,3,881,777,1658,948,0.0161,1,,Chat
8516,20250520,1054,71,1,3,1,2,1350,375,1725,588,0.0124,1,,Embedding
8517,20250510,2204,26,6,4,2,3,1003,431,1434,331,0.0002,1,,Chat
8518,20250311,1537,18,6,2,2,3,128,2326,2454,136,0.0007,1,3.8,Completion
8519,20250422,2027,12,1,2,3,3,2484,714,3198,580,0.0231,1,4.1,Chat
8520,20250624,11,4,1,3,1,3,2451,612,3063,528,0.0214,1,,Embedding
8521,20250616,1142,55,5,6,1,1,696,149,845,346,0.0016,1,,Chat
8522,20250124,1108,25,5,4,3,1,1643,761,2404,274,0.0059,1,,Embedding
8523,20250212,1622,44,4,5,1,4,1173,95,1268,449,0.0004,1,,Embedding
8524,20250212,1204,19,4,2,4,2,1243,610,1853,120,0.0011,1,,Completion
8525,20250103,1117,71,6,1,5,3,1417,348,1765,347,0.0002,1,,Embedding
8526,20250423,1436,67,1,1,1,1,4579,670,5249,973,0.0329,1,,Vision
8527,20250602,1003,60,1,5,4,2,1178,342,1520,738,0.011,1,,Completion
8528,20250205,1208,49,4,3,3,3,541,181,722,234,0.0004,1,4.8,Chat
8529,20250331,1312,51,1,5,2,1,177,67,244,663,0.0019,1,,Chat
8530,20250307,230,37,2,1,5,2,559,239,798,333,0.0002,1,,Chat
8531,20250621,1153,60,3,6,4,2,6435,1347,7782,305,0.0395,1,,Embedding
8532,20250505,1202,60,3,2,1,2,6168,310,6478,637,0.0232,1,,Chat
8533,20250227,1923,5,2,2,5,4,408,857,1265,190,0.0006,1,,Chat
8534,20250321,211,28,2,1,1,3,2009,479,2488,329,0.0006,1,4.9,Vision
8535,20250305,907,57,2,6,6,3,267,878,1145,303,0.0006,1,4.3,Completion
8536,20250225,1327,71,1,1,6,3,1670,2522,4192,814,0.0462,1,4.1,Completion
8537,20250506,1244,70,4,4,4,2,188,544,732,189,0.0007,1,,Completion
8538,20250102,956,33,4,5,1,2,2173,693,2866,317,0.0014,1,,Chat
8539,20250119,941,70,1,1,2,3,8016,1599,9615,580,0.0641,1,4.1,Completion
8540,20250425,1116,9,2,7,4,4,713,219,932,496,0.0002,1,4.8,Vision
8541,20250128,1200,7,5,1,2,1,254,1274,1528,224,0.0067,1,4.4,Chat
8542,20250309,1711,9,1,1,6,3,2631,569,3200,428,0.0217,1,,Chat
8543,20250512,1330,34,1,2,2,4,415,588,1003,825,0.0109,1,,Vision
8544,20250611,2044,58,3,6,5,3,451,474,925,530,0.0085,1,,Chat
8545,20250527,1529,23,5,3,2,4,169,150,319,120,0.001,1,3.5,Chat
8546,20250602,844,27,2,6,3,4,367,1366,1733,314,0.0009,1,,Chat
8547,20250206,1458,1,2,2,6,4,2235,457,2692,326,0.0006,1,,Completion
8548,20250505,1255,38,1,2,3,1,708,173,881,513,0.0061,1,,Embedding
8549,20250217,1249,5,4,6,2,3,907,320,1227,244,0.0006,1,,Embedding
8550,20250522,1040,35,4,6,4,4,952,216,1168,314,0.0005,1,3.7,Chat
8551,20250325,618,57,3,1,2,4,1875,1223,3098,790,0.024,1,,Vision
8552,20250105,1343,55,2,3,6,3,1515,111,1626,271,0.0003,1,,Embedding
8553,20250513,1324,17,4,2,3,3,1690,59,1749,176,0.0005,1,3.5,Completion
8554,20250331,2017,3,5,1,3,4,74,660,734,211,0.0034,1,,Embedding
8555,20250206,1510,73,2,6,1,2,2374,423,2797,420,0.0006,1,4.7,Completion
8556,20250414,1216,3,5,2,5,3,480,644,1124,236,0.0038,1,,Chat
8557,20250513,1600,26,2,3,4,2,1930,690,2620,125,0.0007,1,3.5,Completion
8558,20250410,1228,58,2,3,2,1,857,268,1125,287,0.0003,1,,Chat
8559,20250511,1523,63,1,4,3,1,791,500,1291,381,0.0115,1,4.0,Chat
8560,20250201,1255,53,3,4,2,3,290,672,962,606,0.0109,1,,Completion
8561,20250413,1052,11,2,1,1,2,3316,268,3584,308,0.0007,0,4.9,Vision
8562,20250507,1153,10,4,1,4,4,458,435,893,247,0.0007,1,,Chat
8563,20250227,1427,59,5,1,2,4,1374,212,1586,149,0.0028,1,3.3,Completion
8564,20250607,720,79,2,1,2,2,2427,728,3155,344,0.0008,1,,Chat
8565,20250109,1236,6,5,6,2,1,200,259,459,270,0.0015,1,,Chat
8566,20250227,928,80,4,6,2,4,177,75,252,344,0.0001,1,,Chat
8567,20250327,932,77,1,1,1,2,1825,412,2237,784,0.0153,1,,Chat
8568,20250608,1510,72,3,5,3,4,1062,681,1743,624,0.0134,1,,Chat
8569,20250323,1105,16,6,2,1,4,1606,230,1836,271,0.0002,1,,Vision
8570,20250514,828,79,5,1,4,4,851,196,1047,233,0.002,1,4.9,Embedding
8571,20250514,1027,29,3,3,4,1,1183,89,1272,805,0.0049,1,,Chat
8572,20250301,1336,70,5,1,5,4,436,88,524,322,0.001,1,,Completion
8573,20250313,1110,2,1,2,3,1,4944,955,5899,999,0.039,1,,Chat
8574,20250318,1414,40,2,1,2,2,1754,489,2243,235,0.0006,1,,Chat
8575,20250227,1438,11,1,3,2,3,581,4000,4581,627,0.0629,1,4.4,Chat
8576,20250411,1431,60,5,1,1,1,944,131,1075,409,0.0018,1,4.3,Chat
8577,20250322,935,10,6,1,3,4,215,286,501,154,0.0001,1,3.3,Completion
8578,20250316,2021,74,5,5,1,2,540,21,561,299,0.0008,1,,Completion
8579,20250120,1645,53,4,1,1,1,455,104,559,269,0.0002,1,3.6,Chat
8580,20250216,1214,54,1,4,2,2,504,219,723,685,0.0058,1,,Completion
8581,20250421,1713,21,6,1,6,2,1007,76,1083,340,0.0001,1,,Completion
8582,20250428,1744,22,5,1,4,3,2331,147,2478,274,0.0036,1,,Embedding
8583,20250525,1648,6,2,2,5,3,413,528,941,277,0.0004,1,3.8,Completion
8584,20250310,1018,41,4,4,1,4,335,955,1290,182,0.0013,1,,Chat
8585,20250216,930,31,6,1,5,3,906,321,1227,151,0.0002,1,4.8,Chat
8586,20250609,1116,41,2,1,4,3,318,191,509,527,0.0002,1,,Vision
8587,20250522,1229,5,6,7,4,3,300,1841,2141,367,0.0006,1,,Chat
8588,20250208,1652,7,3,1,6,2,582,1866,2448,835,0.0297,1,,Chat
8589,20250203,1433,3,4,4,2,2,141,324,465,449,0.0004,1,,Chat
8590,20250514,1400,45,3,2,2,3,919,484,1403,613,0.01,1,,Completion
8591,20250421,1059,66,4,3,2,4,640,1125,1765,410,0.0016,1,,Embedding
8592,20250507,1031,7,2,2,1,3,2097,630,2727,342,0.0007,1,4.0,Chat
8593,20250526,1534,29,5,1,6,3,287,233,520,361,0.0015,1,,Embedding
8594,20250327,914,74,3,7,2,3,473,805,1278,470,0.0135,1,4.5,Chat
8595,20250110,1745,10,1,1,6,3,630,759,1389,724,0.0145,1,,Chat
8596,20250116,1223,6,3,1,5,3,1054,315,1369,645,0.0079,1,3.8,Chat
8597,20250105,1031,45,2,3,1,3,543,624,1167,168,0.0005,1,,Chat
8598,20250126,1234,78,3,5,3,3,2249,83,2332,1072,0.008,1,,Completion
8599,20250419,1849,22,5,6,1,4,166,55,221,282,0.0005,1,,Embedding
8600,20250226,900,58,3,7,5,4,3503,875,4378,678,0.0236,1,,Chat
8601,20250128,1115,71,2,7,1,3,2807,626,3433,339,0.0008,1,,Vision
8602,20250605,1824,75,1,1,1,2,483,2039,2522,589,0.033,0,4.5,Completion
8603,20250308,1508,11,3,1,5,2,1145,101,1246,867,0.005,1,4.3,Vision
8604,20250103,627,40,6,4,1,3,278,224,502,120,0.0001,1,4.2,Vision
8605,20250613,948,79,1,1,3,3,1710,432,2142,589,0.015,1,,Chat
8606,20250513,1023,24,6,1,2,4,693,250,943,120,0.0001,1,,Chat
8607,20250126,1344,21,4,5,6,2,217,708,925,241,0.0009,1,,Embedding
8608,20250515,28,6,3,6,2,3,3522,531,4053,781,0.0185,1,,Chat
8609,20250225,520,35,1,6,1,2,3506,276,3782,670,0.0217,1,,Completion
8610,20250613,1155,24,5,7,1,2,380,283,663,287,0.0019,1,3.8,Chat
8611,20250418,1341,66,1,6,6,3,1336,128,1464,1180,0.0086,1,3.3,Chat
8612,20250504,1432,45,2,5,4,4,986,247,1233,194,0.0003,1,,Chat
8613,20250303,1422,62,5,5,3,3,862,998,1860,483,0.0061,1,,Chat
8614,20250319,1956,29,3,2,2,1,228,388,616,726,0.0065,1,,Completion
8615,20250330,1228,57,2,1,4,1,639,53,692,369,0.0001,1,,Chat
8616,20250508,617,7,3,1,1,3,277,229,506,627,0.0043,1,,Embedding
8617,20250529,726,28,2,1,1,4,256,877,1133,268,0.0006,1,,Chat
8618,20250612,1538,60,3,3,4,4,389,571,960,619,0.0097,1,,Chat
8619,20250525,1040,8,3,1,2,3,1272,99,1371,749,0.0053,1,,Embedding
8620,20250622,1252,13,1,1,1,2,1035,1351,2386,748,0.0254,1,,Chat
8621,20250521,1223,10,6,3,4,4,243,1021,1264,148,0.0003,1,,Chat
8622,20250517,1620,58,4,1,1,2,157,720,877,379,0.0009,1,,Chat
8623,20250122,647,21,1,1,2,4,2099,852,2951,809,0.0233,1,,Chat
8624,20250401,1547,71,5,5,3,4,279,274,553,443,0.0017,1,4.9,Chat
8625,20250624,907,72,4,6,6,4,889,878,1767,182,0.0013,1,,Completion
8626,20250506,828,36,3,5,1,3,377,875,1252,360,0.0143,1,,Chat
8627,20250215,1314,49,1,2,6,2,5277,573,5850,473,0.035,1,3.4,Chat
8628,20250620,1443,78,1,1,1,3,1250,925,2175,1018,0.0201,1,4.5,Chat
8629,20250131,1533,35,1,7,5,4,10237,927,11164,475,0.0651,1,4.1,Chat
8630,20250602,2330,26,4,1,2,3,594,134,728,507,0.0003,1,,Chat
8631,20250403,1109,18,2,1,2,2,331,206,537,296,0.0002,1,,Completion
8632,20250612,1729,12,1,7,4,2,94,1451,1545,523,0.0222,1,,Completion
8633,20250517,1241,59,6,4,3,2,3114,395,3509,323,0.0004,1,,Chat
8634,20250121,1339,72,2,5,2,4,1322,1306,2628,120,0.001,1,,Chat
8635,20250213,1850,30,1,2,4,2,6291,968,7259,495,0.046,0,4.1,Chat
8636,20250206,956,9,3,2,5,1,12000,254,12254,995,0.0398,1,3.7,Chat
8637,20250618,1524,15,4,5,1,3,4193,252,4445,122,0.0014,1,,Chat
8638,20250123,1413,36,3,3,4,1,302,4000,4302,793,0.0609,1,,Completion
8639,20250530,1730,66,4,1,4,1,1340,183,1523,267,0.0006,1,,Chat
8640,20250131,1452,57,5,3,1,4,3825,123,3948,208,0.0054,1,,Chat
8641,20250209,1245,55,3,6,2,1,682,150,832,120,0.0043,1,,Completion
8642,20250406,625,49,4,6,4,1,1788,328,2116,361,0.0009,1,4.1,Completion
8643,20250212,1107,49,2,4,1,1,608,1301,1909,432,0.0009,1,,Chat
8644,20250305,1704,29,2,7,1,3,798,512,1310,316,0.0004,1,,Completion
8645,20250423,1336,25,6,6,5,3,462,857,1319,153,0.0003,1,,Completion
8646,20250512,1958,27,4,4,2,3,519,108,627,226,0.0003,1,,Chat
8647,20250203,1010,27,3,3,4,4,753,342,1095,505,0.0074,1,4.2,Chat
8648,20250224,1226,43,6,1,2,2,627,632,1259,255,0.0002,1,4.7,Completion
8649,20250425,1530,24,2,6,6,3,669,522,1191,284,0.0004,1,,Chat
8650,20250401,1103,54,2,6,4,2,291,394,685,404,0.0003,1,,Vision
8651,20250228,1310,23,4,7,2,3,353,265,618,224,0.0004,1,,Chat
8652,20250424,1128,13,2,4,1,3,181,268,449,303,0.0002,1,4.9,Chat
8653,20250116,936,49,4,6,5,2,301,147,448,144,0.0003,1,,Completion
8654,20250609,1026,61,3,2,1,1,1098,168,1266,618,0.0058,1,,Chat
8655,20250615,1135,49,3,7,2,1,529,861,1390,504,0.0145,1,,Completion
8656,20250520,1204,19,5,5,4,4,2139,151,2290,433,0.0034,1,,Chat
8657,20250412,1252,45,3,4,1,1,430,355,785,665,0.0066,1,,Chat
8658,20250312,1942,14,1,1,2,2,2977,639,3616,936,0.0245,1,3.6,Chat
8659,20250125,658,1,3,2,1,4,1718,807,2525,723,0.0173,1,,Chat
8660,20250518,730,3,5,1,1,4,266,286,552,389,0.0018,1,3.2,Chat
8661,20250323,2153,73,5,3,1,2,365,108,473,359,0.001,1,,Vision
8662,20250628,4,33,2,1,3,2,1801,174,1975,560,0.0004,1,,Chat
8663,20250605,1635,59,1,5,3,3,607,3780,4387,452,0.0597,1,3.3,Chat
8664,20250627,1101,68,3,1,2,3,2770,587,3357,658,0.0171,1,3.2,Chat
8665,20250326,1414,34,4,4,4,3,1813,45,1858,307,0.0005,1,3.4,Chat
8666,20250416,1255,52,3,1,1,1,631,293,924,120,0.0063,1,,Chat
8667,20250619,1013,11,6,3,5,4,2124,669,2793,261,0.0004,1,4.5,Completion
8668,20250408,816,64,2,1,1,3,1393,1005,2398,381,0.0008,1,,Vision
8669,20250117,1018,48,4,1,2,1,305,1349,1654,161,0.0018,1,4.7,Chat
8670,20250624,1522,52,2,1,6,3,134,255,389,337,0.0002,1,3.9,Chat
8671,20250108,1300,58,2,3,1,4,1065,116,1181,199,0.0002,1,4.2,Chat
8672,20250524,1525,58,3,1,3,4,2688,741,3429,865,0.0192,1,,Embedding
8673,20250110,710,51,1,1,3,2,840,3400,4240,941,0.0552,1,,Chat
8674,20250312,1600,33,3,3,3,1,1146,1608,2754,747,0.0276,1,,Completion
8675,20250116,727,58,3,3,5,3,3625,264,3889,822,0.0148,1,,Chat
8676,20250224,740,40,2,3,4,2,2804,261,3065,171,0.0006,1,,Chat
8677,20250518,1144,3,3,1,1,1,956,598,1554,949,0.0118,1,,Completion
8678,20250602,1402,55,1,7,2,3,152,187,339,1277,0.0036,1,,Chat
8679,20250612,1445,7,4,1,4,3,1565,254,1819,181,0.0007,1,,Chat
8680,20250515,1252,79,2,6,2,1,746,223,969,468,0.0002,1,3.6,Completion
8681,20250521,1141,2,1,1,1,2,466,1297,1763,862,0.0218,1,,Chat
8682,20250123,1449,43,3,1,5,3,733,98,831,927,0.0037,1,,Vision
8683,20250621,1728,24,3,6,2,3,862,636,1498,598,0.0121,1,,Chat
8684,20250204,2032,10,5,1,1,4,261,194,455,209,0.0013,1,4.9,Vision
8685,20250511,1513,3,1,2,1,1,1416,727,2143,449,0.018,1,,Vision
8686,20250609,1936,64,3,6,1,2,850,1859,2709,1364,0.0304,1,3.3,Embedding
8687,20250408,1017,8,6,1,1,2,905,295,1200,479,0.0002,1,,Chat
8688,20250115,1213,74,2,3,2,3,831,400,1231,270,0.0004,1,4.5,Chat
8689,20250628,1741,47,1,2,1,1,1470,951,2421,698,0.0216,1,,Completion
8690,20250214,1158,27,1,2,1,3,1023,1020,2043,775,0.0204,1,,Embedding
8691,20250301,1824,22,3,2,1,2,8597,366,8963,680,0.0313,1,,Chat
8692,20250427,1344,41,1,6,2,4,442,1028,1470,826,0.0176,1,,Chat
8693,20250204,947,51,4,1,2,1,474,221,695,132,0.0004,1,,Vision
8694,20250320,1335,35,3,1,5,1,426,699,1125,711,0.0118,1,,Completion
8695,20250206,1521,31,4,3,2,2,989,1213,2202,200,0.0018,1,3.3,Embedding
8696,20250616,1008,20,4,5,3,2,1199,295,1494,390,0.0007,1,4.5,Chat
8697,20250405,1609,31,3,5,1,2,9118,551,9669,312,0.0356,1,4.2,Chat
8698,20250504,1534,62,6,4,1,2,623,520,1143,344,0.0002,1,,Chat
8699,20250402,1144,2,3,2,6,2,488,523,1011,120,0.0093,1,4.8,Chat
8700,20250403,1410,34,2,4,1,2,460,687,1147,120,0.0005,1,3.7,Chat
8701,20250406,1418,69,2,7,4,2,2747,586,3333,376,0.0008,1,,Chat
8702,20250318,1550,73,1,4,3,2,254,705,959,742,0.0118,1,,Completion
8703,20250123,918,24,3,6,3,2,1180,38,1218,573,0.0041,1,,Completion
8704,20250314,1218,23,3,2,2,2,5443,339,5782,589,0.0214,1,,Chat
8705,20250515,1332,35,4,1,4,2,391,609,1000,120,0.0009,1,4.1,Vision
8706,20250318,1804,40,1,5,2,2,1323,2072,3395,120,0.0377,1,,Chat
8707,20250114,430,51,2,5,1,4,511,507,1018,225,0.0004,1,3.5,Chat
8708,20250303,1654,70,2,2,1,2,1608,581,2189,290,0.0006,1,4.5,Vision
8709,20250507,1454,21,3,4,3,1,724,571,1295,416,0.0107,1,3.4,Chat
8710,20250228,1028,24,1,7,1,3,2240,387,2627,482,0.017,1,,Chat
8711,20250130,1506,41,1,6,6,2,1958,490,2448,616,0.0171,1,3.7,Completion
8712,20250112,1511,22,3,2,6,4,3529,728,4257,378,0.0215,1,4.8,Chat
8713,20250326,1334,57,3,3,6,2,891,221,1112,763,0.006,1,3.7,Chat
8714,20250106,1638,17,2,5,6,1,1278,142,1420,295,0.0003,1,3.8,Chat
8715,20250114,1316,28,3,4,3,2,1821,680,2501,647,0.0157,1,,Completion
8716,20250125,1302,62,4,1,2,2,1801,158,1959,263,0.0006,1,,Completion
8717,20250518,1834,50,1,1,1,4,595,292,887,816,0.0074,1,4.8,Chat
8718,20250207,827,35,4,3,2,4,1205,217,1422,320,0.0006,1,3.3,Vision
8719,20250105,914,51,2,1,4,3,1932,117,2049,351,0.0004,1,,Chat
8720,20250115,914,68,5,2,2,3,3386,310,3696,471,0.0058,1,3.3,Completion
8721,20250630,1009,29,2,1,4,3,446,924,1370,140,0.0006,1,,Completion
8722,20250408,1159,5,1,6,1,2,2197,228,2425,768,0.0144,1,4.2,Completion
8723,20250217,1402,30,6,4,1,4,170,751,921,156,0.0002,1,4.0,Chat
8724,20250107,1727,10,5,2,1,2,746,224,970,171,0.0021,1,4.1,Chat
8725,20250407,1515,74,3,2,2,1,559,1896,2455,933,0.0301,1,4.5,Chat
8726,20250130,2035,13,5,3,1,1,856,234,1090,250,0.0022,1,,Completion
8727,20250614,1203,44,3,1,2,2,1716,911,2627,930,0.0188,1,,Embedding
8728,20250624,1403,12,1,7,1,3,329,408,737,1003,0.0078,1,4.2,Chat
8729,20250607,731,61,2,3,1,2,1293,236,1529,193,0.0003,1,,Embedding
8730,20250219,1549,19,5,3,1,2,2710,441,3151,254,0.0056,0,,Chat
8731,20250413,842,35,3,3,5,2,1213,169,1382,579,0.0062,1,,Completion
8732,20250425,1353,43,2,4,2,4,79,1074,1153,158,0.0007,1,4.1,Embedding
8733,20250410,1317,78,1,2,4,1,2284,2086,4370,469,0.0427,1,,Chat
8734,20250414,317,5,1,3,3,3,3938,183,4121,731,0.0224,1,,Vision
8735,20250124,1534,30,2,5,4,3,50,83,133,234,0.0001,1,,Chat
8736,20250218,356,23,3,2,6,3,351,676,1027,629,0.0112,1,,Vision
8737,20250622,1501,43,1,3,2,4,2099,121,2220,357,0.0123,1,,Chat
8738,20250130,1721,48,3,3,3,2,6150,240,6390,708,0.0221,1,3.3,Completion
8739,20250203,1733,8,6,2,3,2,823,267,1090,217,0.0001,1,3.3,Chat
8740,20250621,2150,78,4,7,4,3,725,459,1184,311,0.0008,1,3.6,Chat
8741,20250105,1047,38,1,3,5,4,1409,443,1852,572,0.0137,1,3.6,Chat
8742,20250511,1511,2,6,5,2,3,291,118,409,329,0.0001,1,,Completion
8743,20250414,1126,43,3,2,4,3,948,96,1044,869,0.0043,1,,Chat
8744,20250605,1621,49,1,1,6,2,2719,869,3588,305,0.0266,1,4.4,Chat
8745,20250621,1444,71,3,5,2,4,728,241,969,763,0.0058,1,,Chat
8746,20250609,2047,26,5,6,1,4,2550,560,3110,277,0.006,1,4.0,Vision
8747,20250608,1315,66,1,6,3,3,542,465,1007,856,0.0097,1,,Completion
8748,20250526,2137,16,2,1,3,4,318,60,378,227,0.0001,1,,Chat
8749,20250603,1731,48,2,3,1,3,4294,1005,5299,405,0.0012,1,,Chat
8750,20250406,1055,14,2,1,2,2,317,107,424,214,0.0001,1,3.7,Chat
8751,20250304,1718,14,2,1,1,3,2869,443,3312,254,0.0007,1,3.5,Chat
8752,20250611,929,71,1,6,1,1,1196,729,1925,317,0.0169,1,4.4,Chat
8753,20250320,1723,70,1,1,2,1,876,1364,2240,647,0.0248,1,,Completion
8754,20250219,1513,35,3,6,2,3,663,433,1096,796,0.0085,1,3.7,Chat
8755,20250506,1318,3,2,1,1,3,246,363,609,317,0.0003,1,,Completion
8756,20250430,1922,1,3,3,2,1,4240,566,4806,525,0.0212,1,,Completion
8757,20250616,1332,71,1,5,5,3,793,973,1766,886,0.0186,1,3.9,Embedding
8758,20250510,1832,49,1,3,6,3,886,370,1256,554,0.01,1,,Chat
8759,20250416,617,1,3,1,3,4,402,582,984,736,0.0099,1,,Chat
8760,20250622,1527,63,1,4,1,3,613,377,990,588,0.0087,1,,Vision
8761,20250509,1215,16,3,2,2,3,2665,173,2838,388,0.0106,1,3.9,Chat
8762,20250522,1227,58,2,2,1,1,194,65,259,133,0.0001,1,4.2,Completion
8763,20250330,1354,75,2,1,5,2,1173,574,1747,435,0.0005,1,3.8,Chat
8764,20250327,1431,41,3,1,1,2,1696,474,2170,604,0.0122,1,,Completion
8765,20250603,2228,51,4,6,4,3,841,444,1285,167,0.0008,1,3.5,Chat
8766,20250226,1545,22,2,5,3,3,1202,848,2050,341,0.0007,1,,Completion
8767,20250511,1330,15,1,6,1,4,1130,562,1692,674,0.0141,1,,Chat
8768,20250523,1956,50,6,1,5,4,1746,626,2372,478,0.0003,1,,Chat
8769,20250123,323,2,6,1,2,2,439,327,766,214,0.0001,1,,Completion
8770,20250622,1009,35,1,7,3,3,240,447,687,853,0.0079,1,3.7,Chat
8771,20250126,1740,79,1,3,2,1,631,741,1372,958,0.0143,1,,Chat
8772,20250329,740,64,1,6,1,1,1142,790,1932,652,0.0176,1,4.6,Chat
8773,20250114,1728,5,2,6,2,4,172,140,312,346,0.0001,1,3.5,Completion
8774,20250209,745,58,2,5,2,3,1381,484,1865,352,0.0005,1,,Completion
8775,20250114,1240,48,2,1,1,3,1052,121,1173,239,0.0002,1,,Chat
8776,20250605,1450,4,4,3,4,3,296,397,693,167,0.0006,1,,Chat
8777,20250604,1528,58,3,1,2,4,7645,182,7827,644,0.0257,1,,Chat
8778,20250131,740,49,6,6,1,3,314,599,913,237,0.0002,1,,Completion
8779,20250110,1614,62,2,1,5,1,916,312,1228,179,0.0003,1,,Completion
8780,20250327,1635,14,2,7,1,3,874,90,964,185,0.0002,1,4.5,Chat
8781,20250216,208,37,5,1,6,3,194,253,447,176,0.0015,1,4.3,Completion
8782,20250515,1055,76,1,1,3,2,5380,1599,6979,491,0.0509,1,3.7,Completion
8783,20250606,1711,15,3,2,1,3,4513,1083,5596,718,0.0298,1,,Chat
8784,20250323,1801,21,4,3,1,3,1329,117,1446,261,0.0005,1,,Embedding
8785,20250320,1122,9,6,5,1,3,1876,201,2077,206,0.0002,1,,Completion
8786,20250122,1816,75,5,6,2,4,840,1988,2828,195,0.011,1,,Completion
8787,20250417,1158,70,1,1,1,3,4113,178,4291,950,0.0232,1,,Completion
8788,20250512,925,12,6,7,2,3,1151,68,1219,284,0.0001,1,,Chat
8789,20250107,851,34,1,5,4,2,9193,217,9410,461,0.0492,1,,Chat
8790,20250501,1653,76,2,1,1,3,387,598,985,210,0.0004,1,,Chat
8791,20250223,1023,68,3,1,1,2,1303,189,1492,740,0.0067,1,4.8,Embedding
8792,20250114,1733,57,6,1,1,2,1094,570,1664,120,0.0003,1,4.1,Chat
8793,20250622,1238,19,2,1,6,2,542,1137,1679,223,0.0008,1,,Chat
8794,20250425,447,10,2,7,3,4,269,188,457,120,0.0002,1,4.8,Chat
8795,20250311,1724,70,1,4,5,2,278,919,1197,401,0.0152,1,,Chat
8796,20250128,2014,7,4,1,1,3,518,219,737,331,0.0004,1,3.8,Chat
8797,20250114,915,48,6,1,2,2,1116,219,1335,221,0.0001,1,,Chat
8798,20250606,1342,80,1,2,4,3,450,502,952,727,0.0098,1,,Chat
8799,20250319,413,39,2,1,1,3,1776,660,2436,120,0.0007,1,,Completion
8800,20250611,539,27,1,2,1,2,3108,1244,4352,791,0.0342,1,,Chat
8801,20250312,847,7,1,4,5,3,8338,293,8631,704,0.0461,1,,Chat
8802,20250415,1524,29,5,7,5,4,2789,367,3156,320,0.0053,1,,Chat
8803,20250312,1322,71,4,6,4,3,226,46,272,283,0.0001,1,,Completion
8804,20250609,834,79,1,1,2,4,1901,693,2594,678,0.0199,1,,Completion
8805,20250403,910,4,1,1,2,3,3776,944,4720,381,0.033,1,,Vision
8806,20250528,2204,57,1,6,2,1,1084,169,1253,477,0.008,1,,Chat
8807,20250318,721,64,5,3,2,1,2260,827,3087,352,0.007,1,4.3,Embedding
8808,20250223,1648,74,2,5,2,1,2045,268,2313,321,0.0005,1,4.2,Embedding
8809,20250620,1009,35,1,1,1,3,1148,922,2070,120,0.0196,1,4.2,Vision
8810,20250627,1101,46,1,2,5,4,1579,559,2138,547,0.0163,1,4.4,Completion
8811,20250225,1603,70,1,4,1,1,660,188,848,919,0.0061,1,4.8,Chat
8812,20250103,1852,33,2,1,2,2,387,311,698,362,0.0002,1,,Embedding
8813,20250503,1415,34,1,1,3,2,2276,945,3221,577,0.0256,1,,Embedding
8814,20250105,1643,67,1,2,1,2,510,875,1385,633,0.0157,1,,Completion
8815,20250612,1219,40,2,2,1,4,216,369,585,283,0.0003,1,,Chat
8816,20250424,1021,19,4,7,3,1,158,81,239,255,0.0001,1,,Chat
8817,20250422,1517,16,2,3,3,3,3515,317,3832,120,0.0007,1,4.9,Completion
8818,20250327,1312,49,3,5,5,2,4681,314,4995,904,0.0188,1,,Chat
8819,20250426,1408,70,6,6,1,2,1190,1603,2793,120,0.0006,1,,Embedding
8820,20250128,1755,80,3,1,6,4,1218,244,1462,627,0.0073,1,3.6,Completion
8821,20250414,2047,37,4,2,1,4,2211,60,2271,204,0.0006,1,,Chat
8822,20250608,1725,32,6,1,1,2,652,325,977,126,0.0001,1,4.9,Embedding
8823,20250526,1125,50,4,2,2,3,195,81,276,156,0.0002,1,3.5,Chat
8824,20250531,1027,35,1,5,3,2,625,270,895,882,0.0072,1,,Chat
8825,20250508,1023,52,5,1,1,3,2400,218,2618,323,0.0041,1,,Chat
8826,20250105,1538,32,3,4,1,4,545,440,985,535,0.0082,1,,Completion
8827,20250116,1552,38,3,2,1,2,1177,295,1472,677,0.008,1,,Embedding
8828,20250623,1541,37,3,4,2,4,8518,642,9160,652,0.0352,1,,Embedding
8829,20250404,1529,77,2,7,1,3,283,76,359,249,0.0001,1,,Chat
8830,20250112,1820,54,1,7,3,2,4598,100,4698,801,0.0245,1,,Embedding
8831,20250508,524,77,3,2,3,4,2120,879,2999,257,0.0195,1,,Completion
8832,20250406,1856,76,1,3,1,3,7660,567,8227,682,0.0468,1,4.4,Chat
8833,20250205,1951,58,1,1,5,1,434,211,645,459,0.0053,1,4.4,Embedding
8834,20250221,1437,56,4,5,1,2,686,206,892,250,0.0004,1,3.8,Chat
8835,20250405,1118,51,1,4,1,2,819,290,1109,476,0.0084,1,4.7,Embedding
8836,20250517,557,61,1,4,2,3,1070,93,1163,820,0.0067,1,3.4,Chat
8837,20250109,1125,56,1,4,4,3,1188,422,1610,594,0.0123,1,4.0,Completion
8838,20250401,1934,22,1,5,1,3,346,128,474,677,0.0037,1,,Chat
8839,20250208,1241,33,3,1,4,3,1919,1188,3107,398,0.0236,1,,Chat
8840,20250318,1642,73,2,1,4,4,265,351,616,158,0.0003,1,3.7,Chat
8841,20250106,1435,6,3,2,1,3,1311,211,1522,340,0.0071,1,4.8,Chat
8842,20250306,1708,61,3,5,1,3,851,1574,2425,526,0.0262,1,3.6,Chat
8843,20250207,1936,69,6,6,2,4,283,1154,1437,297,0.0004,1,,Chat
8844,20250425,1502,31,5,2,3,3,269,613,882,354,0.0034,0,4.2,Completion
8845,20250602,1200,73,6,2,2,4,97,128,225,170,0.0,1,,Completion
8846,20250209,1531,73,1,3,2,2,841,394,1235,521,0.0101,1,,Chat
8847,20250316,1957,8,1,1,2,4,1401,726,2127,509,0.0179,1,3.7,Chat
8848,20250429,1305,57,2,6,4,3,276,442,718,167,0.0003,1,3.5,Chat
8849,20250224,1644,12,6,6,2,3,343,739,1082,466,0.0002,1,4.5,Chat
8850,20250215,1420,53,4,4,2,2,2165,625,2790,139,0.0013,1,,Chat
8851,20250129,1406,5,5,7,3,3,1044,548,1592,297,0.004,1,,Completion
8852,20250402,1416,71,1,1,4,3,1346,683,2029,371,0.017,1,4.9,Chat
8853,20250328,1358,14,3,2,5,3,313,375,688,515,0.0066,1,3.6,Chat
8854,20250319,1151,2,3,1,2,3,467,777,1244,577,0.0131,1,4.2,Chat
8855,20250531,1254,77,4,1,1,3,187,256,443,392,0.0004,1,,Chat
8856,20250501,1823,80,5,2,3,1,930,257,1187,334,0.0024,1,4.4,Chat
8857,20250208,1146,16,2,6,2,2,508,175,683,369,0.0002,0,,Chat
8858,20250612,1714,75,5,2,6,3,644,1438,2082,320,0.008,1,,Chat
8859,20250216,1549,61,1,2,4,3,1718,181,1899,446,0.0113,1,,Chat
8860,20250407,1338,11,1,4,3,3,1278,1053,2331,498,0.0222,1,,Chat
8861,20250524,1438,45,1,3,2,3,1463,679,2142,653,0.0175,1,3.6,Chat
8862,20250526,829,67,2,2,1,1,86,148,234,227,0.0001,1,,Completion
8863,20250118,903,8,3,4,2,3,1266,1695,2961,815,0.0292,1,,Chat
8864,20250627,1527,57,3,6,2,3,3587,250,3837,546,0.0145,1,,Embedding
8865,20250412,1654,79,4,1,2,3,433,231,664,462,0.0004,1,,Vision
8866,20250405,1422,43,6,2,6,4,3252,70,3322,218,0.0003,1,,Chat
8867,20250202,1535,51,1,1,2,1,1471,85,1556,597,0.0086,1,3.7,Embedding
8868,20250528,2310,1,2,6,2,3,830,552,1382,216,0.0005,0,,Chat
8869,20250323,1435,70,6,7,1,1,657,854,1511,386,0.0003,1,4.7,Completion
8870,20250423,1543,48,6,6,4,4,709,79,788,120,0.0001,1,,Embedding
8871,20250323,1457,17,2,1,4,2,1461,1024,2485,192,0.0008,1,4.7,Chat
8872,20250426,717,4,5,1,3,4,1540,165,1705,125,0.0028,1,4.4,Chat
8873,20250425,1242,6,5,1,1,1,419,1014,1433,364,0.0056,1,,Embedding
8874,20250307,1124,58,4,1,3,2,2340,367,2707,383,0.001,1,3.5,Vision
8875,20250410,1914,70,3,1,2,2,1030,1035,2065,557,0.0186,1,,Embedding
8876,20250104,1726,61,1,4,1,2,1465,1498,2963,996,0.0298,1,,Chat
8877,20250608,1638,67,2,1,1,2,611,309,920,120,0.0003,1,,Chat
8878,20250512,1130,65,1,4,1,4,3403,1512,4915,482,0.0397,1,4.4,Completion
8879,20250213,1443,47,1,1,1,2,1108,1158,2266,1152,0.0229,1,3.5,Chat
8880,20250605,1638,40,3,1,3,4,685,558,1243,968,0.0104,1,4.3,Vision
8881,20250310,848,66,4,5,1,1,382,603,985,406,0.0008,1,4.5,Chat
8882,20250611,1659,63,1,7,1,3,730,1001,1731,744,0.0187,1,,Completion
8883,20250517,1557,6,1,2,4,4,1215,632,1847,443,0.0156,1,,Chat
8884,20250519,2311,31,6,1,4,2,766,526,1292,258,0.0002,1,,Completion
8885,20250602,1735,10,3,1,1,4,365,114,479,643,0.0028,1,5.0,Chat
8886,20250430,2228,74,1,7,1,1,4484,279,4763,767,0.0266,1,,Completion
8887,20250206,1105,65,1,4,6,4,2051,971,3022,860,0.0248,1,,Completion
8888,20250401,726,2,1,5,1,2,377,560,937,415,0.0103,1,4.9,Completion
8889,20250514,947,20,1,1,1,2,1757,252,2009,1163,0.0126,1,,Chat
8890,20250204,1144,37,4,1,5,3,521,425,946,132,0.0007,1,,Completion
8891,20250301,1611,38,2,4,1,4,904,245,1149,306,0.0003,1,,Chat
8892,20250209,1517,18,5,2,2,3,2420,2766,5186,175,0.0169,1,,Chat
8893,20250630,847,71,2,1,1,3,729,56,785,343,0.0001,1,4.3,Chat
8894,20250322,1409,68,1,3,2,3,1933,451,2384,708,0.0164,1,,Chat
8895,20250417,1516,61,4,1,1,4,796,105,901,296,0.0003,1,,Chat
8896,20250415,2118,15,4,3,1,3,826,371,1197,432,0.0007,1,3.6,Completion
8897,20250117,1147,47,1,5,3,1,3260,363,3623,897,0.0217,1,4.9,Vision
8898,20250122,1741,49,2,2,5,3,458,263,721,375,0.0002,1,,Embedding
8899,20250411,639,21,3,3,4,2,860,1085,1945,579,0.0189,1,,Chat
8900,20250406,1412,21,3,2,4,2,173,267,440,804,0.0045,1,,Chat
8901,20250622,1048,16,2,1,3,3,205,814,1019,330,0.0005,1,,Completion
8902,20250301,906,18,6,2,1,2,753,134,887,265,0.0001,1,,Chat
8903,20250110,1420,64,2,6,2,4,321,620,941,367,0.0004,1,4.8,Chat
8904,20250110,1539,15,4,4,5,2,965,96,1061,413,0.0004,1,,Chat
8905,20250504,1346,74,2,5,3,3,286,373,659,353,0.0003,1,,Embedding
8906,20250528,1624,13,1,6,4,2,452,1236,1688,636,0.0208,1,3.8,Embedding
8907,20250309,1615,50,4,7,4,1,323,803,1126,297,0.0011,1,,Completion
8908,20250206,1840,69,2,1,1,2,167,100,267,256,0.0001,1,,Embedding
8909,20250318,1906,70,3,2,6,2,9535,258,9793,662,0.0325,1,,Chat
8910,20250416,1423,51,3,1,6,2,2746,1395,4141,396,0.0292,1,,Chat
8911,20250303,1428,53,5,1,3,1,109,657,766,246,0.0034,1,4.4,Embedding
8912,20250511,922,21,6,1,4,2,897,241,1138,403,0.0001,1,4.6,Chat
8913,20250108,1058,41,1,1,5,2,12000,1355,13355,942,0.0803,1,,Chat
8914,20250612,918,26,2,1,3,3,3326,117,3443,259,0.0006,1,4.5,Chat
8915,20250124,1939,44,3,1,2,3,2223,185,2408,908,0.0094,1,,Vision
8916,20250222,1549,77,2,2,1,2,457,89,546,322,0.0001,1,3.8,Embedding
8917,20250412,1357,49,1,1,4,2,1566,133,1699,554,0.0098,1,,Chat
8918,20250404,1505,72,2,3,1,3,3600,277,3877,421,0.0007,1,,Completion
8919,20250317,1720,78,2,3,1,2,820,139,959,184,0.0002,1,,Completion
8920,20250124,1646,26,5,5,1,3,414,195,609,262,0.0015,1,,Chat
8921,20250606,1312,1,1,1,4,4,3296,372,3668,832,0.0221,1,,Chat
8922,20250505,1533,52,2,1,3,3,147,424,571,120,0.0003,1,,Completion
8923,20250222,1006,23,1,1,5,4,2128,595,2723,247,0.0196,1,,Chat
8924,20250103,917,35,6,6,1,2,63,105,168,336,0.0,1,3.7,Embedding
8925,20250214,1120,16,5,5,4,4,775,334,1109,283,0.0026,1,,Chat
8926,20250126,1807,53,6,2,2,3,554,716,1270,120,0.0003,1,3.8,Chat
8927,20250327,1837,75,3,5,5,2,368,217,585,489,0.0044,1,,Chat
8928,20250127,1810,50,3,5,4,3,550,322,872,431,0.0065,1,,Chat
8929,20250102,1503,14,1,5,3,2,2817,3038,5855,1195,0.0597,1,,Chat
8930,20250416,1626,31,5,1,6,3,924,117,1041,467,0.0017,1,3.9,Chat
8931,20250311,1423,58,1,1,1,1,1003,869,1872,505,0.0181,1,,Chat
8932,20250226,404,59,3,5,2,2,2372,2154,4526,776,0.0394,1,3.3,Chat
8933,20250504,1302,29,1,5,2,3,1357,708,2065,682,0.0174,1,3.7,Chat
8934,20250211,1341,17,1,2,1,4,1373,2636,4009,757,0.0464,1,,Embedding
8935,20250610,1444,7,1,6,1,3,2589,1125,3714,865,0.0298,1,,Completion
8936,20250522,1017,70,3,5,1,2,828,277,1105,824,0.0066,1,3.6,Chat
8937,20250322,1632,16,1,1,3,3,374,872,1246,962,0.0149,1,,Chat
8938,20250410,1339,71,2,2,2,2,882,614,1496,150,0.0005,1,,Chat
8939,20250428,1446,10,1,1,2,4,4779,342,5121,839,0.029,1,4.0,Completion
8940,20250220,1449,66,2,1,1,1,362,304,666,228,0.0002,1,,Chat
8941,20250118,1014,40,6,5,1,4,529,350,879,263,0.0001,1,,Completion
8942,20250524,1254,61,1,1,2,4,1679,997,2676,389,0.0233,1,,Embedding
8943,20250615,1228,48,2,7,3,3,112,287,399,294,0.0002,1,,Chat
8944,20250309,1651,64,2,2,1,3,764,526,1290,286,0.0004,1,3.3,Embedding
8945,20250624,1131,23,3,2,2,2,438,468,906,475,0.0083,0,,Chat
8946,20250111,1320,38,6,1,1,3,427,471,898,284,0.0002,1,,Vision
8947,20250207,1535,21,4,2,6,4,990,283,1273,268,0.0006,1,4.1,Chat
8948,20250625,1618,32,1,5,1,3,12000,235,12235,659,0.0635,1,,Chat
8949,20250317,908,17,2,2,1,2,652,186,838,268,0.0002,1,4.0,Completion
8950,20250504,1422,4,4,6,1,1,428,72,500,419,0.0002,1,,Chat
8951,20250107,1756,56,1,5,1,3,1175,257,1432,669,0.0097,1,,Chat
8952,20250103,1534,54,6,1,1,1,1330,687,2017,382,0.0003,1,,Chat
8953,20250502,722,72,4,4,3,2,505,768,1273,189,0.0011,1,,Embedding
8954,20250223,1806,75,1,6,4,3,8187,1866,10053,800,0.0689,1,,Chat
8955,20250326,1233,31,2,2,1,1,857,105,962,203,0.0002,1,4.1,Chat
8956,20250310,1151,36,1,3,3,1,1425,414,1839,709,0.0133,1,,Completion
8957,20250101,1703,8,1,1,3,1,658,693,1351,555,0.0137,1,,Chat
8958,20250410,1444,77,3,3,6,3,2660,1444,4104,802,0.0296,1,,Chat
8959,20250208,1502,34,1,2,3,1,323,215,538,462,0.0048,1,4.6,Chat
8960,20250625,1508,38,3,4,4,3,368,829,1197,710,0.0135,1,,Embedding
8961,20250616,652,69,3,2,1,1,451,1622,2073,808,0.0257,1,4.9,Completion
8962,20250526,1052,46,5,1,2,2,262,41,303,424,0.0005,1,,Chat
8963,20250627,1450,35,1,7,1,2,8810,501,9311,714,0.0516,1,,Chat
8964,20250609,1726,70,1,5,1,3,6897,968,7865,650,0.049,1,,Chat
8965,20250424,1402,16,1,3,5,2,470,418,888,661,0.0086,1,,Chat
8966,20250121,1927,29,3,1,6,4,871,1651,2522,631,0.0274,1,4.2,Completion
8967,20250620,1801,12,3,3,3,4,2635,1073,3708,872,0.024,1,3.5,Completion
8968,20250422,1739,54,5,3,2,1,1732,2022,3754,438,0.0123,1,4.8,Embedding
8969,20250531,1514,48,2,4,2,4,446,450,896,120,0.0003,1,,Chat
8970,20250328,1723,16,4,1,5,3,256,857,1113,474,0.0011,1,,Vision
8971,20250331,852,58,3,3,4,3,1273,218,1491,256,0.0071,1,,Chat
8972,20250421,1304,56,1,7,2,2,2527,1232,3759,685,0.0311,1,,Chat
8973,20250417,723,65,2,5,1,2,743,92,835,140,0.0002,1,3.7,Vision
8974,20250211,1058,58,5,1,5,4,1710,525,2235,311,0.0048,1,5.0,Chat
8975,20250618,1017,45,2,4,2,4,469,103,572,413,0.0001,1,,Vision
8976,20250424,2213,68,1,1,3,4,2336,1206,3542,613,0.0298,1,,Chat
8977,20250115,722,78,2,6,3,3,311,222,533,242,0.0002,1,,Chat
8978,20250208,1118,26,2,1,2,1,694,160,854,492,0.0002,1,,Vision
8979,20250625,821,65,1,7,3,1,3252,469,3721,755,0.0233,1,,Chat
8980,20250225,1648,68,6,6,1,3,766,126,892,247,0.0001,1,,Chat
8981,20250606,1448,67,6,3,1,2,732,138,870,406,0.0001,1,,Completion
8982,20250306,426,57,4,5,1,4,531,150,681,297,0.0003,1,3.4,Chat
8983,20250122,1827,7,1,1,5,4,328,4000,4328,695,0.0616,1,,Chat
8984,20250205,1520,7,3,2,1,1,317,575,892,871,0.0096,1,4.6,Chat
8985,20250320,1439,35,4,3,1,2,754,316,1070,144,0.0006,1,4.2,Completion
8986,20250607,822,38,4,1,1,3,1905,699,2604,380,0.0014,1,,Chat
8987,20250323,1050,7,3,4,1,4,1144,1939,3083,370,0.0325,1,,Vision
8988,20250619,1817,54,1,2,1,2,745,267,1012,642,0.0077,1,,Completion
8989,20250610,949,71,3,7,1,3,200,646,846,771,0.0103,1,,Chat
8990,20250219,1833,58,4,2,1,1,1148,1755,2903,413,0.0025,1,4.1,Embedding
8991,20250521,1618,13,2,6,4,2,1014,939,1953,120,0.0007,1,,Embedding
8992,20250131,1205,76,1,1,2,4,208,1129,1337,481,0.018,1,3.6,Chat
8993,20250118,218,78,4,1,1,1,417,361,778,240,0.0006,1,,Embedding
8994,20250209,1240,6,3,2,5,3,385,178,563,154,0.0038,1,4.6,Chat
8995,20250228,1653,71,1,1,6,2,875,3777,4652,366,0.061,1,,Vision
8996,20250606,1938,79,1,3,1,4,6452,2024,8476,703,0.0626,1,4.8,Embedding
8997,20250223,1204,78,5,5,2,1,2097,168,2265,306,0.0035,1,4.7,Chat
8998,20250202,1354,23,1,3,1,3,549,783,1332,818,0.0145,1,,Chat
8999,20250216,1040,39,1,4,1,2,2122,72,2194,411,0.0117,1,,Chat
9000,20250201,1202,30,5,3,1,3,917,691,1608,288,0.0046,1,,Chat
9001,20250307,1646,33,4,2,4,1,575,465,1040,314,0.0007,1,,Chat
9002,20250402,1157,46,1,1,2,1,938,1064,2002,1062,0.0207,1,,Chat
9003,20250523,1824,41,4,5,6,2,240,126,366,227,0.0002,1,3.5,Chat
9004,20250311,1406,32,2,2,4,2,694,947,1641,406,0.0007,1,,Chat
9005,20250328,1414,63,3,1,2,2,1066,983,2049,891,0.0179,1,,Completion
9006,20250413,1608,21,5,5,2,1,451,196,647,171,0.0015,1,,Chat
9007,20250103,1408,3,3,2,1,3,2497,1209,3706,912,0.0256,1,,Chat
9008,20250110,1901,68,2,1,3,2,192,465,657,323,0.0003,1,,Completion
9009,20250430,1302,12,4,6,1,1,315,1127,1442,222,0.0015,1,3.6,Chat
9010,20250414,527,52,6,7,4,3,677,269,946,462,0.0001,1,,Completion
9011,20250219,1517,36,3,3,1,3,987,499,1486,602,0.0104,1,,Chat
9012,20250225,2201,78,2,1,1,3,1221,99,1320,256,0.0002,1,4.0,Completion
9013,20250309,1351,34,1,6,4,3,442,110,552,785,0.0039,1,3.4,Completion
9014,20250115,1019,28,3,1,1,2,4669,606,5275,542,0.0231,1,,Chat
9015,20250104,412,11,4,1,1,3,1998,423,2421,236,0.001,1,4.9,Embedding
9016,20250514,1004,43,2,1,3,3,2805,133,2938,243,0.0005,1,4.5,Chat
9017,20250126,1604,22,1,1,1,3,5714,490,6204,482,0.0359,1,4.1,Embedding
9018,20250303,1343,68,5,5,4,2,1501,862,2363,145,0.0062,1,,Chat
9019,20250502,1442,13,4,1,2,2,182,700,882,321,0.0009,1,,Chat
9020,20250112,1052,13,2,1,1,1,2645,439,3084,302,0.0007,1,4.8,Chat
9021,20250327,1332,71,3,4,2,3,1328,418,1746,481,0.0103,1,4.4,Chat
9022,20250217,1841,35,3,1,1,3,818,365,1183,620,0.0079,1,4.5,Chat
9023,20250228,1938,13,3,1,2,2,4151,413,4564,929,0.0186,1,,Chat
9024,20250529,1438,69,1,7,2,2,576,382,958,962,0.0086,1,,Chat
9025,20250205,2217,16,5,1,1,2,886,204,1090,267,0.0021,1,,Completion
9026,20250524,1054,38,3,5,4,3,722,305,1027,631,0.0067,1,,Embedding
9027,20250105,1452,39,4,4,1,3,582,273,855,354,0.0005,1,,Chat
9028,20250430,1359,35,6,1,1,1,573,284,857,431,0.0001,1,3.9,Chat
9029,20250123,1222,54,2,1,1,3,1137,174,1311,314,0.0003,1,,Embedding
9030,20250303,1640,77,2,4,6,2,1764,238,2002,170,0.0004,1,4.7,Embedding
9031,20250423,1041,56,4,5,5,3,1584,1938,3522,361,0.0028,1,,Chat
9032,20250527,806,58,2,6,1,3,1367,148,1515,245,0.0003,1,,Chat
9033,20250510,1439,19,2,6,2,2,915,349,1264,221,0.0003,1,,Vision
9034,20250116,1816,27,1,2,4,2,790,1981,2771,340,0.0337,1,,Chat
9035,20250615,1452,59,5,2,3,3,220,162,382,229,0.0011,1,,Chat
9036,20250214,2043,12,2,2,4,1,2158,694,2852,283,0.0007,1,3.7,Chat
9037,20250211,1446,65,5,5,5,1,2079,599,2678,281,0.0056,1,,Vision
9038,20250315,1928,79,1,1,1,4,3024,757,3781,545,0.0265,1,,Completion
9039,20250419,1129,43,1,1,1,3,957,929,1886,840,0.0187,1,,Chat
9040,20250512,848,56,1,4,6,3,191,243,434,557,0.0046,1,,Chat
9041,20250323,1848,21,3,1,1,3,1011,766,1777,745,0.0145,1,,Completion
9042,20250430,933,51,6,6,6,3,2474,187,2661,432,0.0002,1,,Chat
9043,20250501,1328,75,5,6,1,3,490,128,618,299,0.0013,1,,Embedding
9044,20250621,2344,25,3,1,2,4,2025,778,2803,498,0.0177,1,,Completion
9045,20250403,1620,5,1,6,3,2,1568,566,2134,762,0.0163,1,3.9,Chat
9046,20250628,659,32,1,1,1,4,1211,193,1404,656,0.0089,1,,Chat
9047,20250615,1133,32,2,1,5,2,368,106,474,389,0.0001,1,,Vision
9048,20250610,1100,68,3,1,5,4,717,2576,3293,779,0.0408,1,3.6,Vision
9049,20250419,507,12,4,1,1,3,2314,1340,3654,432,0.0023,1,,Chat
9050,20250507,1620,42,3,5,1,4,445,574,1019,320,0.0099,1,,Embedding
9051,20250213,1014,35,2,3,1,3,244,193,437,296,0.0002,1,,Chat
9052,20250227,1239,3,6,3,1,2,428,257,685,426,0.0001,1,3.7,Vision
9053,20250331,2259,79,2,6,3,4,443,439,882,197,0.0003,1,,Completion
9054,20250613,1746,67,6,1,1,2,433,180,613,476,0.0001,1,,Chat
9055,20250126,827,24,5,3,2,4,73,616,689,243,0.0032,1,,Vision
9056,20250326,1135,59,6,2,2,2,7773,614,8387,274,0.0008,1,,Chat
9057,20250617,1144,54,3,1,1,3,2091,116,2207,532,0.008,1,,Chat
9058,20250530,1325,42,5,6,1,3,806,292,1098,212,0.0025,1,3.4,Chat
9059,20250407,1759,70,1,2,2,3,256,462,718,532,0.0082,1,,Chat
9060,20250402,1858,43,5,5,3,2,440,479,919,312,0.0029,1,,Completion
9061,20250223,652,27,6,4,4,4,626,75,701,314,0.0001,1,4.4,Embedding
9062,20250618,1101,2,1,5,1,2,4388,506,4894,474,0.0295,1,4.6,Completion
9063,20250312,1824,73,1,1,1,2,560,1408,1968,756,0.0239,1,,Chat
9064,20250625,1232,38,3,6,2,2,352,1957,2309,763,0.0304,1,,Chat
9065,20250221,1021,38,1,5,1,4,1710,1565,3275,675,0.032,1,3.3,Embedding
9066,20250313,1406,43,2,2,5,4,1683,1220,2903,268,0.001,1,,Completion
9067,20250224,817,41,3,5,1,2,364,312,676,437,0.0058,1,,Completion
9068,20250319,720,12,2,1,1,2,3508,517,4025,228,0.0008,1,,Chat
9069,20250105,1326,55,3,4,1,3,224,1807,2031,206,0.0278,1,,Chat
9070,20250220,1647,46,5,1,1,2,127,232,359,401,0.0013,1,,Chat
9071,20250118,720,19,5,3,2,2,581,563,1144,325,0.0035,1,4.5,Chat
9072,20250526,1426,47,3,3,2,2,2199,336,2535,1089,0.0116,1,,Chat
9073,20250327,724,60,3,1,4,3,4281,720,5001,790,0.0236,1,,Completion
9074,20250604,1753,51,5,5,5,3,1096,165,1261,251,0.0022,1,4.9,Chat
9075,20250620,830,49,3,1,1,3,993,817,1810,788,0.0152,1,,Chat
9076,20250201,1529,35,1,1,3,3,231,352,583,499,0.0064,1,4.0,Embedding
9077,20250102,829,77,6,2,2,3,313,330,643,418,0.0001,1,,Chat
9078,20250226,1048,65,5,1,4,2,240,198,438,313,0.0013,1,,Chat
9079,20250122,1807,34,6,3,1,3,615,96,711,159,0.0001,1,,Embedding
9080,20250625,1400,62,3,4,2,4,3623,3377,7000,381,0.0615,1,,Completion
9081,20250323,1401,37,1,3,3,2,478,256,734,426,0.0062,1,4.2,Chat
9082,20250531,1243,45,3,4,6,1,554,4000,4554,545,0.0617,1,4.7,Chat
9083,20250213,1701,8,1,1,1,3,692,4000,4692,727,0.0635,1,3.7,Vision
9084,20250123,1723,34,1,1,5,2,741,1521,2262,726,0.0265,1,,Chat
9085,20250130,1216,57,3,2,3,1,454,480,934,576,0.0086,1,,Completion
9086,20250514,1717,51,4,1,6,2,539,64,603,343,0.0002,1,,Chat
9087,20250522,1932,29,5,6,4,2,148,1531,1679,416,0.0078,1,,Completion
9088,20250520,1104,73,4,4,4,2,243,808,1051,145,0.0011,1,,Completion
9089,20250623,1140,66,2,3,4,1,203,331,534,423,0.0002,1,,Chat
9090,20250617,1531,1,3,3,1,3,3707,430,4137,672,0.0176,1,4.2,Chat
9091,20250220,906,49,1,5,3,4,1215,296,1511,613,0.0105,1,,Completion
9092,20250419,1338,57,6,7,4,3,501,1981,2482,453,0.0006,1,,Embedding
9093,20250523,1923,71,3,6,1,1,8063,2317,10380,644,0.0589,1,3.8,Chat
9094,20250123,1323,25,1,6,4,2,1694,492,2186,413,0.0158,1,3.4,Chat
9095,20250622,1559,24,2,2,5,3,162,371,533,182,0.0002,1,3.9,Chat
9096,20250317,1334,48,3,1,2,3,1621,430,2051,276,0.0113,1,,Chat
9097,20250509,923,56,5,3,2,1,1004,205,1209,334,0.0023,1,4.8,Chat
9098,20250208,1403,58,6,1,2,4,556,443,999,213,0.0002,1,,Chat
9099,20250515,1502,33,2,2,1,4,455,2852,3307,168,0.0018,1,,Completion
9100,20250107,1231,38,5,5,2,2,500,104,604,351,0.0011,1,,Vision
9101,20250111,1206,55,3,7,6,3,123,1164,1287,505,0.0178,1,,Completion
9102,20250104,1355,80,5,3,5,2,1223,242,1465,243,0.0027,1,,Chat
9103,20250527,2318,38,3,1,4,3,155,177,332,401,0.0031,1,3.9,Completion
9104,20250617,2134,36,3,2,3,3,703,756,1459,542,0.0134,1,,Vision
9105,20250406,1639,34,1,2,1,2,1322,765,2087,942,0.0181,1,,Completion
9106,20250326,1541,12,5,1,1,1,343,430,773,517,0.0026,1,3.7,Completion
9107,20250508,1633,75,4,4,1,2,762,103,865,350,0.0003,1,,Completion
9108,20250215,1746,4,3,2,2,1,1831,670,2501,1294,0.0155,1,4.4,Chat
9109,20250526,1751,12,1,1,2,3,4628,641,5269,620,0.0328,1,4.2,Chat
9110,20250628,1631,55,5,1,5,4,590,316,906,325,0.0023,1,,Completion
9111,20250416,1138,1,3,7,2,2,1669,649,2318,869,0.0147,1,,Embedding
9112,20250527,1124,47,1,3,6,2,181,448,629,740,0.0076,1,3.8,Chat
9113,20250222,1728,70,2,6,3,4,356,523,879,391,0.0004,1,4.2,Chat
9114,20250102,1751,50,1,2,2,4,607,314,921,748,0.0077,1,,Chat
9115,20250202,2056,6,1,5,4,3,1358,514,1872,338,0.0145,1,3.9,Chat
9116,20250309,1253,66,1,5,6,1,655,617,1272,305,0.0125,1,,Chat
9117,20250629,1233,18,2,3,4,4,268,734,1002,195,0.0005,1,4.6,Vision
9118,20250225,1111,52,2,2,3,3,857,224,1081,511,0.0003,1,,Chat
9119,20250307,1716,33,1,2,4,3,1362,853,2215,120,0.0196,1,,Chat
9120,20250320,1843,6,5,1,1,3,1054,310,1364,335,0.0029,1,4.8,Completion
9121,20250616,1606,40,6,6,3,2,457,456,913,382,0.0002,1,4.7,Completion
9122,20250203,1522,50,2,7,1,1,529,425,954,415,0.0003,1,,Vision
9123,20250212,1741,33,2,1,3,2,233,543,776,324,0.0004,1,,Chat
9124,20250117,1806,50,6,7,1,3,685,241,926,145,0.0001,1,3.7,Embedding
9125,20250604,1142,18,4,1,4,3,1972,390,2362,270,0.001,1,,Chat
9126,20250605,1923,4,1,5,3,3,3982,299,4281,923,0.0244,1,4.7,Embedding
9127,20250308,753,62,2,2,1,2,1005,441,1446,392,0.0004,1,,Chat
9128,20250412,1502,57,3,2,2,2,1048,514,1562,1262,0.0109,1,,Completion
9129,20250208,1447,18,1,4,1,1,2433,88,2521,461,0.0135,1,4.8,Completion
9130,20250201,1624,36,3,7,3,4,266,1014,1280,485,0.016,1,,Chat
9131,20250116,930,72,3,1,3,1,646,2568,3214,725,0.0405,1,,Vision
9132,20250301,1020,1,1,5,6,4,2908,1323,4231,563,0.0344,1,4.3,Completion
9133,20250212,1712,78,3,4,1,4,3665,1351,5016,496,0.0313,1,4.8,Completion
9134,20250119,914,27,2,5,2,4,144,189,333,243,0.0001,1,4.9,Chat
9135,20250327,1246,32,4,1,4,1,637,1440,2077,246,0.002,1,,Chat
9136,20250617,1331,61,4,5,2,3,129,2194,2323,151,0.0028,1,4.7,Chat
9137,20250623,1121,10,1,3,1,4,2685,760,3445,1023,0.0248,1,,Completion
9138,20250401,1611,60,1,6,1,3,1234,1622,2856,914,0.0305,1,3.5,Embedding
9139,20250201,1136,41,2,6,6,1,1582,273,1855,269,0.0004,1,,Completion
9140,20250513,1448,46,2,5,2,2,472,228,700,376,0.0002,1,3.9,Vision
9141,20250118,707,10,4,1,1,3,255,586,841,272,0.0008,1,,Completion
9142,20250213,1723,35,1,3,1,3,1915,169,2084,664,0.0121,1,,Chat
9143,20250518,1636,37,1,4,1,3,1692,385,2077,587,0.0142,1,,Chat
9144,20250302,1103,30,3,5,2,2,355,149,504,738,0.0033,1,,Chat
9145,20250204,1013,74,2,6,4,2,1116,199,1315,151,0.0003,1,3.5,Embedding
9146,20250523,1249,20,2,1,4,3,4380,304,4684,343,0.0008,1,,Completion
9147,20250517,1439,61,6,6,4,2,187,1131,1318,255,0.0004,1,4.1,Embedding
9148,20250420,850,67,2,1,2,2,419,277,696,353,0.0002,1,,Chat
9149,20250126,1155,62,4,2,5,3,7032,148,7180,339,0.0019,1,,Vision
9150,20250615,640,18,3,6,1,1,1183,853,2036,395,0.0163,1,3.6,Completion
9151,20250119,1953,5,4,1,1,2,983,252,1235,321,0.0006,1,4.1,Vision
9152,20250227,1107,2,6,2,3,4,2051,782,2833,316,0.0004,1,,Completion
9153,20250322,1655,3,1,3,6,3,305,2425,2730,627,0.0379,0,,Vision
9154,20250312,1853,68,5,6,1,1,1306,779,2085,177,0.0055,1,,Chat
9155,20250625,1016,33,1,5,1,2,12000,142,12142,400,0.0621,1,,Completion
9156,20250508,1433,67,3,4,1,1,1401,360,1761,790,0.0096,1,3.8,Chat
9157,20250408,1759,25,1,2,1,3,1315,466,1781,644,0.0136,1,,Chat
9158,20250120,1200,72,4,7,4,4,144,426,570,355,0.0006,1,,Chat
9159,20250213,1348,72,6,5,3,2,86,203,289,368,0.0001,1,4.5,Chat
9160,20250520,835,4,4,3,1,3,1244,226,1470,278,0.0006,1,,Vision
9161,20250430,1118,34,3,1,4,2,430,2350,2780,835,0.0365,1,,Chat
9162,20250501,1646,67,3,1,3,3,3322,970,4292,864,0.0245,1,,Embedding
9163,20250412,1151,74,4,2,2,4,2298,987,3285,317,0.0018,1,,Chat
9164,20250419,1257,58,3,5,1,3,394,747,1141,1033,0.0124,1,4.0,Embedding
9165,20250619,902,31,2,2,6,3,1662,221,1883,242,0.0004,1,,Embedding
9166,20250305,907,5,2,3,1,4,337,572,909,355,0.0004,1,,Chat
9167,20250605,1425,46,2,1,5,2,0,0,0,286,0.0,1,3.9,Chat
9168,20250511,1245,27,1,2,4,4,1654,443,2097,582,0.0149,1,4.6,Chat
9169,20250304,1409,70,1,5,1,3,1904,1925,3829,573,0.0384,1,,Completion
9170,20250323,1649,36,1,2,1,2,8132,1036,9168,914,0.0562,1,,Completion
9171,20250212,1142,38,1,1,2,3,651,517,1168,637,0.011,1,,Chat
9172,20250405,1812,6,1,2,1,3,645,553,1198,894,0.0115,1,,Chat
9173,20250316,1446,42,2,7,1,3,658,404,1062,169,0.0003,1,3.5,Chat
9174,20250605,944,30,2,2,4,3,159,393,552,370,0.0003,1,,Completion
9175,20250628,1740,42,2,5,2,1,1861,1136,2997,294,0.001,1,,Completion
9176,20250218,1305,47,6,2,6,2,2510,182,2692,164,0.0002,1,3.9,Chat
9177,20250103,1222,66,1,1,1,1,849,630,1479,456,0.0137,1,,Completion
9178,20250610,1521,48,1,5,5,1,758,1932,2690,378,0.0328,1,,Vision
9179,20250504,1335,40,6,1,1,3,492,401,893,370,0.0002,1,,Chat
9180,20250204,1513,52,1,1,4,1,1177,1160,2337,841,0.0233,1,,Completion
9181,20250510,1553,9,6,7,2,3,942,572,1514,120,0.0002,1,,Chat
9182,20250102,1217,57,4,5,1,4,933,257,1190,251,0.0006,1,3.5,Embedding
9183,20250314,1550,13,1,4,1,3,1993,937,2930,469,0.024,1,,Chat
9184,20250323,818,12,1,2,1,1,2994,297,3291,465,0.0194,1,,Completion
9185,20250626,1035,40,4,4,2,2,1874,395,2269,313,0.001,1,,Chat
9186,20250531,1629,28,1,4,3,2,1283,1575,2858,377,0.03,1,3.5,Chat
9187,20250419,905,32,2,3,1,1,238,472,710,329,0.0003,1,4.6,Completion
9188,20250401,1224,57,5,6,3,2,539,970,1509,211,0.0055,1,,Chat
9189,20250427,1514,34,6,1,1,4,358,838,1196,341,0.0003,1,,Chat
9190,20250628,834,36,5,4,1,2,525,56,581,368,0.0009,1,4.8,Chat
9191,20250510,2218,9,5,5,2,4,93,98,191,296,0.0006,1,3.6,Chat
9192,20250414,1351,23,4,1,6,3,459,75,534,311,0.0002,1,4.7,Chat
9193,20250515,1745,52,1,1,3,4,12000,2083,14083,354,0.0912,1,,Vision
9194,20250625,1301,27,3,1,2,4,2421,312,2733,827,0.0119,1,,Chat
9195,20250404,1650,21,2,4,6,4,2025,653,2678,307,0.0007,1,3.4,Completion
9196,20250303,1123,5,3,1,1,4,367,741,1108,558,0.0122,1,,Embedding
9197,20250425,1211,49,2,4,1,1,1825,1057,2882,158,0.0009,1,,Vision
9198,20250303,1342,27,1,1,4,2,868,811,1679,134,0.0165,1,3.4,Chat
9199,20250529,829,56,5,1,1,4,598,644,1242,287,0.004,1,,Chat
9200,20250404,1610,35,4,6,3,3,794,977,1771,425,0.0014,1,3.8,Completion
9201,20250322,1019,47,4,3,3,4,1473,508,1981,525,0.001,1,,Chat
9202,20250510,1004,2,2,1,5,3,598,137,735,184,0.0002,1,,Chat
9203,20250420,1542,58,3,2,1,2,1645,1006,2651,768,0.02,0,,Completion
9204,20250124,1345,78,3,5,2,1,1050,239,1289,490,0.0067,1,,Embedding
9205,20250221,1322,55,5,3,1,3,794,604,1398,339,0.004,1,,Completion
9206,20250410,2020,45,3,1,1,3,506,482,988,448,0.0087,1,,Chat
9207,20250419,1932,22,2,1,4,3,423,881,1304,422,0.0006,1,,Completion
9208,20250411,1521,76,3,2,1,3,1795,624,2419,577,0.0147,1,,Completion
9209,20250130,1216,25,2,3,4,4,582,1557,2139,177,0.001,1,3.8,Chat
9210,20250529,1447,66,5,1,2,2,1261,259,1520,320,0.0029,1,4.7,Vision
9211,20250316,756,58,2,1,3,4,2191,863,3054,270,0.0008,1,,Chat
9212,20250624,1040,44,2,2,2,4,1357,124,1481,181,0.0003,1,,Chat
9213,20250417,1322,33,2,5,4,1,2607,569,3176,216,0.0007,1,4.2,Embedding
9214,20250609,729,43,1,4,2,2,1396,764,2160,633,0.0184,1,,Completion
9215,20250604,2132,77,1,2,1,1,1173,68,1241,557,0.0069,1,,Chat
9216,20250622,1559,15,3,4,4,1,1972,508,2480,572,0.0135,1,,Completion
9217,20250510,643,2,2,5,1,2,718,247,965,304,0.0003,1,4.4,Chat
9218,20250601,1552,39,2,2,2,3,2032,146,2178,153,0.0004,1,,Chat
9219,20250306,1126,17,2,1,3,2,343,163,506,421,0.0001,1,,Chat
9220,20250115,1418,22,1,2,2,1,9627,600,10227,383,0.0571,1,,Chat
9221,20250228,1039,41,2,1,4,1,1672,125,1797,334,0.0003,1,4.7,Chat
9222,20250119,1221,29,4,1,1,2,288,1073,1361,222,0.0014,1,,Completion
9223,20250224,1007,80,1,1,1,2,1237,371,1608,1153,0.0118,1,4.0,Completion
9224,20250303,1830,49,1,3,1,3,741,383,1124,190,0.0095,1,,Chat
9225,20250310,1404,78,5,2,3,1,339,355,694,120,0.0022,1,4.1,Chat
9226,20250625,1358,24,3,1,1,2,7322,633,7955,473,0.0315,1,,Completion
9227,20250618,1331,2,1,6,1,4,1256,4000,5256,574,0.0663,1,,Chat
9228,20250306,949,29,3,1,2,3,1368,724,2092,777,0.015,1,,Completion
9229,20250125,1713,7,2,2,4,3,3865,199,4064,212,0.0007,1,3.3,Completion
9230,20250627,607,59,4,1,1,3,1206,155,1361,367,0.0005,1,,Vision
9231,20250516,1216,40,2,5,1,3,3144,97,3241,380,0.0005,1,4.1,Vision
9232,20250102,1706,47,5,1,1,4,1068,127,1195,332,0.002,1,,Chat
9233,20250419,1443,66,5,2,3,4,128,1242,1370,246,0.0064,1,,Completion
9234,20250331,1947,60,2,2,1,4,625,761,1386,195,0.0006,1,,Chat
9235,20250128,1448,41,4,5,1,3,757,250,1007,194,0.0005,1,,Chat
9236,20250405,133,54,1,1,3,3,574,1170,1744,332,0.0204,1,,Completion
9237,20250523,952,27,3,6,1,3,318,733,1051,446,0.0119,1,,Chat
9238,20250403,1852,36,4,1,2,2,1288,391,1679,309,0.0008,1,3.4,Completion
9239,20250114,1002,60,5,6,1,2,334,604,938,369,0.0034,1,3.5,Completion
9240,20250119,1604,47,3,4,1,4,836,414,1250,438,0.0087,0,,Chat
9241,20250424,1751,66,1,4,2,2,188,74,262,193,0.002,1,,Embedding
9242,20250627,549,1,2,7,1,1,2256,644,2900,162,0.0007,1,4.6,Embedding
9243,20250301,1354,9,2,1,1,1,2487,505,2992,487,0.0007,1,4.3,Vision
9244,20250519,1323,76,1,2,4,3,695,215,910,655,0.0067,1,3.3,Vision
9245,20250217,1758,77,4,2,3,3,727,243,970,403,0.0005,1,4.6,Embedding
9246,20250409,1602,48,5,5,5,4,600,172,772,255,0.0016,1,4.2,Chat
9247,20250417,1501,68,5,1,1,4,329,115,444,232,0.001,1,3.8,Chat
9248,20250111,1301,76,3,1,2,4,5235,199,5434,701,0.0187,1,4.7,Chat
9249,20250414,1224,36,4,1,1,3,541,1222,1763,287,0.0017,1,3.7,Chat
9250,20250111,1029,28,1,7,1,2,3257,1305,4562,422,0.0359,1,4.3,Chat
9251,20250413,947,76,2,1,1,2,962,321,1283,233,0.0003,1,3.6,Embedding
9252,20250507,1800,35,6,1,1,2,390,472,862,395,0.0002,1,,Completion
9253,20250619,1250,68,3,4,4,2,215,410,625,693,0.0068,1,4.0,Chat
9254,20250201,1816,79,2,4,4,4,416,1428,1844,152,0.0009,1,,Completion
9255,20250109,1400,33,5,1,3,3,536,1037,1573,135,0.0059,1,3.5,Chat
9256,20250428,1511,16,3,2,1,3,1049,2572,3621,461,0.0417,1,,Vision
9257,20250306,1529,6,1,4,5,2,579,719,1298,565,0.0137,1,3.7,Completion
9258,20250118,1219,61,3,2,1,3,183,892,1075,403,0.0139,1,4.5,Completion
9259,20250408,916,71,3,1,2,4,282,220,502,763,0.0041,1,,Chat
9260,20250101,1536,5,5,1,2,2,1208,137,1345,301,0.0022,1,,Chat
9261,20250111,1112,26,3,1,1,4,3479,902,4381,500,0.024,1,,Chat
9262,20250530,1851,11,2,7,1,3,1050,101,1151,120,0.0002,1,,Completion
9263,20250323,851,3,5,1,1,2,2934,139,3073,463,0.0044,1,,Completion
9264,20250526,922,70,3,1,2,2,414,1388,1802,860,0.0221,1,,Chat
9265,20250227,1606,50,3,1,1,2,2633,281,2914,839,0.0121,1,,Chat
9266,20250310,1435,21,2,5,2,2,478,357,835,383,0.0003,1,4.2,Embedding
9267,20250504,1508,67,1,5,1,2,154,1403,1557,835,0.0218,1,,Chat
9268,20250105,1247,6,4,1,1,2,738,363,1101,120,0.0006,1,,Chat
9269,20250414,1229,63,3,2,1,2,931,517,1448,530,0.0105,1,4.8,Chat
9270,20250109,1645,9,4,1,3,2,321,715,1036,340,0.001,1,3.9,Chat
9271,20250121,1947,50,3,1,1,4,7584,3144,10728,380,0.0699,1,4.0,Embedding
9272,20250422,1517,42,3,1,5,3,653,4000,4653,789,0.062,1,3.6,Completion
9273,20250408,1905,10,3,7,2,2,2070,49,2119,471,0.0069,1,,Completion
9274,20250327,1158,43,4,2,1,3,468,448,916,329,0.0007,1,,Chat
9275,20250507,359,28,1,6,4,4,1056,379,1435,964,0.011,1,4.2,Vision
9276,20250204,1646,48,3,1,4,2,1115,744,1859,266,0.0145,1,,Chat
9277,20250218,1625,36,6,1,3,1,465,166,631,408,0.0001,1,3.7,Embedding
9278,20250610,1522,36,3,1,3,2,688,338,1026,733,0.0071,1,,Chat
9279,20250617,1549,57,4,3,1,3,682,118,800,176,0.0003,1,,Chat
9280,20250606,1143,13,4,3,3,3,557,318,875,264,0.0005,1,,Chat
9281,20250209,1307,50,1,1,1,2,8788,1348,10136,920,0.0642,1,,Chat
9282,20250615,1512,60,1,1,2,2,1440,888,2328,701,0.0205,1,,Completion
9283,20250601,1755,42,6,7,3,3,276,611,887,296,0.0002,1,,Completion
9284,20250608,632,76,2,3,1,4,718,108,826,227,0.0002,1,4.6,Chat
9285,20250329,1308,57,1,2,3,4,296,571,867,665,0.01,1,,Chat
9286,20250429,1707,73,4,7,6,3,442,417,859,270,0.0006,1,,Chat
9287,20250303,1220,33,3,3,1,3,251,541,792,819,0.0089,1,,Completion
9288,20250124,1013,74,3,1,3,3,1077,562,1639,900,0.0117,1,,Completion
9289,20250309,1421,49,5,1,2,2,862,327,1189,231,0.0027,1,,Completion
9290,20250410,929,57,3,1,6,3,1007,874,1881,677,0.0161,1,,Chat
9291,20250110,1939,79,4,1,1,3,1558,948,2506,120,0.0016,1,,Vision
9292,20250216,2009,27,1,6,3,3,1749,887,2636,853,0.0221,1,,Chat
9293,20250303,1440,44,4,2,1,2,253,1130,1383,204,0.0015,1,,Chat
9294,20250424,1036,34,3,3,2,2,1059,417,1476,650,0.0094,1,,Chat
9295,20250625,1317,57,5,4,2,3,2235,488,2723,195,0.0052,1,4.0,Completion
9296,20250603,1126,7,1,5,5,4,908,417,1325,532,0.0108,1,3.3,Chat
9297,20250220,922,56,1,2,6,2,1790,390,2180,433,0.0148,1,4.1,Chat
9298,20250421,1519,11,3,4,2,2,3126,476,3602,1055,0.0165,1,,Completion
9299,20250201,2258,11,5,3,3,1,1040,221,1261,306,0.0024,1,,Completion
9300,20250204,944,36,2,4,4,4,303,79,382,218,0.0001,1,,Embedding
9301,20250115,903,32,3,1,4,1,2500,295,2795,712,0.0119,1,,Chat
9302,20250212,1610,37,6,2,1,4,1908,244,2152,310,0.0002,1,,Chat
9303,20250228,1552,29,1,1,5,2,4779,1266,6045,946,0.0429,1,,Chat
9304,20250202,752,76,4,3,1,2,365,793,1158,336,0.0011,1,,Chat
9305,20250112,1315,55,2,2,1,1,434,645,1079,120,0.0005,1,,Chat
9306,20250604,1745,74,2,2,6,3,721,217,938,329,0.0002,1,4.8,Embedding
9307,20250521,1258,71,1,2,3,1,1378,575,1953,819,0.0155,1,3.7,Embedding
9308,20250115,1441,36,1,1,2,1,198,160,358,403,0.0034,1,,Chat
9309,20250331,1548,57,5,1,3,3,1097,1366,2463,180,0.0082,1,,Chat
9310,20250422,1937,45,1,5,2,2,192,612,804,705,0.0101,1,,Embedding
9311,20250429,1451,33,1,1,5,2,982,673,1655,368,0.015,1,,Chat
9312,20250227,1735,79,1,1,1,3,1719,849,2568,586,0.0213,1,,Chat
9313,20250221,1216,3,6,2,2,2,1066,1275,2341,143,0.0005,1,,Vision
9314,20250115,832,71,5,1,1,2,845,249,1094,292,0.0023,1,4.2,Vision
9315,20250611,1359,67,2,4,1,2,1164,258,1422,161,0.0003,1,,Embedding
9316,20250218,1025,45,1,3,3,4,1140,182,1322,641,0.0084,1,4.3,Completion
9317,20250104,1422,74,2,2,2,2,482,394,876,121,0.0003,1,3.9,Chat
9318,20250102,1000,52,2,2,1,2,237,697,934,506,0.0005,1,,Chat
9319,20250611,1046,4,1,1,4,1,1058,311,1369,700,0.01,1,,Vision
9320,20250115,1114,35,3,1,1,4,1777,1132,2909,371,0.0223,1,3.6,Chat
9321,20250213,1550,35,3,6,1,3,222,471,693,576,0.0077,1,4.0,Chat
9322,20250415,1337,33,2,2,4,3,502,216,718,253,0.0002,1,,Chat
9323,20250512,1446,49,6,5,4,2,845,364,1209,223,0.0002,1,3.8,Completion
9324,20250403,1809,74,5,1,1,3,2624,110,2734,296,0.0038,1,,Chat
9325,20250422,1216,52,2,1,3,4,1530,326,1856,285,0.0004,1,,Embedding
9326,20250203,1525,13,1,3,5,2,994,2961,3955,765,0.0494,1,3.8,Chat
9327,20250509,1740,61,5,2,1,3,545,297,842,359,0.0022,1,,Chat
9328,20250303,1622,66,1,5,1,2,384,679,1063,757,0.0121,1,,Completion
9329,20250102,1347,20,2,1,1,3,935,306,1241,120,0.0003,1,3.7,Chat
9330,20250117,849,8,2,4,2,4,1599,268,1867,298,0.0004,1,4.9,Chat
9331,20250522,1349,57,4,1,2,4,316,222,538,312,0.0004,1,,Chat
9332,20250301,1538,52,1,3,1,1,11949,382,12331,1030,0.0655,1,,Chat
9333,20250427,1058,73,5,5,1,3,1032,384,1416,267,0.0032,1,,Chat
9334,20250213,1337,27,2,1,1,3,379,712,1091,197,0.0005,1,,Embedding
9335,20250518,1515,68,4,7,6,2,1313,1071,2384,375,0.0017,1,,Completion
9336,20250302,1635,66,5,6,4,4,374,169,543,168,0.0013,1,,Embedding
9337,20250115,905,72,2,2,2,2,664,177,841,397,0.0002,1,,Vision
9338,20250125,1119,64,2,3,1,2,724,263,987,142,0.0003,1,4.0,Chat
9339,20250327,1845,65,1,1,3,2,2685,1299,3984,785,0.0329,1,3.9,Vision
9340,20250309,1009,42,1,3,1,2,639,924,1563,1001,0.0171,1,,Completion
9341,20250307,1544,65,3,2,1,3,3563,365,3928,899,0.0162,1,4.2,Completion
9342,20250123,1208,9,4,1,3,3,825,241,1066,367,0.0005,1,,Chat
9343,20250516,1729,65,5,1,4,4,176,1018,1194,512,0.0053,1,,Embedding
9344,20250331,1230,30,2,1,1,4,593,947,1540,286,0.0007,1,4.2,Chat
9345,20250423,1333,76,5,7,3,4,3667,104,3771,202,0.0051,1,,Chat
9346,20250509,1532,65,6,6,2,1,154,240,394,242,0.0001,1,,Chat
9347,20250622,1712,53,1,4,1,3,2678,121,2799,492,0.0152,1,,Chat
9348,20250203,1151,6,2,3,2,3,547,129,676,324,0.0002,1,,Chat
9349,20250517,1113,26,1,2,1,3,2412,600,3012,428,0.0211,1,,Completion
9350,20250401,1924,41,1,3,5,3,5528,793,6321,595,0.0395,1,4.0,Chat
9351,20250524,939,14,3,2,1,2,3909,1314,5223,464,0.0314,1,3.5,Chat
9352,20250523,1103,66,1,6,4,4,2115,197,2312,507,0.0135,1,,Completion
9353,20250131,936,25,4,2,2,3,268,179,447,368,0.0003,1,3.9,Chat
9354,20250324,630,27,2,1,2,3,982,411,1393,374,0.0004,1,,Completion
9355,20250517,1545,51,2,6,3,2,472,165,637,377,0.0002,1,,Embedding
9356,20250130,1557,18,1,1,4,2,818,1427,2245,548,0.0255,1,4.0,Completion
9357,20250623,1302,27,3,1,2,2,731,999,1730,423,0.0172,1,,Embedding
9358,20250406,1239,74,2,5,2,2,369,413,782,318,0.0003,1,3.4,Chat
9359,20250525,931,16,1,2,6,2,2011,147,2158,1148,0.0123,1,,Embedding
9360,20250531,1141,65,2,6,5,3,1710,391,2101,303,0.0005,1,,Chat
9361,20250307,902,11,3,1,4,1,3113,630,3743,756,0.0188,1,,Chat
9362,20250117,1300,68,1,6,5,2,1525,259,1784,615,0.0115,1,,Completion
9363,20250305,1231,63,5,6,3,4,352,370,722,315,0.0023,1,,Completion
9364,20250601,1541,6,3,3,2,2,1209,889,2098,705,0.017,1,,Chat
9365,20250211,1458,26,4,5,1,4,772,902,1674,161,0.0013,1,3.3,Embedding
9366,20250305,1206,56,1,5,3,3,1878,133,2011,964,0.0114,1,,Chat
9367,20250106,1527,31,4,1,4,2,1573,855,2428,320,0.0015,1,,Embedding
9368,20250227,542,51,1,1,1,2,1552,736,2288,402,0.0188,1,,Chat
9369,20250603,642,19,1,1,1,3,2125,183,2308,1118,0.0134,1,,Completion
9370,20250504,1537,63,4,1,4,3,2244,339,2583,353,0.001,1,4.9,Chat
9371,20250527,1417,72,5,3,1,3,1644,58,1702,367,0.0023,1,,Chat
9372,20250418,1616,67,3,2,1,4,1148,408,1556,581,0.0096,1,4.2,Chat
9373,20250323,1510,1,1,1,1,1,4509,362,4871,262,0.028,1,,Chat
9374,20250228,2351,17,1,6,3,1,2621,415,3036,920,0.0193,1,,Embedding
9375,20250417,1720,78,3,2,5,2,2191,382,2573,801,0.0123,1,,Chat
9376,20250608,1823,4,4,2,2,3,141,399,540,309,0.0005,1,,Chat
9377,20250525,1547,56,3,1,3,4,1402,1857,3259,601,0.0321,1,,Chat
9378,20250317,1318,40,3,5,1,4,1836,508,2344,334,0.0131,1,,Chat
9379,20250607,1436,52,6,7,2,2,814,242,1056,267,0.0001,1,4.0,Chat
9380,20250214,148,59,1,2,2,2,4484,1416,5900,345,0.0437,1,,Chat
9381,20250124,1112,72,1,6,1,2,5701,200,5901,758,0.0315,1,,Chat
9382,20250224,1257,4,2,1,1,2,962,344,1306,252,0.0004,1,4.5,Completion
9383,20250202,1506,9,2,1,3,2,426,72,498,189,0.0001,1,3.9,Embedding
9384,20250110,949,52,2,7,2,2,157,452,609,263,0.0003,1,,Chat
9385,20250303,1551,36,2,1,5,2,1062,628,1690,319,0.0005,1,,Vision
9386,20250512,1005,9,3,4,1,4,2391,743,3134,1148,0.0183,1,,Vision
9387,20250217,1439,25,5,2,1,3,938,304,1242,284,0.0027,1,4.0,Chat
9388,20250324,1350,30,6,2,5,3,449,384,833,340,0.0001,1,4.4,Chat
9389,20250422,1235,13,1,4,1,3,3088,1186,4274,449,0.0332,1,,Chat
9390,20250512,1026,1,3,7,6,3,2096,344,2440,412,0.0114,1,,Chat
9391,20250509,2002,7,1,1,3,2,509,141,650,471,0.0047,1,4.8,Embedding
9392,20250308,1418,63,1,4,1,3,1441,3615,5056,475,0.0614,1,,Completion
9393,20250616,1419,31,3,2,3,3,4140,321,4461,810,0.0172,1,,Chat
9394,20250524,620,16,2,5,3,2,3238,769,4007,213,0.0009,1,,Chat
9395,20250513,1715,67,2,1,1,4,2168,110,2278,221,0.0004,1,,Completion
9396,20250221,1952,50,2,3,1,2,706,478,1184,286,0.0004,1,4.8,Chat
9397,20250626,1703,13,2,3,1,3,1055,361,1416,120,0.0004,1,,Embedding
9398,20250114,1610,50,1,1,1,1,2777,185,2962,383,0.0167,1,4.5,Chat
9399,20250316,1611,27,2,1,1,4,792,61,853,199,0.0002,1,3.2,Vision
9400,20250322,1538,33,1,2,2,3,2635,345,2980,616,0.0183,1,,Chat
9401,20250527,1002,6,3,5,4,4,5033,710,5743,498,0.0257,1,3.6,Chat
9402,20250403,911,11,1,1,1,3,377,3364,3741,610,0.0523,1,4.7,Chat
9403,20250422,1217,11,3,2,1,3,1082,330,1412,625,0.0082,1,,Chat
9404,20250105,1440,2,4,1,5,4,674,112,786,367,0.0003,1,,Embedding
9405,20250419,1113,68,1,6,1,3,693,308,1001,410,0.0081,1,,Chat
9406,20250116,1519,77,3,1,3,3,3277,302,3579,230,0.0144,1,,Vision
9407,20250619,959,8,2,7,4,2,444,115,559,221,0.0001,1,,Embedding
9408,20250511,1143,40,4,6,3,3,655,95,750,336,0.0003,1,3.7,Chat
9409,20250408,2044,47,1,1,1,3,5592,345,5937,802,0.0331,1,4.6,Chat
9410,20250209,1633,19,5,6,2,2,639,383,1022,346,0.0027,1,,Completion
9411,20250618,1754,77,3,2,1,4,594,1224,1818,1029,0.0201,1,,Completion
9412,20250228,1737,13,2,2,3,2,2651,36,2687,338,0.0004,1,,Completion
9413,20250501,1541,72,1,3,6,3,3740,206,3946,534,0.0218,1,3.9,Vision
9414,20250205,1755,55,2,1,1,3,256,405,661,278,0.0003,1,,Chat
9415,20250601,1350,52,3,1,3,2,2374,208,2582,472,0.0102,1,,Completion
9416,20250223,1356,61,1,2,1,2,402,1937,2339,468,0.0311,1,,Embedding
9417,20250510,1715,55,2,3,4,1,302,600,902,122,0.0004,1,,Chat
9418,20250104,1956,75,1,1,5,2,4167,356,4523,462,0.0262,1,3.2,Chat
9419,20250228,1544,31,3,1,4,2,291,622,913,466,0.0102,1,3.9,Embedding
9420,20250629,1244,10,4,1,6,3,372,167,539,447,0.0003,1,,Chat
9421,20250506,1720,50,6,2,4,2,175,156,331,364,0.0001,1,,Vision
9422,20250323,1720,43,4,7,5,3,191,598,789,305,0.0008,1,,Completion
9423,20250226,637,56,5,1,2,3,462,294,756,284,0.002,1,,Chat
9424,20250602,803,48,1,2,5,2,624,333,957,528,0.0081,1,,Chat
9425,20250304,1100,10,1,2,2,2,1173,807,1980,1053,0.018,1,,Completion
9426,20250521,1717,69,1,1,2,2,4998,381,5379,421,0.0307,1,4.1,Completion
9427,20250106,1745,79,1,3,3,4,1317,1204,2521,449,0.0246,1,,Chat
9428,20250217,1637,70,1,1,2,2,1124,388,1512,566,0.0114,1,,Chat
9429,20250223,1521,5,1,6,1,2,2904,424,3328,728,0.0209,1,3.8,Vision
9430,20250322,1532,80,5,4,1,3,1292,764,2056,457,0.0054,1,5.0,Chat
9431,20250307,1230,71,2,1,1,4,2475,364,2839,172,0.0006,1,,Completion
9432,20250125,1111,28,3,4,2,3,2134,1196,3330,418,0.0243,1,,Chat
9433,20250408,1025,26,5,2,5,4,411,158,569,120,0.0013,1,4.4,Embedding
9434,20250625,516,59,1,4,1,3,914,764,1678,799,0.016,1,,Chat
9435,20250520,854,57,2,5,3,4,198,210,408,280,0.0002,1,3.2,Chat
9436,20250225,1840,30,3,2,6,3,2745,424,3169,731,0.0146,1,4.4,Chat
9437,20250330,1059,27,5,4,3,3,711,313,1024,417,0.0025,1,4.9,Embedding
9438,20250519,1540,43,1,2,2,3,619,292,911,574,0.0075,1,4.7,Embedding
9439,20250404,741,49,5,7,4,2,540,292,832,325,0.0021,1,,Completion
9440,20250314,1649,35,1,4,4,1,1478,127,1605,372,0.0093,1,4.3,Chat
9441,20250501,1146,27,2,1,3,2,1196,558,1754,255,0.0005,1,,Chat
9442,20250404,2340,74,1,6,1,2,6384,1954,8338,809,0.0612,1,,Completion
9443,20250316,1505,15,1,1,4,2,1969,108,2077,410,0.0115,1,,Completion
9444,20250413,1321,75,5,6,5,2,746,297,1043,306,0.0024,1,,Chat
9445,20250227,500,51,3,4,2,3,2220,638,2858,607,0.0162,1,4.4,Chat
9446,20250207,1751,16,2,4,1,3,259,270,529,307,0.0002,1,,Chat
9447,20250316,1001,14,3,1,1,4,180,201,381,635,0.0036,1,4.1,Chat
9448,20250618,1342,11,4,2,6,2,654,188,842,151,0.0004,1,4.9,Chat
9449,20250303,1414,44,3,2,5,4,1133,1103,2236,479,0.0199,1,,Completion
9450,20250512,515,19,4,3,4,3,63,234,297,292,0.0003,1,,Completion
9451,20250527,1323,63,1,1,1,4,761,132,893,220,0.0058,1,4.8,Chat
9452,20250604,1530,30,1,3,1,3,1066,426,1492,299,0.0117,1,4.1,Chat
9453,20250305,1017,24,6,1,4,4,692,420,1112,263,0.0002,1,,Vision
9454,20250621,1952,17,2,1,1,4,396,986,1382,301,0.0007,1,4.0,Completion
9455,20250328,1427,72,2,3,2,2,1539,194,1733,247,0.0003,1,,Chat
9456,20250312,947,47,2,1,1,3,1543,439,1982,387,0.0005,1,5.0,Embedding
9457,20250107,1421,77,2,7,2,4,1794,175,1969,376,0.0004,1,3.3,Vision
9458,20250617,1237,67,4,4,5,2,666,613,1279,508,0.0009,1,,Completion
9459,20250410,1709,77,6,2,1,4,1514,207,1721,295,0.0002,1,,Chat
9460,20250401,1325,55,3,6,5,2,5473,523,5996,952,0.0243,1,,Embedding
9461,20250531,843,79,4,1,3,3,2342,158,2500,363,0.0008,1,,Embedding
9462,20250609,1055,74,5,1,1,1,1160,145,1305,381,0.0022,1,4.7,Embedding
9463,20250610,1751,15,4,5,1,3,387,539,926,372,0.0008,1,,Completion
9464,20250121,1000,50,1,2,1,3,476,217,693,374,0.0056,1,4.4,Chat
9465,20250114,950,68,2,4,3,3,1528,530,2058,120,0.0005,1,3.8,Chat
9466,20250207,1127,50,3,7,6,1,420,1364,1784,547,0.0217,0,,Chat
9467,20250101,728,23,2,2,1,3,775,553,1328,186,0.0004,1,4.7,Chat
9468,20250313,1205,17,1,4,2,2,543,1962,2505,551,0.0321,1,,Completion
9469,20250327,1127,71,6,5,3,3,635,276,911,347,0.0001,1,,Chat
9470,20250102,1858,71,3,2,3,1,4553,418,4971,719,0.0199,1,5.0,Completion
9471,20250122,1948,27,2,4,3,3,2628,156,2784,338,0.0005,1,3.8,Chat
9472,20250402,1529,65,2,4,1,1,1531,950,2481,177,0.0008,1,,Chat
9473,20250613,1123,78,3,1,2,4,3319,692,4011,143,0.0203,1,5.0,Chat
9474,20250329,720,19,2,4,4,4,1207,674,1881,147,0.0006,1,4.6,Chat
9475,20250109,1803,72,2,2,5,3,557,138,695,225,0.0002,1,,Chat
9476,20250207,906,42,1,2,4,3,723,101,824,633,0.0051,1,,Chat
9477,20250618,1616,36,5,2,3,1,197,335,532,201,0.0019,1,4.4,Chat
9478,20250422,1610,42,5,6,2,4,82,604,686,120,0.0031,1,3.5,Chat
9479,20250504,1325,76,6,1,1,2,351,243,594,130,0.0001,1,4.7,Completion
9480,20250219,2017,22,1,1,1,4,369,191,560,1058,0.0047,1,,Embedding
9481,20250520,1527,15,1,1,1,3,382,532,914,596,0.0099,1,,Chat
9482,20250502,738,7,4,5,5,3,336,322,658,404,0.0005,1,,Chat
9483,20250330,1324,31,6,1,1,1,600,165,765,387,0.0001,1,,Chat
9484,20250622,1701,18,5,1,2,3,1353,363,1716,123,0.0035,1,,Chat
9485,20250124,1815,21,2,1,1,3,700,254,954,323,0.0003,1,3.8,Completion
9486,20250606,1414,47,6,5,1,3,254,251,505,120,0.0001,1,,Chat
9487,20250606,1428,74,1,1,2,3,5065,109,5174,679,0.027,1,,Chat
9488,20250225,1614,58,1,2,1,1,3030,296,3326,399,0.0196,1,4.7,Chat
9489,20250418,1121,22,3,3,3,3,4406,118,4524,373,0.015,1,,Chat
9490,20250115,1206,6,1,3,1,3,504,578,1082,971,0.0112,1,,Vision
9491,20250103,940,12,2,1,6,1,583,327,910,247,0.0003,1,,Embedding
9492,20250218,739,1,1,6,1,1,707,329,1036,794,0.0085,1,3.5,Embedding
9493,20250419,1541,37,4,5,5,2,164,237,401,230,0.0003,1,,Chat
9494,20250105,2126,19,5,1,1,3,865,132,997,203,0.0017,1,4.6,Chat
9495,20250410,1247,14,2,1,2,4,921,498,1419,299,0.0004,1,,Chat
9496,20250510,1357,41,1,1,2,2,1169,532,1701,244,0.0138,1,,Completion
9497,20250111,1356,63,5,4,4,2,395,81,476,516,0.0009,1,,Chat
9498,20250214,1516,37,1,6,3,3,1357,423,1780,816,0.0131,1,,Chat
9499,20250319,910,69,2,6,1,1,501,147,648,350,0.0002,1,,Embedding
9500,20250224,1019,48,1,1,2,2,4029,547,4576,826,0.0284,1,,Completion
9501,20250615,1519,46,2,1,5,2,1725,149,1874,368,0.0003,1,3.5,Vision
9502,20250411,659,33,3,1,4,3,1398,358,1756,330,0.0096,1,,Chat
9503,20250409,1031,30,5,4,5,1,373,279,652,228,0.0019,1,,Chat
9504,20250612,1412,2,2,5,2,4,315,220,535,251,0.0002,1,,Chat
9505,20250215,1402,51,4,6,4,3,1427,682,2109,303,0.0012,1,,Vision
9506,20250122,1518,43,6,3,2,3,880,252,1132,368,0.0001,1,,Chat
9507,20250625,1028,64,6,7,3,2,105,136,241,417,0.0,1,,Chat
9508,20250123,1231,57,3,7,3,4,1761,463,2224,777,0.0122,1,3.9,Chat
9509,20250221,1403,80,6,1,2,2,625,556,1181,234,0.0002,1,,Completion
9510,20250101,1517,61,2,7,2,1,568,301,869,199,0.0003,1,,Completion
9511,20250616,1316,61,5,4,1,1,408,863,1271,120,0.0048,1,3.4,Chat
9512,20250126,1751,15,1,6,2,3,234,1002,1236,459,0.0162,1,,Completion
9513,20250224,1641,69,1,5,3,4,1186,154,1340,959,0.0082,1,4.5,Vision
9514,20250414,1708,47,1,6,2,2,2215,327,2542,834,0.016,1,3.6,Chat
9515,20250410,820,9,3,1,1,1,144,136,280,440,0.0025,1,,Completion
9516,20250204,1030,27,1,2,1,1,867,415,1282,502,0.0106,1,3.2,Chat
9517,20250205,539,16,6,5,2,4,790,263,1053,211,0.0001,1,4.7,Vision
9518,20250628,1904,61,2,7,1,3,534,347,881,357,0.0003,1,4.1,Completion
9519,20250430,847,50,5,6,1,2,651,647,1298,271,0.004,1,,Chat
9520,20250128,835,54,1,2,5,2,826,720,1546,170,0.0149,1,4.7,Chat
9521,20250528,835,58,2,2,3,3,3929,498,4427,425,0.0009,1,,Chat
9522,20250402,1758,75,4,6,5,4,948,253,1201,317,0.0006,1,4.2,Completion
9523,20250608,1924,78,2,4,1,1,1398,380,1778,263,0.0004,1,4.1,Chat
9524,20250621,1511,3,5,4,2,2,412,504,916,211,0.003,1,,Chat
9525,20250427,1215,22,2,3,2,2,263,227,490,212,0.0002,1,4.4,Chat
9526,20250321,2050,38,1,2,1,4,547,867,1414,434,0.0157,1,4.8,Vision
9527,20250423,1436,17,3,2,2,1,1789,103,1892,332,0.0069,1,,Chat
9528,20250219,1013,58,5,6,1,3,205,354,559,303,0.002,1,,Chat
9529,20250213,952,22,4,1,1,3,743,230,973,270,0.0005,1,,Embedding
9530,20250613,1121,1,1,1,1,4,2181,2844,5025,826,0.0536,1,4.3,Vision
9531,20250402,1912,78,2,3,1,1,188,185,373,335,0.0001,1,3.6,Chat
9532,20250611,2047,54,2,1,3,1,1194,138,1332,237,0.0003,1,,Chat
9533,20250317,1534,24,1,3,4,3,1136,281,1417,583,0.0099,1,4.2,Chat
9534,20250511,1336,21,6,1,5,2,250,762,1012,236,0.0002,1,4.2,Chat
9535,20250603,1359,13,6,1,6,4,1688,297,1985,376,0.0002,1,4.3,Chat
9536,20250121,907,11,4,1,1,3,982,674,1656,198,0.0011,1,,Chat
9537,20250327,1321,66,2,3,1,4,577,394,971,326,0.0003,1,,Chat
9538,20250626,1040,5,3,2,1,2,1261,2729,3990,889,0.0447,1,,Chat
9539,20250309,1703,64,2,3,6,2,559,2017,2576,380,0.0013,1,,Chat
9540,20250612,1419,66,1,6,1,2,1669,389,2058,739,0.0142,1,,Chat
9541,20250426,1613,56,1,4,3,3,2704,506,3210,314,0.0211,1,,Chat
9542,20250205,1415,19,4,3,4,3,1256,143,1399,271,0.0005,1,,Chat
9543,20250109,1947,37,4,4,5,3,225,259,484,425,0.0004,1,,Embedding
9544,20250409,1431,51,2,1,1,4,414,328,742,360,0.0003,1,4.0,Chat
9545,20250315,1315,34,3,1,1,4,2434,752,3186,722,0.0186,1,,Completion
9546,20250127,1645,2,1,1,2,2,997,245,1242,757,0.0087,1,,Chat
9547,20250130,1322,12,2,1,1,2,444,516,960,405,0.0004,1,,Chat
9548,20250604,1333,25,1,7,1,3,1350,195,1545,599,0.0097,1,,Embedding
9549,20250310,1440,39,1,1,6,2,1312,426,1738,815,0.0129,1,4.9,Chat
9550,20250313,1437,9,3,1,2,1,12000,733,12733,120,0.047,1,,Vision
9551,20250531,930,41,3,1,3,1,2280,326,2606,517,0.0117,1,,Chat
9552,20250215,940,65,1,1,1,1,831,723,1554,737,0.015,1,,Completion
9553,20250108,950,33,6,5,5,2,1373,119,1492,322,0.0001,1,,Chat
9554,20250103,1547,19,3,1,4,4,526,221,747,736,0.0049,1,,Chat
9555,20250523,1124,45,2,1,3,2,560,592,1152,326,0.0004,1,3.6,Chat
9556,20250503,1007,6,3,1,5,3,1269,247,1516,847,0.0075,1,,Chat
9557,20250119,2031,39,3,2,1,3,575,584,1159,858,0.0105,1,3.5,Completion
9558,20250131,1428,56,2,6,1,3,1102,345,1447,176,0.0004,1,3.8,Chat
9559,20250208,1447,52,3,4,6,4,4135,811,4946,1019,0.0246,1,,Chat
9560,20250309,633,29,5,3,5,4,935,190,1125,194,0.0021,0,4.6,Chat
9561,20250315,1952,44,1,4,3,1,1037,430,1467,728,0.0116,1,,Chat
9562,20250105,543,7,4,2,2,2,2251,1666,3917,369,0.0026,1,,Chat
9563,20250215,1516,25,1,4,1,2,1078,216,1294,921,0.0086,1,3.5,Completion
9564,20250409,1740,71,5,4,5,3,997,438,1435,309,0.0034,0,4.2,Chat
9565,20250405,1124,22,1,1,3,4,12000,458,12458,552,0.0669,1,4.9,Completion
9566,20250228,1800,53,2,2,2,3,647,325,972,418,0.0003,1,4.4,Chat
9567,20250213,1604,36,1,1,1,3,2777,156,2933,741,0.0162,1,,Chat
9568,20250611,919,1,3,2,1,4,849,711,1560,641,0.0132,1,,Completion
9569,20250409,1625,53,4,6,1,3,1330,677,2007,148,0.0012,1,,Chat
9570,20250629,2312,65,6,7,3,3,650,926,1576,120,0.0003,1,,Chat
9571,20250508,1231,27,1,2,1,2,310,265,575,661,0.0055,1,,Chat
9572,20250602,1208,45,1,1,1,1,4984,3230,8214,430,0.0734,1,3.4,Embedding
9573,20250306,1213,4,4,5,2,4,262,882,1144,295,0.0012,1,,Embedding
9574,20250526,1439,67,1,1,4,4,1830,447,2277,455,0.0159,1,,Embedding
9575,20250503,1448,56,3,3,3,2,1025,836,1861,278,0.0156,1,3.7,Completion
9576,20250128,1449,62,2,3,1,3,357,375,732,368,0.0003,1,3.5,Chat
9577,20250208,1100,3,5,3,4,3,1952,75,2027,431,0.0028,1,,Chat
9578,20250317,1850,21,3,2,6,2,551,261,812,309,0.0056,1,,Chat
9579,20250128,1711,1,1,2,4,2,962,410,1372,394,0.011,1,,Chat
9580,20250522,2133,25,1,1,3,2,506,615,1121,699,0.0118,1,,Chat
9581,20250322,1246,73,1,1,1,1,734,423,1157,778,0.01,1,,Chat
9582,20250117,1208,41,1,5,1,4,6805,287,7092,821,0.0383,1,4.7,Completion
9583,20250611,610,36,3,1,1,2,615,277,892,398,0.006,1,,Completion
9584,20250122,1532,36,1,2,3,3,1199,69,1268,1103,0.007,1,,Vision
9585,20250321,1457,72,5,7,4,3,665,1005,1670,376,0.0059,1,,Vision
9586,20250628,1253,1,1,2,2,3,190,1028,1218,430,0.0164,1,,Chat
9587,20250121,1828,8,4,6,1,3,330,224,554,148,0.0004,1,3.7,Chat
9588,20250601,812,19,3,3,3,1,1201,496,1697,541,0.011,1,4.6,Chat
9589,20250207,2248,56,2,3,1,1,1145,333,1478,120,0.0004,1,4.7,Chat
9590,20250119,1710,12,3,2,1,1,12000,503,12503,465,0.0435,1,4.9,Chat
9591,20250507,1435,60,4,4,2,2,183,489,672,427,0.0007,1,,Chat
9592,20250309,1121,53,1,5,2,3,707,557,1264,535,0.0119,1,,Vision
9593,20250101,756,67,3,5,1,3,911,344,1255,960,0.0079,1,,Chat
9594,20250419,1810,5,1,1,5,3,5417,1289,6706,696,0.0464,1,,Vision
9595,20250217,1010,20,2,1,2,3,2194,443,2637,157,0.0006,1,,Vision
9596,20250611,1003,59,1,4,1,4,378,85,463,738,0.0032,1,,Chat
9597,20250219,928,17,4,1,1,2,336,341,677,261,0.0005,1,,Completion
9598,20250515,1156,76,2,5,4,1,2609,90,2699,134,0.0004,1,3.9,Chat
9599,20250204,1511,34,1,5,2,2,716,319,1035,404,0.0084,1,3.7,Chat
9600,20250423,1530,22,3,1,1,4,1678,673,2351,517,0.0151,1,,Embedding
9601,20250220,1016,75,2,1,3,2,574,751,1325,433,0.0005,1,,Chat
9602,20250403,1827,56,3,1,1,3,2221,1530,3751,381,0.0296,1,,Chat
9603,20250116,1134,17,1,6,3,3,2262,537,2799,726,0.0194,1,3.8,Chat
9604,20250527,1704,62,1,1,1,4,3053,213,3266,652,0.0185,1,,Chat
9605,20250302,1051,54,4,2,1,2,330,77,407,293,0.0002,1,4.9,Completion
9606,20250513,611,58,2,4,1,3,948,1048,1996,331,0.0008,1,,Chat
9607,20250511,1410,35,2,6,4,3,2646,436,3082,195,0.0007,1,4.6,Completion
9608,20250125,1424,46,2,6,1,2,3880,130,4010,144,0.0007,1,,Chat
9609,20250113,1635,62,3,1,1,2,1070,363,1433,363,0.0087,1,,Chat
9610,20250609,642,61,3,1,1,3,312,2791,3103,647,0.0428,1,,Completion
9611,20250405,609,75,4,6,1,2,1930,943,2873,400,0.0017,1,,Completion
9612,20250426,1217,34,3,5,3,2,1023,685,1708,968,0.0133,1,,Chat
9613,20250605,1130,73,5,1,3,1,337,596,933,398,0.0034,1,4.6,Chat
9614,20250505,1341,71,6,7,5,3,1216,363,1579,255,0.0002,1,,Completion
9615,20250618,1038,60,3,1,2,3,422,335,757,427,0.0063,0,3.7,Chat
9616,20250204,1500,72,6,1,3,2,1989,392,2381,189,0.0003,1,,Chat
9617,20250626,1758,65,6,3,3,4,868,503,1371,229,0.0002,1,,Completion
9618,20250506,1839,35,5,1,4,3,1836,282,2118,350,0.0037,1,,Chat
9619,20250219,1804,67,1,3,2,2,841,557,1398,668,0.0126,1,3.4,Completion
9620,20250220,937,80,1,2,2,4,2083,1589,3672,617,0.0343,1,,Completion
9621,20250208,1539,18,3,7,1,2,5423,409,5832,731,0.0224,1,,Chat
9622,20250214,1145,28,1,5,2,3,737,832,1569,704,0.0162,1,3.7,Vision
9623,20250510,1647,47,1,1,4,3,1445,936,2381,1028,0.0213,1,,Chat
9624,20250622,1854,33,1,4,2,2,1878,972,2850,581,0.024,1,,Completion
9625,20250318,1320,56,2,2,2,1,1036,355,1391,357,0.0004,1,,Chat
9626,20250118,1914,2,2,4,6,3,606,59,665,479,0.0001,1,,Chat
9627,20250307,1123,37,2,1,2,2,792,613,1405,418,0.0005,1,3.4,Chat
9628,20250102,2114,5,4,2,2,2,479,907,1386,299,0.0013,1,,Chat
9629,20250211,25,74,4,1,1,1,1790,284,2074,202,0.0008,1,4.3,Chat
9630,20250620,313,4,6,3,4,2,1220,778,1998,353,0.0003,1,,Completion
9631,20250317,441,57,2,6,3,4,214,497,711,454,0.0003,1,,Chat
9632,20250521,1355,76,2,1,1,3,1776,137,1913,300,0.0003,1,4.0,Vision
9633,20250521,1233,74,5,4,3,2,1936,208,2144,444,0.0035,1,4.5,Chat
9634,20250102,1232,57,3,1,6,3,459,224,683,508,0.0047,1,3.8,Completion
9635,20250630,1518,63,2,1,1,4,384,164,548,367,0.0002,1,4.6,Vision
9636,20250214,109,63,1,1,6,1,871,169,1040,452,0.0069,1,,Chat
9637,20250515,1432,19,2,7,4,3,552,256,808,396,0.0002,1,,Completion
9638,20250627,1325,75,1,4,1,3,8152,1183,9335,430,0.0585,1,,Vision
9639,20250419,2141,54,1,5,1,2,1768,3562,5330,589,0.0623,1,,Chat
9640,20250319,1534,17,3,7,3,3,2063,513,2576,939,0.0139,0,,Chat
9641,20250128,2157,60,3,7,1,1,135,1305,1440,446,0.02,1,3.4,Embedding
9642,20250129,354,71,2,2,1,4,1059,513,1572,346,0.0005,1,3.3,Completion
9643,20250607,1504,79,2,1,2,3,1461,197,1658,305,0.0003,1,3.4,Completion
9644,20250105,1618,65,2,3,1,4,2247,342,2589,259,0.0005,1,3.9,Embedding
9645,20250506,1338,52,5,2,1,4,227,635,862,137,0.0035,1,,Chat
9646,20250421,1545,74,1,1,1,4,1457,137,1594,310,0.0093,1,4.2,Completion
9647,20250618,1051,52,5,2,1,2,488,1162,1650,269,0.0064,1,4.9,Chat
9648,20250318,1627,62,6,1,1,1,2079,822,2901,279,0.0004,1,,Completion
9649,20250224,1159,69,1,6,4,2,2205,313,2518,1062,0.0157,1,,Chat
9650,20250522,1744,78,2,6,5,1,802,510,1312,297,0.0004,1,3.3,Embedding
9651,20250323,1207,11,1,2,6,3,2205,477,2682,1090,0.0182,1,3.5,Completion
9652,20250322,1128,8,3,2,6,2,2227,286,2513,469,0.011,1,4.7,Chat
9653,20250519,620,65,4,1,3,4,963,210,1173,386,0.0005,1,4.1,Completion
9654,20250430,1528,31,2,1,2,1,760,99,859,337,0.0002,1,,Completion
9655,20250323,1151,4,3,6,3,4,319,905,1224,363,0.0145,1,4.5,Chat
9656,20250425,558,14,1,4,5,2,4900,353,5253,253,0.0298,1,,Completion
9657,20250315,1053,15,5,1,1,2,347,873,1220,120,0.0048,1,3.5,Completion
9658,20250512,826,34,4,4,3,2,1607,225,1832,302,0.0007,1,,Vision
9659,20250322,1216,64,2,2,3,3,4099,110,4209,307,0.0007,1,,Embedding
9660,20250324,2046,22,1,3,1,2,920,294,1214,824,0.009,1,,Vision
9661,20250423,1845,75,1,5,5,4,601,2414,3015,661,0.0392,1,,Chat
9662,20250109,1602,68,2,1,3,3,2538,634,3172,279,0.0008,1,4.1,Completion
9663,20250108,1120,56,1,6,1,3,12000,284,12284,722,0.0643,1,4.8,Completion
9664,20250124,1615,68,6,7,2,2,1098,2015,3113,284,0.0007,1,,Completion
9665,20250412,1325,53,2,5,5,2,2689,294,2983,365,0.0006,1,4.9,Chat
9666,20250425,1426,51,6,1,2,1,1523,611,2134,240,0.0003,1,,Vision
9667,20250412,601,34,4,4,4,3,147,69,216,271,0.0001,1,,Embedding
9668,20250510,403,23,4,7,1,3,575,370,945,363,0.0006,1,,Chat
9669,20250527,1640,69,2,3,2,2,1497,469,1966,248,0.0005,1,4.4,Chat
9670,20250404,1340,73,1,1,3,3,571,747,1318,289,0.0141,1,,Chat
9671,20250415,1817,3,2,2,1,3,281,376,657,311,0.0003,1,,Embedding
9672,20250413,1842,68,4,2,1,4,146,250,396,333,0.0003,1,,Completion
9673,20250228,2139,28,5,2,1,3,642,199,841,478,0.0018,1,,Chat
9674,20250118,1724,34,2,7,6,4,2289,118,2407,331,0.0004,1,,Chat
9675,20250419,915,25,5,4,4,3,205,541,746,343,0.003,1,4.8,Completion
9676,20250104,1202,50,1,1,3,2,5608,423,6031,588,0.0344,1,3.4,Chat
9677,20250615,1355,31,1,4,1,4,1050,2025,3075,413,0.0356,1,,Completion
9678,20250309,1002,8,2,7,3,2,227,1637,1864,248,0.001,1,,Completion
9679,20250619,1003,43,6,4,1,2,513,679,1192,345,0.0002,1,,Completion
9680,20250120,1106,23,2,6,1,2,464,95,559,293,0.0001,0,,Completion
9681,20250107,1933,58,3,6,4,4,748,1101,1849,517,0.0188,1,,Completion
9682,20250509,928,39,4,2,1,3,1226,2429,3655,333,0.0033,1,4.9,Completion
9683,20250611,1205,59,4,5,2,4,485,1673,2158,310,0.0022,1,4.6,Chat
9684,20250628,1053,56,1,6,6,4,1258,738,1996,756,0.0174,1,4.6,Embedding
9685,20250228,2040,24,2,1,1,2,2097,390,2487,275,0.0005,1,,Embedding
9686,20250131,1549,33,3,4,1,3,729,1526,2255,603,0.0251,1,,Completion
9687,20250523,1530,76,6,4,1,2,3108,528,3636,302,0.0004,1,3.4,Chat
9688,20250527,1153,53,3,3,5,2,1238,204,1442,771,0.0068,1,,Chat
9689,20250410,511,44,3,1,1,2,3527,1206,4733,672,0.0287,1,,Completion
9690,20250608,1150,51,2,2,2,3,655,73,728,360,0.0001,1,4.1,Completion
9691,20250215,1326,12,3,1,3,1,6095,873,6968,702,0.0314,1,,Chat
9692,20250623,1502,55,4,5,5,3,276,225,501,293,0.0004,1,,Chat
9693,20250402,1258,40,4,1,3,3,395,259,654,284,0.0004,1,4.9,Vision
9694,20250102,2351,36,4,1,2,3,496,185,681,265,0.0004,1,4.3,Completion
9695,20250304,2007,58,4,1,5,2,2740,1731,4471,285,0.0028,1,,Chat
9696,20250522,1653,57,3,1,1,2,468,430,898,396,0.0079,1,,Completion
9697,20250409,1509,17,1,1,2,2,1391,746,2137,457,0.0181,1,,Completion
9698,20250622,1747,52,1,2,4,1,120,473,593,625,0.0077,1,,Embedding
9699,20250320,537,18,3,5,6,3,1966,510,2476,777,0.0135,1,,Chat
9700,20250117,2143,27,4,1,1,3,890,755,1645,415,0.0012,1,4.2,Chat
9701,20250218,1520,2,2,6,2,3,305,81,386,316,0.0001,1,,Chat
9702,20250311,1216,2,2,4,1,4,2111,220,2331,278,0.0004,1,3.6,Chat
9703,20250303,913,59,4,7,1,2,488,148,636,196,0.0003,1,,Vision
9704,20250430,1305,25,2,6,1,2,385,3086,3471,361,0.0019,1,3.5,Embedding
9705,20250107,1802,60,1,2,3,2,1198,665,1863,552,0.016,1,4.0,Chat
9706,20250126,35,36,5,5,4,3,603,197,800,206,0.0017,1,,Completion
9707,20250124,1518,27,1,4,4,3,5547,1690,7237,477,0.0531,1,,Chat
9708,20250219,1004,47,1,1,2,3,4657,4000,8657,617,0.0833,1,,Vision
9709,20250111,1825,14,3,1,4,3,309,270,579,420,0.005,1,3.8,Chat
9710,20250506,1550,73,6,4,2,4,566,404,970,399,0.0002,1,,Embedding
9711,20250314,1138,35,5,1,1,3,723,105,828,394,0.0014,1,,Chat
9712,20250317,1840,58,1,7,2,2,1923,674,2597,534,0.0197,1,,Chat
9713,20250620,815,49,4,3,2,3,875,628,1503,477,0.001,1,,Chat
9714,20250426,1257,70,2,4,4,2,848,851,1699,392,0.0006,1,3.3,Embedding
9715,20250509,1134,50,5,1,1,4,517,211,728,191,0.0017,1,4.8,Completion
9716,20250419,1924,42,3,5,3,3,1426,560,1986,706,0.0127,1,3.2,Completion
9717,20250228,1415,9,3,5,1,1,1073,291,1364,1006,0.0076,1,4.7,Chat
9718,20250518,1148,40,3,1,1,2,528,557,1085,1140,0.0099,1,,Chat
9719,20250420,1030,59,1,5,1,3,2723,476,3199,705,0.0208,1,,Chat
9720,20250207,1723,12,3,4,4,3,239,256,495,856,0.0046,1,4.2,Embedding
9721,20250220,1450,41,1,1,1,1,1655,1183,2838,447,0.026,1,,Chat
9722,20250409,1842,14,2,1,1,1,1391,404,1795,325,0.0005,1,4.6,Chat
9723,20250625,1852,48,5,3,2,2,389,579,968,450,0.0034,1,4.3,Embedding
9724,20250121,1635,76,5,1,3,2,544,2369,2913,302,0.0125,1,3.5,Chat
9725,20250621,1954,29,1,3,1,3,878,1659,2537,525,0.0293,1,4.9,Completion
9726,20250417,1505,45,1,4,2,1,730,3663,4393,599,0.0586,1,4.8,Chat
9727,20250329,900,51,6,1,1,3,724,521,1245,277,0.0002,1,,Chat
9728,20250329,1044,7,2,5,1,4,1691,963,2654,120,0.0008,1,4.4,Vision
9729,20250419,1030,62,2,1,3,3,576,210,786,331,0.0002,1,4.8,Chat
9730,20250210,2141,66,1,1,3,3,915,2691,3606,315,0.0449,1,4.8,Completion
9731,20250424,1529,24,4,3,2,4,389,495,884,120,0.0007,1,3.6,Chat
9732,20250402,823,31,4,2,2,3,1020,193,1213,248,0.0005,1,,Chat
9733,20250314,2102,76,2,1,1,3,752,710,1462,205,0.0005,1,4.6,Completion
9734,20250619,823,39,5,7,2,2,618,93,711,211,0.0012,1,,Vision
9735,20250614,1429,33,2,3,2,4,601,438,1039,338,0.0004,1,,Embedding
9736,20250218,936,28,1,7,4,3,522,75,597,565,0.0037,1,,Completion
9737,20250517,1659,6,1,1,1,2,5950,721,6671,962,0.0406,1,4.7,Chat
9738,20250509,1507,62,1,1,2,3,1491,336,1827,120,0.0125,1,,Chat
9739,20250430,1820,12,4,5,2,2,634,1074,1708,186,0.0015,1,,Completion
9740,20250420,2352,8,1,5,5,1,1044,311,1355,601,0.0099,1,3.9,Chat
9741,20250330,1416,36,5,1,5,2,624,213,837,120,0.0018,1,,Completion
9742,20250323,1050,4,3,5,2,4,3922,260,4182,259,0.0157,0,4.8,Completion
9743,20250425,909,71,3,4,2,2,1225,292,1517,586,0.0081,1,,Chat
9744,20250125,1056,45,2,4,2,1,1650,501,2151,497,0.0005,1,3.3,Chat
9745,20250217,1204,77,3,1,3,1,1007,1852,2859,738,0.0308,1,,Embedding
9746,20250611,1028,48,2,2,1,3,1097,462,1559,120,0.0004,1,,Embedding
9747,20250104,1132,70,1,6,6,2,1620,2377,3997,808,0.0438,1,4.0,Chat
9748,20250329,1114,30,5,4,3,2,351,650,1001,120,0.0037,1,,Embedding
9749,20250307,1019,50,1,3,1,3,5482,797,6279,477,0.0394,1,,Completion
9750,20250304,907,27,5,6,1,3,1416,352,1768,258,0.0035,1,4.4,Embedding
9751,20250117,1518,73,2,3,3,2,771,355,1126,150,0.0003,1,,Chat
9752,20250613,957,77,1,1,1,2,2830,1023,3853,736,0.0295,1,,Chat
9753,20250308,1130,65,2,2,3,4,1324,241,1565,407,0.0003,1,,Chat
9754,20250621,1109,46,4,1,1,1,414,290,704,363,0.0005,1,,Chat
9755,20250114,1329,16,4,5,1,4,688,236,924,306,0.0005,1,3.3,Embedding
9756,20250513,1317,11,1,1,1,2,611,679,1290,684,0.0132,1,,Completion
9757,20250107,2322,55,2,1,5,3,383,161,544,307,0.0002,1,,Embedding
9758,20250318,1051,21,5,3,4,4,253,97,350,204,0.0008,1,,Chat
9759,20250129,1109,57,4,1,5,2,209,267,476,120,0.0004,1,4.6,Chat
9760,20250619,1518,12,4,6,1,2,402,233,635,337,0.0004,1,4.2,Chat
9761,20250530,1500,21,2,4,6,4,377,484,861,431,0.0003,1,,Chat
9762,20250626,946,18,4,1,1,1,1310,128,1438,395,0.0005,1,,Completion
9763,20250611,1116,51,1,7,3,1,632,1793,2425,814,0.0301,1,,Completion
9764,20250109,1138,70,2,1,1,2,745,180,925,123,0.0002,1,4.5,Chat
9765,20250516,1405,49,4,2,3,4,482,147,629,407,0.0003,1,3.2,Chat
9766,20250309,1049,53,2,1,5,3,757,827,1584,254,0.0006,1,4.9,Embedding
9767,20250114,1133,77,4,1,3,1,869,486,1355,365,0.0008,1,,Embedding
9768,20250322,2123,75,1,6,1,3,847,724,1571,361,0.0151,1,4.0,Completion
9769,20250424,1614,20,2,2,1,1,784,283,1067,219,0.0003,1,,Chat
9770,20250420,1225,20,6,2,1,4,822,145,967,249,0.0001,1,,Embedding
9771,20250209,1453,16,1,2,4,1,287,221,508,499,0.0047,1,4.6,Completion
9772,20250611,2018,39,3,4,2,2,583,570,1153,413,0.0103,1,3.5,Embedding
9773,20250519,1049,6,4,1,4,3,181,583,764,150,0.0008,1,,Chat
9774,20250630,1707,67,3,1,2,3,2138,560,2698,863,0.0148,1,,Chat
9775,20250119,216,23,2,1,1,3,1022,127,1149,425,0.0002,1,3.7,Chat
9776,20250125,1453,35,4,1,2,2,4447,214,4661,405,0.0014,1,,Vision
9777,20250511,1319,71,2,1,1,4,7266,259,7525,574,0.0012,1,3.7,Completion
9778,20250102,1505,66,4,1,1,4,1425,1401,2826,202,0.0021,1,,Completion
9779,20250311,1744,5,3,6,2,3,999,694,1693,668,0.0134,1,,Chat
9780,20250607,1623,52,1,2,2,1,2276,348,2624,678,0.0166,1,3.9,Completion
9781,20250422,407,58,1,1,5,3,3605,3008,6613,693,0.0631,1,5.0,Chat
9782,20250227,754,12,1,1,1,2,2815,291,3106,691,0.0184,1,4.3,Completion
9783,20250518,1649,23,2,4,3,4,1087,827,1914,294,0.0007,1,,Vision
9784,20250129,1424,5,2,1,1,4,1290,310,1600,212,0.0004,1,,Chat
9785,20250620,1508,17,5,2,1,1,240,308,548,144,0.0018,1,,Chat
9786,20250624,1131,18,3,1,2,1,801,236,1037,900,0.0059,1,,Completion
9787,20250327,1848,73,5,1,4,2,2170,281,2451,237,0.0041,1,,Chat
9788,20250216,1702,21,2,1,1,2,746,366,1112,120,0.0003,1,,Chat
9789,20250110,1729,19,6,5,1,4,1166,328,1494,359,0.0002,1,4.6,Chat
9790,20250407,1652,79,4,7,4,2,355,274,629,181,0.0004,1,4.4,Completion
9791,20250110,1949,12,2,3,1,1,1602,165,1767,340,0.0003,1,,Chat
9792,20250526,1553,31,2,3,1,1,358,367,725,364,0.0003,1,4.9,Embedding
9793,20250310,1750,40,1,7,3,3,12000,658,12658,595,0.0699,1,,Completion
9794,20250228,1643,17,1,1,2,3,1115,345,1460,439,0.0107,1,,Chat
9795,20250529,39,10,5,1,1,1,1288,82,1370,193,0.002,1,3.9,Chat
9796,20250617,1559,40,2,1,1,1,498,2052,2550,132,0.0013,1,,Chat
9797,20250626,2243,18,2,1,1,2,2304,715,3019,421,0.0008,1,3.6,Completion
9798,20250203,1513,25,1,3,5,1,243,981,1224,313,0.0159,1,3.3,Chat
9799,20250630,1136,24,5,3,5,4,620,152,772,372,0.0015,1,,Chat
9800,20250216,1358,10,2,2,2,3,961,327,1288,292,0.0003,1,,Embedding
9801,20250530,1052,56,3,1,2,4,414,520,934,430,0.009,1,,Chat
9802,20250313,1948,57,4,4,3,2,192,2407,2599,309,0.0031,1,,Chat
9803,20250124,1431,4,1,2,4,4,780,1123,1903,603,0.0207,1,3.7,Embedding
9804,20250530,1500,69,4,2,5,1,1418,583,2001,401,0.0011,1,,Completion
9805,20250409,1635,65,5,1,3,4,282,56,338,300,0.0006,1,3.5,Chat
9806,20250304,1419,54,1,5,4,2,9190,539,9729,735,0.054,1,,Chat
9807,20250429,1737,8,4,2,3,1,1055,676,1731,199,0.0011,1,,Chat
9808,20250619,1059,70,3,7,3,4,1011,76,1087,640,0.0042,1,,Chat
9809,20250215,1157,53,5,2,1,3,888,263,1151,180,0.0024,1,,Chat
9810,20250616,1932,37,1,4,1,1,1454,1366,2820,691,0.0278,1,,Embedding
9811,20250305,1505,26,2,4,2,2,195,978,1173,366,0.0006,1,,Chat
9812,20250409,1301,49,4,1,5,4,861,774,1635,243,0.0012,1,,Chat
9813,20250116,742,21,5,5,1,4,483,375,858,276,0.0025,1,5.0,Completion
9814,20250515,1926,16,2,2,6,1,280,162,442,176,0.0001,1,,Chat
9815,20250516,1545,77,2,5,1,2,168,621,789,188,0.0004,1,,Completion
9816,20250620,1004,68,2,1,1,2,3272,941,4213,291,0.0011,1,3.3,Vision
9817,20250502,842,47,2,2,1,4,4076,279,4355,304,0.0008,1,4.2,Chat
9818,20250609,1722,69,2,7,2,2,113,191,304,273,0.0001,1,,Chat
9819,20250206,1419,17,1,3,3,2,363,820,1183,657,0.0141,1,,Completion
9820,20250120,2054,4,1,2,2,2,3642,466,4108,605,0.0252,1,,Completion
9821,20250609,1837,34,2,1,3,4,858,102,960,485,0.0002,1,,Completion
9822,20250501,1011,42,2,5,1,3,6192,475,6667,217,0.0012,1,,Completion
9823,20250209,445,1,2,3,4,2,1338,88,1426,315,0.0003,1,,Completion
9824,20250218,2154,42,2,2,1,3,238,618,856,200,0.0004,1,4.7,Chat
9825,20250415,1832,61,1,2,4,3,1430,591,2021,924,0.016,1,,Embedding
9826,20250212,1651,7,1,4,2,2,599,3287,3886,300,0.0523,1,,Chat
9827,20250114,1541,69,2,2,5,1,317,93,410,168,0.0001,1,3.6,Chat
9828,20250514,1333,44,2,1,5,3,911,812,1723,424,0.0006,1,3.3,Embedding
9829,20250517,1515,22,1,5,3,3,859,1614,2473,510,0.0285,1,3.2,Chat
9830,20250226,721,76,1,6,4,3,3425,2116,5541,463,0.0489,1,,Completion
9831,20250328,2138,20,2,1,1,2,1124,477,1601,229,0.0005,1,,Completion
9832,20250520,1842,19,1,3,1,3,291,435,726,483,0.008,1,4.7,Vision
9833,20250114,826,34,1,2,1,3,3174,832,4006,833,0.0284,1,4.0,Completion
9834,20250409,1245,78,1,5,1,3,3587,647,4234,542,0.0276,1,,Vision
9835,20250227,1136,59,6,2,1,1,111,888,999,382,0.0003,1,3.6,Chat
9836,20250115,108,61,6,2,3,2,492,187,679,120,0.0001,1,,Chat
9837,20250428,1735,6,5,3,6,3,1282,1235,2517,190,0.0078,1,4.5,Completion
9838,20250201,1650,5,2,7,1,3,415,1035,1450,332,0.0007,1,,Embedding
9839,20250525,754,80,6,2,1,1,591,63,654,165,0.0001,1,,Embedding
9840,20250223,920,16,5,1,5,1,373,264,637,296,0.0018,1,3.8,Completion
9841,20250409,1435,34,6,1,2,3,651,438,1089,157,0.0002,1,3.5,Chat
9842,20250331,1430,12,5,6,3,2,2418,286,2704,328,0.0045,1,,Chat
9843,20250129,1509,16,2,1,4,4,1445,421,1866,362,0.0005,1,3.6,Completion
9844,20250604,1612,37,2,1,4,4,1201,480,1681,181,0.0005,0,,Completion
9845,20250613,922,48,1,1,1,1,940,2628,3568,610,0.0441,1,4.2,Chat
9846,20250501,1528,58,2,1,3,2,113,389,502,288,0.0003,1,3.4,Chat
9847,20250420,301,23,3,2,2,1,1791,125,1916,484,0.0072,1,,Chat
9848,20250627,1724,37,1,5,1,3,1567,393,1960,528,0.0137,1,3.7,Completion
9849,20250304,1202,42,2,2,6,3,768,119,887,390,0.0002,1,,Chat
9850,20250614,953,77,6,2,1,4,140,766,906,237,0.0002,1,,Completion
9851,20250206,1453,10,3,2,3,3,2577,303,2880,681,0.0123,1,,Completion
9852,20250620,1614,33,4,6,2,4,2918,213,3131,234,0.001,1,,Chat
9853,20250311,1645,69,1,1,3,2,1650,528,2178,1012,0.0162,1,,Embedding
9854,20250314,720,35,6,7,1,4,185,79,264,397,0.0,1,,Vision
9855,20250508,1630,5,5,1,1,2,193,297,490,277,0.0017,1,,Embedding
9856,20250630,534,53,2,5,2,4,787,121,908,349,0.0002,1,,Chat
9857,20250104,938,24,5,4,6,3,810,992,1802,375,0.006,1,4.6,Chat
9858,20250211,1630,23,6,2,4,4,618,92,710,236,0.0001,1,,Chat
9859,20250429,1321,1,1,6,4,4,994,140,1134,748,0.0071,1,,Chat
9860,20250425,918,61,5,5,2,2,2674,374,3048,375,0.0052,1,,Completion
9861,20250120,1701,23,2,5,1,2,4316,385,4701,241,0.0009,1,,Completion
9862,20250112,1259,46,6,3,1,4,2556,107,2663,193,0.0002,1,,Chat
9863,20250626,1406,56,5,4,1,3,579,751,1330,148,0.0045,1,,Chat
9864,20250124,1327,52,1,6,1,3,1110,217,1327,849,0.0088,1,,Completion
9865,20250411,1301,34,1,4,1,2,1171,274,1445,565,0.01,1,3.9,Chat
9866,20250615,924,69,2,1,1,4,1447,794,2241,444,0.0007,1,,Chat
9867,20250124,1554,39,3,6,5,2,954,385,1339,761,0.0086,1,4.1,Vision
9868,20250428,1423,45,2,2,1,4,568,264,832,394,0.0002,1,,Vision
9869,20250130,1241,76,2,1,1,2,2235,385,2620,243,0.0006,1,,Completion
9870,20250115,1057,6,3,6,2,1,1147,970,2117,564,0.018,1,3.4,Completion
9871,20250522,1749,8,4,2,5,2,452,297,749,153,0.0005,1,,Completion
9872,20250216,1613,76,1,2,2,3,1025,2697,3722,810,0.0456,1,,Embedding
9873,20250221,1434,52,1,6,2,1,4560,884,5444,879,0.0361,1,,Completion
9874,20250311,1015,49,3,2,2,4,2124,970,3094,298,0.0209,1,,Embedding
9875,20250301,2037,55,5,1,2,2,234,109,343,120,0.0008,1,,Embedding
9876,20250424,1501,66,5,3,2,3,151,212,363,362,0.0012,1,,Chat
9877,20250615,1451,67,2,4,5,2,379,85,464,269,0.0001,1,,Completion
9878,20250325,1741,19,2,1,4,2,1249,1508,2757,215,0.0011,1,4.3,Chat
9879,20250221,854,31,4,6,5,4,879,395,1274,279,0.0007,1,,Chat
9880,20250228,1116,71,3,2,2,2,94,231,325,776,0.0037,1,,Chat
9881,20250619,1540,48,1,1,2,2,3516,835,4351,817,0.0301,1,,Chat
9882,20250430,1747,3,5,3,5,3,677,338,1015,120,0.0025,1,4.1,Embedding
9883,20250529,1122,68,2,1,2,2,382,301,683,188,0.0002,1,,Vision
9884,20250314,1739,23,5,1,4,4,300,843,1143,185,0.0046,1,,Chat
9885,20250104,1121,70,2,3,1,2,360,216,576,395,0.0002,1,,Vision
9886,20250625,1250,68,4,1,1,2,506,175,681,254,0.0003,1,,Completion
9887,20250118,1439,16,3,4,2,4,1080,521,1601,881,0.0111,1,4.4,Embedding
9888,20250413,1515,47,5,1,4,3,236,307,543,227,0.0018,1,3.9,Vision
9889,20250330,1658,31,1,1,3,3,1484,1761,3245,481,0.0338,1,,Chat
9890,20250517,1311,59,5,3,2,3,255,318,573,129,0.0019,1,,Completion
9891,20250101,1516,17,5,1,1,2,632,376,1008,357,0.0027,1,4.6,Embedding
9892,20250308,1458,68,6,3,4,4,210,205,415,272,0.0001,1,,Chat
9893,20250611,1254,6,3,1,6,1,1090,2808,3898,672,0.0454,1,,Completion
9894,20250627,1553,15,6,2,2,2,109,622,731,559,0.0002,1,,Vision
9895,20250214,1940,68,2,4,1,2,447,2295,2742,282,0.0014,1,,Completion
9896,20250227,1541,43,2,2,4,4,522,257,779,120,0.0002,1,,Chat
9897,20250426,1745,58,6,4,1,4,509,281,790,306,0.0001,1,,Chat
9898,20250209,1222,41,4,7,2,3,843,918,1761,319,0.0014,0,,Chat
9899,20250426,1326,39,1,2,6,4,1183,728,1911,460,0.0168,1,,Completion
9900,20250314,1447,68,3,3,1,2,2655,654,3309,553,0.0178,1,4.6,Chat
9901,20250327,1238,43,1,4,3,2,2571,211,2782,464,0.016,1,,Embedding
9902,20250613,740,28,3,6,2,1,1385,1364,2749,952,0.0246,1,3.3,Chat
9903,20250410,2026,13,2,3,1,3,357,408,765,240,0.0003,1,4.7,Chat
9904,20250628,2046,74,1,4,2,3,4931,706,5637,509,0.0352,1,4.5,Completion
9905,20250320,21,38,1,2,2,4,319,103,422,320,0.0031,1,,Chat
9906,20250429,2135,56,1,1,1,2,366,219,585,440,0.0051,1,,Embedding
9907,20250126,51,1,2,7,2,1,628,768,1396,297,0.0006,1,3.4,Chat
9908,20250420,614,3,6,6,2,3,2642,464,3106,268,0.0003,1,,Chat
9909,20250114,2124,76,6,1,5,4,486,292,778,246,0.0001,1,4.8,Chat
9910,20250116,1821,13,1,1,5,3,3022,784,3806,410,0.0269,1,,Chat
9911,20250515,1250,12,6,4,1,3,258,885,1143,125,0.0003,1,,Completion
9912,20250425,2056,37,3,5,1,3,4854,251,5105,555,0.0183,0,,Completion
9913,20250613,1127,3,5,1,2,2,979,1097,2076,396,0.0067,1,,Completion
9914,20250201,1252,64,5,1,2,2,2057,894,2951,261,0.007,1,,Embedding
9915,20250130,1323,5,4,2,4,3,2663,812,3475,400,0.0017,1,3.6,Chat
9916,20250113,43,46,6,1,6,3,1088,435,1523,413,0.0002,1,4.7,Chat
9917,20250318,2158,61,3,6,1,3,726,496,1222,418,0.0096,1,,Chat
9918,20250109,1524,17,3,2,1,1,3259,244,3503,907,0.0134,1,4.7,Completion
9919,20250209,1255,17,5,2,3,4,411,863,1274,218,0.0048,1,4.5,Chat
9920,20250505,810,6,5,1,2,4,1298,295,1593,397,0.0031,1,,Embedding
9921,20250330,1725,63,4,2,1,2,137,1010,1147,466,0.0013,1,,Chat
9922,20250221,1816,77,3,4,2,4,3920,475,4395,541,0.0189,1,3.6,Embedding
9923,20250114,1450,74,1,1,1,3,3360,1408,4768,550,0.0379,1,,Vision
9924,20250622,1142,53,1,7,2,4,301,1112,1413,561,0.0182,1,,Completion
9925,20250116,1242,17,2,7,1,4,3149,549,3698,311,0.0008,1,,Completion
9926,20250302,1750,1,6,3,3,2,2388,83,2471,224,0.0002,1,,Chat
9927,20250115,1306,45,5,7,6,3,275,263,538,127,0.0017,1,3.3,Completion
9928,20250214,1708,4,3,4,1,3,798,728,1526,661,0.0133,1,,Chat
9929,20250406,1623,42,2,1,3,3,72,484,556,253,0.0003,1,3.8,Embedding
9930,20250413,1538,25,6,5,1,4,230,469,699,407,0.0002,1,,Chat
9931,20250530,1455,78,2,6,1,3,348,186,534,336,0.0002,1,4.6,Completion
9932,20250214,1643,30,3,1,4,2,1913,580,2493,696,0.0144,1,,Chat
9933,20250424,1336,20,1,7,1,3,915,1235,2150,720,0.0231,1,3.3,Vision
9934,20250430,1935,5,1,5,1,2,4092,783,4875,785,0.0322,1,,Completion
9935,20250106,1043,47,1,1,1,3,1239,833,2072,289,0.0187,1,,Chat
9936,20250608,1551,75,6,3,5,3,280,160,440,228,0.0001,1,,Embedding
9937,20250615,1332,2,2,6,5,4,201,684,885,297,0.0004,1,,Chat
9938,20250420,2119,74,4,1,1,3,871,536,1407,196,0.0009,1,,Embedding
9939,20250605,947,73,5,5,1,2,1161,130,1291,342,0.0021,1,3.7,Chat
9940,20250124,2027,20,3,6,2,3,3448,1034,4482,711,0.0259,1,4.8,Completion
9941,20250428,1212,47,2,1,4,3,599,204,803,151,0.0002,1,4.4,Chat
9942,20250409,1435,49,3,2,1,3,4055,176,4231,968,0.0148,1,,Chat
9943,20250525,1845,53,4,6,2,3,950,466,1416,261,0.0008,1,4.3,Chat
9944,20250607,1404,18,2,6,2,3,438,339,777,293,0.0003,1,,Chat
9945,20250207,2149,12,2,1,3,2,1106,276,1382,270,0.0003,1,,Chat
9946,20250205,1120,21,1,1,3,3,773,1429,2202,537,0.0253,1,,Chat
9947,20250208,1138,34,3,1,2,4,740,301,1041,906,0.0067,1,,Completion
9948,20250411,1433,6,3,5,4,2,1009,618,1627,699,0.0123,1,,Embedding
9949,20250302,1158,35,3,2,3,4,333,2146,2479,874,0.0332,1,,Embedding
9950,20250622,1553,22,2,6,2,3,1521,1681,3202,227,0.0012,1,,Chat
9951,20250502,909,58,1,6,2,3,2595,149,2744,658,0.0152,1,4.4,Chat
9952,20250219,1234,48,3,1,4,2,2627,380,3007,922,0.0136,1,,Embedding
9953,20250226,1111,16,1,3,1,2,2712,319,3031,774,0.0183,1,,Completion
9954,20250520,952,41,4,2,4,3,650,1016,1666,291,0.0014,1,,Completion
9955,20250104,1853,55,1,1,3,3,1304,372,1676,689,0.0121,1,,Completion
9956,20250614,1610,47,3,3,2,4,199,988,1187,436,0.0154,1,,Chat
9957,20250529,905,20,5,6,1,3,1080,1030,2110,301,0.0065,1,,Completion
9958,20250428,857,68,1,1,4,4,685,404,1089,694,0.0095,1,,Vision
9959,20250129,1302,50,2,2,2,2,1038,772,1810,313,0.0006,1,,Chat
9960,20250630,1707,45,1,6,4,3,1022,4000,5022,775,0.0651,1,,Completion
9961,20250222,1640,47,1,5,4,3,7767,654,8421,503,0.0486,1,4.9,Completion
9962,20250202,1945,62,3,2,5,1,5245,696,5941,1050,0.0262,1,,Completion
9963,20250305,1348,68,3,1,3,4,3402,2539,5941,672,0.0483,1,,Chat
9964,20250117,1530,63,1,1,1,4,3736,425,4161,464,0.0251,1,,Chat
9965,20250413,1914,49,1,3,1,2,1820,372,2192,671,0.0147,1,,Completion
9966,20250306,1658,43,6,1,1,4,162,607,769,320,0.0002,1,,Chat
9967,20250103,2035,13,1,3,1,3,1076,2226,3302,639,0.0388,1,,Completion
9968,20250405,1450,48,3,5,2,1,1773,4000,5773,368,0.0653,1,,Completion
9969,20250428,1525,8,1,4,2,4,1397,585,1982,782,0.0158,1,,Completion
9970,20250326,1847,64,3,3,2,2,2279,1945,4224,592,0.036,1,,Completion
9971,20250412,1351,77,2,2,1,2,270,1781,2051,261,0.0011,1,,Chat
9972,20250331,1230,1,2,6,4,3,1148,846,1994,212,0.0007,1,,Chat
9973,20250418,1826,75,1,1,1,2,989,2342,3331,526,0.0401,1,3.4,Completion
9974,20250207,1603,34,2,3,1,3,691,126,817,141,0.0002,1,4.9,Vision
9975,20250210,1134,57,3,4,2,3,3613,95,3708,725,0.0123,1,,Completion
9976,20250126,1455,3,2,3,1,3,146,167,313,201,0.0001,1,,Chat
9977,20250603,1430,25,1,3,2,3,5804,1671,7475,568,0.0541,1,,Chat
9978,20250629,1045,19,3,4,1,3,281,420,701,445,0.0071,1,,Chat
9979,20250217,1351,8,3,1,3,3,1341,383,1724,546,0.0098,1,,Completion
9980,20250123,1102,28,3,1,2,2,802,2354,3156,767,0.0377,1,4.2,Embedding
9981,20250109,1620,70,1,2,6,3,3684,1447,5131,974,0.0401,1,,Completion
9982,20250527,1648,31,5,1,6,2,800,199,999,199,0.002,1,4.3,Chat
9983,20250611,1725,69,2,1,1,4,601,103,704,120,0.0002,1,4.3,Chat
9984,20250226,2222,13,6,4,1,2,273,184,457,400,0.0001,1,3.9,Chat
9985,20250316,944,75,5,2,1,2,1073,1554,2627,487,0.0091,1,,Completion
9986,20250415,1259,14,3,1,2,2,1323,412,1735,645,0.0101,1,,Embedding
9987,20250428,1911,6,1,5,2,2,330,1113,1443,605,0.0183,1,,Completion
9988,20250621,1953,18,4,4,3,1,2173,233,2406,269,0.0008,1,4.8,Completion
9989,20250406,1751,37,2,3,1,2,1611,40,1651,367,0.0003,1,4.1,Chat
9990,20250109,2005,13,1,4,3,3,1729,1484,3213,940,0.0309,1,,Chat
9991,20250622,1406,74,4,1,5,4,1384,333,1717,274,0.0008,1,,Embedding
9992,20250626,1113,13,2,1,1,4,777,1642,2419,191,0.0011,1,,Vision
9993,20250327,1627,27,1,1,2,4,1846,2443,4289,1028,0.0459,1,,Chat
9994,20250630,1034,45,1,1,4,3,754,367,1121,539,0.0093,1,4.1,Completion
9995,20250117,1243,80,2,5,3,2,909,160,1069,210,0.0002,1,,Chat
9996,20250401,1044,63,1,2,3,3,2192,566,2758,595,0.0195,1,,Chat
9997,20250128,1000,20,2,1,2,1,157,1321,1478,251,0.0008,1,4.1,Chat
9998,20250131,49,5,1,7,1,2,2900,3421,6321,876,0.0658,1,,Chat
9999,20250119,1428,44,1,1,3,4,736,237,973,904,0.0072,1,,Completion
10000,20250108,1542,48,4,3,1,3,1158,660,1818,314,0.0011,1,,Chat
10001,20250305,1259,19,3,4,1,3,3687,498,4185,670,0.0185,1,,Completion
10002,20250211,1654,29,1,1,1,3,1262,107,1369,886,0.0079,1,,Chat
10003,20250521,1947,58,4,5,1,1,127,136,263,478,0.0002,1,,Chat
10004,20250325,1421,39,3,2,1,3,1344,401,1745,415,0.01,1,,Chat
10005,20250227,1307,31,3,6,4,2,3549,592,4141,788,0.0195,1,,Chat
10006,20250110,2125,18,2,2,4,2,394,427,821,378,0.0003,1,,Chat
10007,20250226,1036,25,1,5,1,3,1600,3564,5164,572,0.0615,1,3.8,Chat
10008,20250318,1839,61,5,2,1,2,585,1524,2109,120,0.0084,1,,Completion
10009,20250413,1404,24,3,7,1,1,305,309,614,489,0.0055,1,4.3,Chat
10010,20250120,1209,45,5,1,5,2,228,310,538,325,0.0018,1,,Vision
10011,20250223,724,56,5,4,1,2,375,2863,3238,312,0.0148,1,3.7,Chat
10012,20250209,637,4,3,1,2,4,330,745,1075,672,0.0122,1,,Completion
10013,20250621,1128,68,3,2,2,1,12000,4000,16000,589,0.096,1,3.9,Chat
10014,20250221,1710,34,1,2,1,3,3371,1641,5012,504,0.0415,1,,Completion
10015,20250226,2115,66,2,6,1,2,625,472,1097,280,0.0004,1,,Completion
10016,20250621,1349,72,3,1,3,2,1769,195,1964,201,0.0082,1,,Completion
10017,20250102,1328,70,3,7,4,2,555,1012,1567,748,0.0168,1,,Completion
10018,20250130,1406,76,4,1,1,3,2523,328,2851,137,0.001,1,,Embedding
10019,20250321,1346,51,2,6,1,4,1908,66,1974,270,0.0003,1,4.4,Completion
10020,20250518,1620,48,4,3,1,2,7237,922,8159,292,0.003,1,,Vision
10021,20250412,1617,21,4,1,4,3,120,135,255,343,0.0002,1,,Completion
10022,20250216,1422,43,1,4,4,3,1787,621,2408,648,0.0183,1,,Chat
10023,20250605,1445,58,3,7,5,1,465,484,949,366,0.0087,1,,Chat
10024,20250112,1110,62,3,3,1,4,4428,506,4934,785,0.0209,1,3.8,Chat
10025,20250228,1454,7,1,3,3,2,911,230,1141,558,0.008,1,4.1,Vision
10026,20250521,1401,59,2,7,1,3,1121,366,1487,343,0.0004,1,4.5,Completion
10027,20250114,718,61,1,3,4,3,3186,206,3392,873,0.019,1,,Completion
10028,20250209,1627,36,1,1,1,1,206,1212,1418,876,0.0192,1,,Chat
10029,20250313,1929,67,2,6,2,4,333,384,717,348,0.0003,1,,Chat
10030,20250127,1635,22,3,4,2,3,2017,401,2418,874,0.0121,1,4.5,Completion
10031,20250219,1735,54,3,1,2,1,1147,285,1432,484,0.0077,1,3.8,Chat
10032,20250225,1930,56,1,5,1,4,3465,590,4055,604,0.0262,1,,Chat
10033,20250619,648,4,1,4,1,4,1231,194,1425,686,0.0091,1,4.3,Chat
10034,20250322,1826,53,4,1,2,2,275,404,679,377,0.0006,1,3.7,Chat
10035,20250422,1430,29,2,1,2,2,415,333,748,373,0.0003,1,,Chat
10036,20250215,1541,47,2,5,2,3,663,882,1545,330,0.0006,1,,Completion
10037,20250627,950,34,5,3,1,3,1174,740,1914,158,0.0052,1,,Chat
10038,20250212,429,11,6,1,3,1,260,302,562,378,0.0001,1,3.8,Chat
10039,20250408,1047,6,3,3,3,2,2333,38,2371,691,0.0076,1,,Chat
10040,20250605,1248,62,5,6,4,4,4397,66,4463,278,0.0058,1,,Chat
10041,20250415,608,56,3,2,1,3,773,119,892,1173,0.0041,1,4.6,Chat
10042,20250512,1204,31,2,3,4,3,550,318,868,169,0.0003,1,4.2,Vision
10043,20250430,1833,45,1,1,1,1,2540,1439,3979,372,0.0343,1,,Chat
10044,20250604,1830,80,3,4,4,4,3713,482,4195,853,0.0184,1,,Embedding
10045,20250123,1521,18,3,1,6,3,272,505,777,540,0.0084,1,,Completion
10046,20250207,1404,72,2,3,1,1,1667,81,1748,236,0.0003,1,,Chat
10047,20250111,1028,22,5,5,1,2,329,164,493,286,0.0012,1,,Completion
10048,20250530,1616,17,2,1,1,3,910,386,1296,340,0.0004,1,,Vision
10049,20250312,2342,75,1,1,2,3,1534,1587,3121,869,0.0315,1,,Chat
10050,20250630,2130,6,5,2,3,3,1101,161,1262,309,0.0022,1,,Completion
10051,20250222,1547,14,3,1,2,1,3026,262,3288,938,0.013,1,4.7,Chat
10052,20250629,1440,9,2,3,1,2,1415,429,1844,292,0.0005,1,5.0,Chat
10053,20250127,1412,54,1,1,4,2,2622,3868,6490,191,0.0711,1,,Chat
10054,20250628,1605,10,5,4,1,3,691,284,975,120,0.0023,1,,Chat
10055,20250313,1630,7,1,7,1,3,1182,272,1454,659,0.01,1,,Chat
10056,20250616,1213,13,1,5,6,4,234,654,888,781,0.011,1,,Chat
10057,20250212,1155,32,3,3,1,3,1740,666,2406,887,0.0152,1,,Chat
10058,20250309,1302,36,1,6,1,4,2984,446,3430,1097,0.0216,1,,Embedding
10059,20250214,1250,70,2,5,2,3,359,303,662,208,0.0002,1,3.3,Embedding
10060,20250124,916,61,2,1,2,3,1280,24,1304,209,0.0002,1,3.7,Vision
10061,20250202,830,64,2,6,4,2,755,51,806,333,0.0001,1,,Chat
10062,20250125,1645,50,4,2,4,3,153,388,541,330,0.0005,1,,Embedding
10063,20250417,1741,51,5,2,1,2,177,84,261,427,0.0006,1,,Embedding
10064,20250102,1001,29,1,5,1,1,790,1098,1888,384,0.0204,1,,Completion
10065,20250505,1219,43,3,1,2,1,3267,156,3423,536,0.0121,1,,Chat
10066,20250320,956,66,3,6,3,3,617,1856,2473,969,0.0297,1,,Completion
10067,20250506,1508,7,3,4,3,1,2280,972,3252,497,0.0214,1,,Chat
10068,20250521,1443,63,4,7,1,3,207,146,353,271,0.0002,1,,Chat
10069,20250223,921,46,2,5,1,4,211,180,391,392,0.0001,1,,Chat
10070,20250416,2052,69,4,6,1,3,645,541,1186,224,0.0008,1,,Completion
10071,20250611,504,11,1,1,2,4,548,449,997,682,0.0095,1,3.9,Chat
10072,20250405,1358,44,1,7,4,4,1010,348,1358,728,0.0103,1,,Embedding
10073,20250611,858,8,6,5,2,4,1369,200,1569,482,0.0002,1,,Chat
10074,20250531,1213,10,3,6,2,3,828,352,1180,543,0.0078,1,4.3,Chat
10075,20250525,1607,31,4,6,1,2,640,764,1404,325,0.0011,1,,Chat
10076,20250320,1420,56,5,2,1,3,930,913,1843,344,0.0057,1,4.0,Chat
10077,20250522,1542,28,5,1,4,3,973,123,1096,532,0.0018,1,,Vision
10078,20250305,1648,68,1,1,1,2,2509,585,3094,127,0.0213,1,,Embedding
10079,20250201,1211,29,4,5,1,3,712,164,876,198,0.0004,1,3.6,Embedding
10080,20250615,1225,7,5,7,6,3,1331,960,2291,296,0.0065,1,,Completion
10081,20250104,1137,79,6,1,3,3,480,359,839,301,0.0001,1,,Chat
10082,20250530,1504,4,5,7,4,1,447,517,964,324,0.0031,1,4.9,Chat
10083,20250626,1210,60,1,6,3,3,239,259,498,1006,0.0051,1,,Chat
10084,20250402,704,65,1,4,5,3,5001,116,5117,474,0.0267,1,4.4,Chat
10085,20250324,1223,66,2,6,1,2,3307,337,3644,259,0.0007,1,4.7,Embedding
10086,20250304,1028,5,1,2,1,1,2257,369,2626,597,0.0168,1,4.2,Completion
10087,20250201,1208,42,1,5,1,3,2751,1241,3992,447,0.0324,1,,Chat
10088,20250504,1146,29,3,2,2,2,648,716,1364,856,0.0127,1,4.2,Chat
10089,20250531,1443,57,4,1,1,3,92,630,722,147,0.0008,1,4.1,Chat
10090,20250406,1131,13,4,5,1,4,795,307,1102,365,0.0006,1,4.8,Completion
10091,20250127,1104,63,1,3,2,1,509,447,956,872,0.0092,1,,Completion
10092,20250518,1603,14,1,3,4,4,1461,2121,3582,910,0.0391,1,4.6,Chat
10093,20250307,1713,26,1,2,1,2,412,1266,1678,603,0.021,1,,Chat
10094,20250628,1200,54,6,1,5,3,359,285,644,218,0.0001,1,,Chat
10095,20250220,1448,64,3,2,1,2,1126,742,1868,775,0.0145,1,,Chat
10096,20250213,1218,68,1,7,3,1,640,89,729,825,0.0045,1,4.0,Chat
10097,20250530,1414,5,5,3,4,4,567,894,1461,153,0.0052,1,,Chat
10098,20250415,1417,42,1,5,1,2,510,1122,1632,143,0.0194,1,,Chat
10099,20250508,1732,6,6,1,5,2,1321,150,1471,286,0.0001,1,,Completion
10100,20250210,1038,60,3,1,4,1,2054,1311,3365,421,0.0258,1,3.4,Completion
10101,20250418,831,74,4,6,4,2,1784,1719,3503,328,0.0026,1,,Chat
10102,20250131,1607,43,3,4,4,2,960,714,1674,729,0.0136,1,,Completion
10103,20250112,1305,30,1,1,2,3,5166,711,5877,719,0.0365,1,,Embedding
10104,20250628,1330,9,3,4,4,2,1261,1915,3176,683,0.0325,1,4.7,Completion
10105,20250314,1447,55,3,3,1,4,1607,425,2032,329,0.0112,1,,Chat
10106,20250416,2003,17,6,3,6,3,1739,954,2693,174,0.0004,1,3.4,Chat
10107,20250102,1902,79,3,4,4,2,9574,1623,11197,1024,0.0531,1,,Completion
10108,20250227,1748,19,6,2,3,4,310,508,818,180,0.0002,1,,Completion
10109,20250129,1125,7,6,5,4,3,884,385,1269,325,0.0002,1,,Chat
10110,20250518,622,40,3,2,1,3,1147,1013,2160,820,0.0186,1,3.9,Chat
10111,20250203,1705,51,3,1,5,3,1722,419,2141,764,0.0115,1,,Chat
10112,20250328,1237,65,4,1,6,1,1496,474,1970,273,0.001,1,,Chat
10113,20250522,1018,35,5,4,1,2,1821,531,2352,486,0.0049,1,,Completion
10114,20250412,1659,20,1,2,1,4,2464,149,2613,720,0.0146,1,,Completion
10115,20250125,1255,49,5,1,1,3,1399,438,1837,376,0.0039,1,,Chat
10116,20250219,2210,72,2,7,3,4,324,738,1062,346,0.0005,1,3.4,Completion
10117,20250515,2146,79,4,3,2,3,1254,550,1804,363,0.001,1,,Chat
10118,20250421,1732,10,2,3,1,4,2462,164,2626,241,0.0005,1,,Chat
10119,20250426,2010,63,2,7,3,3,114,307,421,294,0.0002,1,,Chat
10120,20250103,1352,5,5,1,5,2,2759,494,3253,242,0.0059,1,4.6,Completion
10121,20250308,1112,35,2,6,2,3,857,889,1746,293,0.0007,1,,Chat
10122,20250312,1345,71,4,1,2,3,355,453,808,311,0.0007,1,4.1,Chat
10123,20250520,1105,74,2,4,1,4,1675,1408,3083,284,0.0011,1,,Chat
10124,20250511,1557,14,2,3,1,4,246,618,864,325,0.0004,1,,Completion
10125,20250402,1240,30,5,1,2,3,340,1588,1928,317,0.0084,1,4.2,Completion
10126,20250606,1021,59,5,2,1,1,1436,401,1837,285,0.0038,1,,Vision
10127,20250626,1711,9,6,4,2,3,63,71,134,415,0.0,1,3.8,Chat
10128,20250624,1338,49,1,7,2,1,874,168,1042,694,0.0069,1,,Chat
10129,20250205,1532,57,5,1,1,4,2432,453,2885,250,0.0053,1,,Vision
10130,20250112,1542,74,2,2,2,2,1805,704,2509,340,0.0007,1,4.8,Embedding
10131,20250516,1515,32,1,3,1,2,748,225,973,379,0.0071,1,,Chat
10132,20250125,1509,35,5,2,2,1,1041,837,1878,335,0.0055,1,,Chat
10133,20250218,1846,50,3,1,1,4,1175,1251,2426,422,0.0223,1,,Chat
10134,20250411,1341,28,1,3,2,1,214,620,834,928,0.0104,1,3.4,Embedding
10135,20250111,1407,48,1,2,1,3,2756,780,3536,520,0.0255,1,,Chat
10136,20250423,1339,73,6,1,2,1,1923,607,2530,219,0.0003,1,,Chat
10137,20250426,817,47,1,6,1,3,1647,346,1993,609,0.0134,1,,Chat
10138,20250107,848,7,1,2,6,3,3792,548,4340,662,0.0272,1,,Completion
10139,20250609,1054,6,3,6,2,4,1014,676,1690,510,0.0132,1,,Embedding
10140,20250412,1339,46,1,1,1,1,5357,114,5471,691,0.0285,1,,Completion
10141,20250119,1013,54,2,3,4,2,2214,283,2497,177,0.0005,1,4.6,Chat
10142,20250303,1346,61,1,4,1,2,1900,4000,5900,170,0.0695,1,3.3,Chat
10143,20250518,917,32,6,6,2,3,2153,91,2244,280,0.0002,1,,Chat
10144,20250513,1201,52,1,1,1,3,705,511,1216,574,0.0112,1,,Completion
10145,20250524,1829,3,5,5,3,2,2198,474,2672,256,0.0051,1,4.8,Completion
10146,20250117,1516,3,5,1,2,3,1372,773,2145,316,0.0056,1,5.0,Completion
10147,20250522,2008,78,1,5,2,3,723,1777,2500,810,0.0303,1,,Completion
10148,20250411,1112,68,2,1,1,2,820,426,1246,266,0.0004,1,,Completion
10149,20250112,1356,8,2,4,1,2,168,183,351,256,0.0001,1,,Completion
10150,20250123,1121,20,6,1,2,3,307,813,1120,269,0.0003,1,4.8,Completion
10151,20250426,2205,11,1,2,2,2,1673,1616,3289,602,0.0326,1,,Chat
10152,20250425,1100,60,6,4,3,3,842,993,1835,271,0.0004,1,3.5,Chat
10153,20250514,1504,58,2,5,4,3,838,303,1141,275,0.0003,1,,Vision
10154,20250506,1051,32,2,2,1,2,658,575,1233,308,0.0004,1,,Chat
10155,20250411,1411,76,5,1,4,3,1277,389,1666,281,0.0035,1,,Completion
10156,20250505,1629,36,2,5,4,3,752,270,1022,325,0.0003,1,3.9,Vision
10157,20250602,1327,69,2,4,5,3,516,376,892,296,0.0003,1,3.7,Completion
10158,20250222,935,59,6,1,3,4,897,1586,2483,183,0.0005,1,4.0,Vision
10159,20250602,1157,65,1,2,1,4,12000,275,12275,942,0.0641,1,,Embedding
10160,20250530,1310,47,2,6,3,1,702,295,997,321,0.0003,1,4.5,Chat
10161,20250108,717,15,2,2,5,3,786,234,1020,120,0.0003,1,,Vision
10162,20250131,1845,20,5,3,2,2,99,2051,2150,340,0.0104,1,4.2,Chat
10163,20250404,823,30,4,3,1,3,2217,174,2391,210,0.0008,1,,Chat
10164,20250308,624,55,4,1,3,2,305,175,480,360,0.0003,1,4.4,Completion
10165,20250404,1828,29,1,1,1,2,387,778,1165,231,0.0136,1,,Embedding
10166,20250129,1523,36,4,1,4,1,4655,72,4727,180,0.0013,1,3.8,Embedding
10167,20250402,1641,39,4,6,1,2,1423,148,1571,424,0.0005,1,,Completion
10168,20250207,1027,59,5,7,2,3,2999,491,3490,404,0.0062,1,4.7,Completion
10169,20250207,1542,50,1,5,2,3,2583,1181,3764,910,0.0306,1,,Chat
10170,20250113,1300,65,1,3,2,3,544,558,1102,498,0.0111,1,,Chat
10171,20250425,1142,9,3,1,1,3,7007,1087,8094,781,0.0373,1,,Chat
10172,20250517,1837,37,3,2,1,1,2483,3546,6029,173,0.0606,1,,Chat
10173,20250401,1003,69,4,3,2,2,354,102,456,291,0.0002,1,,Chat
10174,20250317,1441,75,1,1,2,4,9656,1420,11076,534,0.0696,1,,Chat
10175,20250111,1527,16,3,2,4,3,215,688,903,670,0.011,1,3.6,Chat
10176,20250522,1046,23,1,2,2,1,1095,311,1406,437,0.0101,1,,Chat
10177,20250514,1616,3,6,4,2,3,1686,509,2195,237,0.0003,1,,Chat
10178,20250216,1122,24,1,3,1,3,891,488,1379,451,0.0118,1,3.9,Vision
10179,20250330,1805,1,1,1,1,2,1094,1244,2338,331,0.0241,1,4.1,Chat
10180,20250209,1110,51,5,2,3,4,1441,694,2135,162,0.0053,1,,Chat
10181,20250326,1503,21,1,2,6,3,1861,307,2168,731,0.0139,1,3.6,Completion
10182,20250427,737,47,2,4,1,4,288,549,837,282,0.0004,1,,Chat
10183,20250615,1429,46,3,5,2,3,1124,1002,2126,783,0.0184,1,3.6,Embedding
10184,20250423,1743,76,4,1,1,1,744,237,981,225,0.0005,1,4.6,Chat
10185,20250222,927,53,2,1,3,2,462,197,659,436,0.0002,1,,Chat
10186,20250305,905,7,5,5,2,4,1691,263,1954,259,0.0034,1,,Chat
10187,20250221,1532,14,1,4,2,3,324,281,605,367,0.0058,1,,Completion
10188,20250624,1242,26,1,3,3,4,539,2103,2642,517,0.0342,1,,Chat
10189,20250518,458,35,3,1,4,4,958,1296,2254,1020,0.0223,1,,Chat
10190,20250626,1326,1,2,1,4,3,417,326,743,320,0.0003,1,,Completion
10191,20250207,937,40,1,1,3,2,1048,574,1622,660,0.0139,1,,Completion
10192,20250301,1336,15,4,5,4,4,286,440,726,275,0.0006,1,,Embedding
10193,20250528,1309,45,5,3,3,3,251,569,820,187,0.0032,1,4.1,Chat
10194,20250222,2049,28,3,2,1,3,411,1241,1652,215,0.0198,1,3.4,Embedding
10195,20250616,421,71,6,6,3,4,403,48,451,351,0.0,1,,Embedding
10196,20250123,1306,35,2,2,2,1,2347,286,2633,303,0.0005,1,4.1,Chat
10197,20250415,1234,55,1,3,1,2,558,408,966,376,0.0089,1,,Completion
10198,20250422,1534,66,2,5,3,4,504,303,807,556,0.0003,1,,Vision
10199,20250113,1258,8,3,3,3,4,1833,571,2404,913,0.0141,1,4.1,Chat
10200,20250219,1429,54,2,6,3,3,520,2318,2838,195,0.0015,1,,Embedding
10201,20250628,1303,64,2,1,1,1,1517,164,1681,355,0.0003,1,,Chat
10202,20250131,1215,33,6,2,1,1,1640,757,2397,271,0.0004,1,,Chat
10203,20250224,911,2,5,7,5,3,467,326,793,367,0.0022,1,,Completion
10204,20250312,1531,31,3,6,1,2,2293,838,3131,842,0.0194,1,,Chat
10205,20250508,1310,56,5,6,3,2,771,338,1109,237,0.0027,1,4.2,Chat
10206,20250602,1828,66,5,1,5,2,1622,920,2542,205,0.0066,1,,Completion
10207,20250630,1532,79,4,1,4,3,1777,1184,2961,132,0.0019,1,,Embedding
10208,20250521,1328,12,4,3,1,3,560,1276,1836,120,0.0017,1,4.3,Chat
10209,20250130,935,70,2,4,2,4,2415,221,2636,152,0.0005,0,,Completion
10210,20250523,2040,77,3,1,1,3,319,1589,1908,295,0.0248,1,4.4,Chat
10211,20250425,800,64,6,1,1,1,796,160,956,306,0.0001,1,3.2,Embedding
10212,20250607,2104,18,3,1,5,3,1147,2825,3972,723,0.0458,1,3.3,Embedding
10213,20250509,1727,7,2,6,3,3,80,567,647,327,0.0004,1,,Completion
10214,20250522,1221,72,3,1,4,3,8915,376,9291,283,0.0324,1,3.7,Chat
10215,20250603,1715,69,3,2,2,1,322,647,969,954,0.0107,1,,Chat
10216,20250111,1512,27,1,3,3,1,1045,431,1476,937,0.0117,1,,Embedding
10217,20250125,951,56,4,7,3,2,1336,2131,3467,333,0.003,1,3.6,Vision
10218,20250622,1333,41,2,3,3,3,575,219,794,216,0.0002,1,4.9,Chat
10219,20250317,1404,27,4,5,1,1,1226,1298,2524,120,0.0019,1,,Chat
10220,20250201,453,35,4,1,1,3,2884,346,3230,290,0.0012,1,,Completion
10221,20250212,1612,11,1,7,5,3,1111,3930,5041,761,0.0645,1,3.8,Embedding
10222,20250317,1232,35,5,5,4,1,481,292,773,203,0.0021,1,,Completion
10223,20250614,2005,6,6,2,6,3,743,122,865,319,0.0001,1,,Chat
10224,20250615,1906,55,1,1,1,3,3869,292,4161,397,0.0237,1,,Completion
10225,20250629,1959,17,5,2,3,4,154,452,606,224,0.0025,1,,Completion
10226,20250429,1909,49,1,1,5,4,466,282,748,790,0.0066,1,,Chat
10227,20250310,1738,27,4,1,1,2,2261,493,2754,314,0.0012,1,3.9,Completion
10228,20250613,1836,10,2,2,1,2,193,156,349,153,0.0001,1,,Vision
10229,20250303,347,30,5,2,2,4,1419,1113,2532,334,0.0073,1,,Chat
10230,20250608,1545,70,3,4,2,3,1458,634,2092,1035,0.0139,1,,Completion
10231,20250405,2047,33,6,4,3,2,392,847,1239,400,0.0003,1,,Chat
10232,20250509,1631,32,2,2,4,2,942,445,1387,134,0.0004,1,3.8,Chat
10233,20250120,715,68,4,1,1,3,1346,129,1475,143,0.0005,1,,Chat
10234,20250519,513,54,3,1,1,4,832,858,1690,753,0.0154,1,,Completion
10235,20250506,1750,21,5,2,1,3,467,361,828,362,0.0024,1,4.3,Completion
10236,20250129,1500,30,1,4,6,2,746,800,1546,198,0.0157,1,,Completion
10237,20250624,1414,40,1,2,2,3,721,2546,3267,427,0.0418,1,,Vision
10238,20250517,1415,69,1,2,1,3,872,354,1226,735,0.0097,1,3.4,Completion
10239,20250622,1215,50,3,2,2,4,8535,92,8627,793,0.027,1,4.7,Completion
10240,20250228,1310,13,2,2,3,2,635,427,1062,377,0.0004,1,,Chat
10241,20250418,1550,2,1,7,1,4,3645,628,4273,414,0.0276,1,,Embedding
10242,20250405,1315,3,3,1,5,2,4242,407,4649,403,0.0188,1,,Chat
10243,20250124,1646,48,6,1,1,4,900,171,1071,257,0.0001,1,4.9,Vision
10244,20250321,1324,11,4,3,1,2,668,572,1240,240,0.0009,1,,Completion
10245,20250219,1646,31,2,6,3,4,411,1361,1772,445,0.0009,1,,Embedding
10246,20250606,1031,27,1,1,5,2,393,1524,1917,708,0.0248,1,,Embedding
10247,20250221,1612,28,1,7,3,1,695,530,1225,571,0.0114,1,3.7,Chat
10248,20250517,1524,2,1,2,4,1,385,547,932,364,0.0101,0,,Chat
10249,20250309,1108,19,3,3,4,3,1215,974,2189,784,0.0183,1,,Completion
10250,20250604,1759,7,3,3,4,2,304,1999,2303,503,0.0309,1,,Embedding
10251,20250409,1123,47,1,1,2,1,1752,436,2188,732,0.0153,1,3.6,Chat
10252,20250215,1648,59,2,4,1,3,334,282,616,264,0.0002,1,,Completion
10253,20250412,1735,57,1,1,1,1,841,371,1212,417,0.0098,1,,Chat
10254,20250513,1046,14,4,1,1,3,197,181,378,436,0.0003,1,,Chat
10255,20250307,1625,47,6,7,1,2,2099,147,2246,120,0.0002,1,,Chat
10256,20250224,1553,4,3,4,2,4,8549,379,8928,673,0.0313,1,,Embedding
10257,20250222,757,58,1,1,1,1,1377,534,1911,173,0.0149,1,,Embedding
10258,20250109,945,17,4,4,1,3,243,86,329,208,0.0002,1,5.0,Chat
10259,20250406,1617,63,3,1,1,1,711,1791,2502,567,0.029,1,,Chat
10260,20250521,1513,64,1,7,2,2,2202,2584,4786,487,0.0498,1,,Chat
10261,20250303,1515,8,1,3,2,3,519,3090,3609,413,0.0489,1,,Chat
10262,20250212,1510,30,5,1,2,4,2706,119,2825,338,0.004,1,,Completion
10263,20250517,1057,3,5,1,6,1,5407,66,5473,131,0.0071,1,4.4,Completion
10264,20250409,953,71,3,4,5,4,450,987,1437,1059,0.0162,1,,Chat
10265,20250406,1836,19,2,5,3,2,820,333,1153,220,0.0003,1,3.7,Chat
10266,20250525,1543,19,4,1,1,4,551,387,938,207,0.0006,1,,Chat
10267,20250606,901,43,5,6,5,2,680,331,1011,221,0.0025,1,,Completion
10268,20250510,1020,53,5,6,1,4,1099,486,1585,463,0.0038,1,,Embedding
10269,20250511,1925,19,4,6,3,3,227,280,507,146,0.0004,0,,Chat
10270,20250220,615,9,1,3,1,3,12000,2455,14455,506,0.0968,1,,Completion
10271,20250425,1812,8,4,7,1,3,2327,64,2391,363,0.0007,1,3.8,Chat
10272,20250530,1235,32,5,6,6,4,938,4000,4938,435,0.0212,1,4.6,Chat
10273,20250331,1332,33,1,1,2,2,5550,96,5646,764,0.0292,1,,Chat
10274,20250226,1616,64,5,7,3,3,1255,214,1469,317,0.0026,1,,Chat
10275,20250305,1739,5,3,6,4,1,131,445,576,444,0.0071,1,,Completion
10276,20250530,1606,40,2,7,1,2,2298,196,2494,173,0.0005,1,,Chat
10277,20250521,1425,46,3,1,3,4,422,485,907,574,0.0085,1,,Chat
10278,20250509,1624,54,2,1,4,3,883,378,1261,440,0.0004,1,,Chat
10279,20250108,1528,17,3,1,1,2,881,454,1335,476,0.0095,1,,Chat
10280,20250416,950,46,1,5,3,3,333,1767,2100,486,0.0282,1,,Chat
10281,20250525,1535,80,3,1,1,3,992,585,1577,912,0.0118,1,3.6,Chat
10282,20250311,1449,5,3,4,1,3,532,352,884,845,0.0069,1,,Chat
10283,20250217,1500,40,2,7,1,4,1525,269,1794,143,0.0004,1,,Chat
10284,20250503,1627,43,3,1,3,4,1724,784,2508,335,0.0169,1,,Chat
10285,20250618,1114,10,4,5,2,2,285,463,748,322,0.0007,1,3.7,Chat
10286,20250219,1340,79,2,2,3,4,1588,1172,2760,314,0.0009,1,,Embedding
10287,20250426,1634,18,4,5,1,2,408,178,586,378,0.0003,1,,Completion
10288,20250507,1024,21,2,1,5,2,1245,1424,2669,344,0.001,1,,Chat
10289,20250102,1309,17,4,1,3,3,199,379,578,378,0.0005,1,,Chat
10290,20250406,1304,69,4,4,1,2,1667,450,2117,308,0.001,1,,Chat
10291,20250119,1231,37,1,1,1,2,312,401,713,551,0.0076,1,,Vision
10292,20250409,1635,35,1,3,1,1,1319,1684,3003,714,0.0319,1,4.3,Embedding
10293,20250225,1134,60,3,1,2,2,592,339,931,686,0.0069,1,4.4,Vision
10294,20250228,1242,21,4,3,2,1,252,777,1029,294,0.001,1,4.9,Completion
10295,20250314,1508,47,3,1,6,2,588,223,811,613,0.0051,1,,Embedding
10296,20250207,550,62,6,2,2,3,1341,181,1522,253,0.0002,1,,Completion
10297,20250115,1502,37,3,5,1,2,1069,198,1267,992,0.0062,1,,Completion
10298,20250215,752,47,3,2,1,1,143,1381,1524,317,0.0211,1,,Chat
10299,20250118,1901,25,2,4,3,4,933,420,1353,224,0.0004,1,,Chat
10300,20250411,1010,54,4,4,5,3,474,156,630,398,0.0003,1,,Chat
10301,20250413,1114,31,3,5,3,1,2222,1563,3785,449,0.0301,1,4.4,Vision
10302,20250220,1536,77,4,1,4,2,297,285,582,235,0.0004,1,,Vision
10303,20250328,1145,62,1,4,5,4,1568,189,1757,861,0.0107,1,,Chat
10304,20250518,951,1,2,4,4,1,212,266,478,243,0.0002,1,,Chat
10305,20250625,1535,54,3,1,1,1,1458,128,1586,874,0.0063,1,,Chat
10306,20250401,1202,54,4,1,3,3,826,2147,2973,406,0.0029,1,4.3,Chat
10307,20250603,1421,8,3,4,2,2,339,165,504,914,0.0035,1,,Chat
10308,20250623,1223,80,6,1,1,3,571,124,695,323,0.0001,1,,Chat
10309,20250618,1842,42,2,1,6,1,2620,225,2845,343,0.0005,1,,Chat
10310,20250301,1343,66,2,2,5,4,1468,329,1797,199,0.0004,1,4.2,Chat
10311,20250101,1914,28,1,7,3,3,1478,431,1909,690,0.0139,1,4.6,Completion
10312,20250119,1149,31,4,4,4,4,966,279,1245,202,0.0006,1,,Chat
10313,20250620,2354,17,5,7,5,3,268,445,713,285,0.0026,1,,Chat
10314,20250612,948,71,1,4,3,3,955,168,1123,1120,0.0073,1,4.7,Chat
10315,20250121,1259,19,4,4,4,3,564,1725,2289,199,0.0023,1,4.9,Chat
10316,20250524,1939,62,1,7,2,2,2422,91,2513,565,0.0135,1,,Chat
10317,20250515,1537,44,2,2,3,3,686,341,1027,220,0.0003,1,,Completion
10318,20250610,1102,54,1,1,3,3,983,3878,4861,443,0.0631,1,4.3,Completion
10319,20250626,1249,21,1,6,4,3,1378,149,1527,748,0.0091,1,,Chat
10320,20250127,859,49,3,2,3,3,451,204,655,276,0.0044,1,5.0,Chat
10321,20250630,1936,61,1,1,2,1,2256,1445,3701,839,0.033,1,,Embedding
10322,20250611,1353,10,1,3,3,2,1300,1576,2876,1022,0.0301,1,,Chat
10323,20250622,832,37,2,2,1,3,6425,107,6532,234,0.001,1,4.4,Chat
10324,20250107,1403,35,1,5,1,4,1581,3887,5468,880,0.0662,1,,Completion
10325,20250106,1551,77,4,1,2,4,1689,443,2132,213,0.001,1,4.8,Completion
10326,20250129,1524,8,1,1,3,2,1433,270,1703,937,0.0112,1,,Vision
10327,20250517,1348,53,4,5,1,3,242,145,387,332,0.0002,1,,Completion
10328,20250620,1813,18,1,7,1,4,2168,955,3123,465,0.0252,1,,Vision
10329,20250627,1423,27,3,5,4,2,962,500,1462,624,0.0104,1,4.0,Vision
10330,20250423,1113,16,2,5,2,2,1308,140,1448,152,0.0003,1,3.2,Completion
10331,20250623,1055,70,6,1,4,4,1472,440,1912,120,0.0002,1,,Chat
10332,20250115,1610,55,6,2,1,1,636,231,867,256,0.0001,1,,Completion
10333,20250620,803,12,2,3,1,2,777,112,889,245,0.0002,1,,Chat
10334,20250418,1251,12,1,2,1,4,2892,625,3517,810,0.0238,1,,Chat
10335,20250531,934,36,3,6,2,1,1202,996,2198,932,0.0185,1,4.2,Chat
10336,20250527,937,40,6,6,1,3,312,507,819,437,0.0002,1,4.9,Chat
10337,20250311,1501,34,4,1,4,2,244,130,374,293,0.0002,1,,Chat
10338,20250404,1551,45,3,5,2,3,1073,215,1288,900,0.0064,1,4.6,Completion
10339,20250530,1200,4,3,1,5,3,2268,111,2379,923,0.0085,0,,Completion
10340,20250403,1127,8,3,1,4,3,5139,1077,6216,324,0.0316,1,,Completion
10341,20250205,1414,69,3,6,1,3,7020,341,7361,1027,0.0262,1,4.4,Chat
10342,20250424,1542,63,3,1,5,3,5117,700,5817,621,0.0259,1,,Completion
10343,20250616,2122,68,1,2,3,3,2755,481,3236,746,0.021,1,,Chat
10344,20250629,1109,8,5,1,1,3,732,912,1644,264,0.0055,1,4.2,Vision
10345,20250616,1030,4,4,3,6,2,278,351,629,200,0.0005,1,,Chat
10346,20250322,834,40,1,5,3,4,403,1837,2240,617,0.0296,1,,Vision
10347,20250414,1401,15,1,4,3,2,509,346,855,510,0.0077,1,4.6,Chat
10348,20250226,1248,11,4,6,3,1,149,833,982,278,0.0011,1,,Chat
10349,20250426,1449,1,1,4,1,2,3342,1333,4675,519,0.0367,1,,Chat
10350,20250420,1603,19,1,3,4,3,2426,812,3238,891,0.0243,1,,Completion
10351,20250330,1736,53,3,4,2,2,2772,2201,4973,656,0.0413,1,,Chat
10352,20250114,1457,73,4,1,4,2,1390,283,1673,327,0.0007,1,,Completion
10353,20250116,1133,38,2,2,4,3,85,549,634,128,0.0003,1,4.7,Completion
10354,20250414,1110,36,1,3,4,2,3041,1326,4367,917,0.0351,1,,Chat
10355,20250114,530,42,4,4,5,4,868,265,1133,376,0.0005,1,,Chat
10356,20250414,1923,80,5,5,4,1,204,334,538,361,0.0019,1,,Chat
10357,20250509,1247,21,4,7,1,1,3200,234,3434,250,0.0011,1,,Chat
10358,20250510,956,31,2,3,3,3,763,25,788,255,0.0001,1,,Chat
10359,20250129,1917,35,2,1,3,3,189,83,272,389,0.0001,1,,Chat
10360,20250618,1916,4,2,3,2,3,196,1440,1636,322,0.0009,1,3.7,Chat
10361,20250414,1831,12,4,3,3,3,326,1171,1497,253,0.0015,0,,Embedding
10362,20250318,1250,11,1,2,1,2,2169,414,2583,304,0.0171,1,4.4,Embedding
10363,20250421,1435,65,2,1,2,3,499,171,670,401,0.0002,1,,Completion
10364,20250320,2309,50,1,5,5,2,534,726,1260,559,0.0136,1,,Chat
10365,20250518,2347,34,4,6,1,3,1035,726,1761,395,0.0012,1,,Completion
10366,20250621,1432,10,2,6,3,2,562,1201,1763,356,0.0008,1,,Chat
10367,20250526,1026,23,2,7,1,3,346,237,583,393,0.0002,1,,Chat
10368,20250308,1912,38,1,6,3,4,11518,306,11824,681,0.0622,1,,Chat
10369,20250612,1249,3,1,2,4,2,1116,1455,2571,639,0.0274,1,,Chat
10370,20250225,1909,14,2,5,5,4,417,620,1037,236,0.0004,1,,Chat
10371,20250329,609,38,3,4,3,2,482,677,1159,1087,0.0116,1,4.7,Chat
10372,20250605,1218,39,1,3,2,2,1130,958,2088,513,0.02,1,,Completion
10373,20250515,1253,78,3,1,1,3,1439,397,1836,244,0.0103,1,4.5,Completion
10374,20250126,1133,14,2,1,5,3,1156,571,1727,410,0.0005,1,,Completion
10375,20250511,1907,5,1,1,1,2,544,296,840,490,0.0072,1,,Chat
10376,20250112,1358,43,1,1,1,2,718,509,1227,451,0.0112,1,,Completion
10377,20250330,1746,13,1,4,4,2,519,233,752,768,0.0061,1,4.7,Chat
10378,20250526,1610,56,1,2,4,2,1069,1374,2443,831,0.026,1,,Chat
10379,20250404,2148,49,5,5,2,2,1286,1409,2695,286,0.0087,1,,Chat
10380,20250403,1923,22,1,2,1,2,5545,525,6070,493,0.0356,1,4.5,Embedding
10381,20250125,1154,34,3,3,2,4,2028,201,2229,546,0.0091,1,,Completion
10382,20250310,1815,60,3,1,1,3,2609,64,2673,346,0.0088,1,,Chat
10383,20250214,2212,49,3,3,4,2,4357,345,4702,311,0.0182,1,4.3,Completion
10384,20250204,944,11,1,5,1,3,2228,3936,6164,1085,0.0702,1,4.8,Chat
10385,20250321,737,13,4,3,1,3,509,159,668,293,0.0003,1,3.5,Vision
10386,20250415,826,20,5,5,3,2,406,158,564,331,0.0013,1,,Chat
10387,20250617,1143,43,5,2,4,2,476,509,985,440,0.0031,1,,Chat
10388,20250302,2250,73,2,7,6,4,1002,306,1308,408,0.0003,1,,Chat
10389,20250618,1809,64,6,3,2,3,1470,86,1556,398,0.0001,1,,Completion
10390,20250422,1504,9,2,4,1,1,297,186,483,337,0.0002,1,,Completion
10391,20250102,347,36,2,3,3,3,594,189,783,205,0.0002,1,,Completion
10392,20250307,1204,29,1,4,1,4,305,1635,1940,165,0.026,1,4.3,Chat
10393,20250217,1449,53,3,1,3,4,573,3961,4534,655,0.0611,1,,Embedding
10394,20250108,554,43,5,5,1,2,1088,130,1218,376,0.002,1,,Chat
10395,20250219,1658,80,5,1,2,2,2503,387,2890,360,0.0051,1,,Vision
10396,20250608,1409,74,4,4,5,3,391,817,1208,159,0.0011,1,,Chat
10397,20250630,1315,5,2,1,2,2,398,675,1073,187,0.0005,1,,Chat
10398,20250225,1230,36,4,3,3,2,691,1169,1860,227,0.0016,1,,Chat
10399,20250101,1222,15,2,1,2,3,197,143,340,320,0.0001,1,4.5,Completion
10400,20250129,1421,46,5,5,1,2,694,1451,2145,120,0.0081,1,,Chat
10401,20250226,2312,63,1,1,3,1,4351,441,4792,739,0.0284,1,3.6,Completion
10402,20250502,1107,21,1,5,1,2,1843,4000,5843,502,0.0692,1,3.4,Chat
10403,20250123,1329,76,6,4,2,3,336,198,534,240,0.0001,1,,Chat
10404,20250106,908,57,5,5,1,2,524,345,869,240,0.0024,1,,Completion
10405,20250113,445,47,2,3,6,2,578,317,895,465,0.0003,1,,Chat
10406,20250328,1400,38,4,4,1,1,1543,230,1773,407,0.0007,1,3.8,Embedding
10407,20250218,1030,50,2,3,1,1,1047,674,1721,347,0.0006,1,4.4,Completion
10408,20250215,2258,26,1,7,1,4,746,2305,3051,912,0.0383,1,,Chat
10409,20250126,1404,21,5,2,5,4,3481,291,3772,282,0.0058,1,3.6,Chat
10410,20250522,1357,22,5,2,1,2,211,630,841,339,0.0034,1,4.9,Chat
10411,20250507,1329,9,2,2,4,3,3249,227,3476,120,0.0006,1,,Chat
10412,20250509,2140,10,1,6,1,4,3681,1090,4771,572,0.0348,1,4.2,Chat
10413,20250629,1522,17,4,2,1,3,213,272,485,191,0.0004,1,,Chat
10414,20250117,1541,63,3,4,2,1,3372,222,3594,814,0.0134,1,,Chat
10415,20250522,1413,41,3,4,5,3,2654,478,3132,810,0.0151,1,,Chat
10416,20250524,1157,78,1,1,1,4,249,151,400,535,0.0035,1,,Chat
10417,20250625,726,40,1,3,6,4,6313,556,6869,859,0.0399,1,,Embedding
10418,20250107,1739,49,1,4,1,3,1348,4000,5348,1316,0.0667,1,3.6,Chat
10419,20250526,1924,29,5,1,5,3,294,1116,1410,120,0.0059,1,,Embedding
10420,20250120,1919,24,3,1,3,4,103,444,547,925,0.007,1,,Chat
10421,20250111,1546,1,6,2,5,2,175,381,556,317,0.0001,1,4.3,Chat
10422,20250114,1421,65,3,1,2,2,891,1356,2247,910,0.023,1,,Embedding
10423,20250503,1322,2,1,1,1,2,6122,518,6640,538,0.0384,1,3.9,Chat
10424,20250313,1914,5,1,7,5,3,5016,333,5349,475,0.0301,1,4.9,Embedding
10425,20250325,2132,52,5,5,3,2,606,331,937,255,0.0024,1,,Completion
10426,20250514,1951,37,2,3,1,2,4581,350,4931,516,0.0009,1,,Chat
10427,20250205,1150,9,2,6,1,1,515,585,1100,199,0.0004,1,,Chat
10428,20250503,1633,27,1,2,2,2,797,138,935,253,0.0061,1,4.4,Chat
10429,20250325,1249,27,2,3,1,2,968,103,1071,297,0.0002,1,,Chat
10430,20250511,1454,56,5,2,2,3,571,150,721,303,0.0015,1,3.8,Chat
10431,20250220,1338,30,2,7,1,3,1609,110,1719,291,0.0003,1,,Chat
10432,20250215,839,71,2,2,4,2,537,130,667,190,0.0002,1,3.5,Completion
10433,20250318,1325,28,5,3,6,3,399,1149,1548,395,0.0062,1,,Chat
10434,20250615,1701,21,2,4,2,3,1348,368,1716,407,0.0004,1,,Embedding
10435,20250424,1214,17,2,6,1,2,4480,148,4628,169,0.0008,1,,Embedding
10436,20250221,816,56,3,1,1,1,395,128,523,698,0.0031,1,,Vision
10437,20250209,1747,54,2,1,1,3,685,101,786,233,0.0002,1,,Chat
10438,20250304,1738,28,6,2,6,2,488,167,655,131,0.0001,1,,Embedding
10439,20250421,1211,39,1,5,5,3,663,554,1217,758,0.0116,1,3.6,Embedding
10440,20250323,1241,48,1,2,6,2,1611,942,2553,370,0.0222,1,,Chat
10441,20250415,2116,20,4,1,1,2,341,512,853,168,0.0007,1,,Chat
10442,20250629,1422,28,5,5,1,3,759,1353,2112,257,0.0077,1,,Chat
10443,20250324,1910,9,2,2,6,3,863,1594,2457,120,0.0011,1,4.7,Chat
10444,20250219,1523,62,3,1,2,3,92,569,661,882,0.0088,1,,Completion
10445,20250129,1933,5,2,4,4,3,1293,258,1551,333,0.0003,1,,Embedding
10446,20250101,57,48,3,4,4,2,1444,1499,2943,552,0.0268,1,,Completion
10447,20250430,1852,79,1,1,4,4,3314,336,3650,826,0.0216,1,,Chat
10448,20250513,1753,55,4,2,5,2,1294,318,1612,400,0.0007,1,,Embedding
10449,20250122,1016,24,3,2,6,1,1352,669,2021,916,0.0141,1,,Completion
10450,20250410,1054,12,3,6,2,3,1704,377,2081,674,0.0108,1,,Chat
10451,20250518,1539,17,1,5,2,3,372,1999,2371,747,0.0318,1,,Chat
10452,20250601,1025,13,3,4,3,2,952,2488,3440,744,0.0402,0,3.7,Chat
10453,20250105,1026,4,3,1,1,2,611,1089,1700,819,0.0182,1,,Chat
10454,20250103,1507,9,3,2,2,2,1000,1298,2298,579,0.0225,1,,Chat
10455,20250421,1021,55,5,5,4,1,2773,500,3273,203,0.006,1,,Chat
10456,20250607,1458,46,1,2,5,3,1376,431,1807,703,0.0133,1,,Chat
10457,20250213,1010,50,1,1,5,3,3208,598,3806,283,0.025,1,3.3,Completion
10458,20250324,1308,30,4,2,3,3,382,26,408,264,0.0001,1,,Completion
10459,20250513,1809,43,2,4,1,4,603,603,1206,280,0.0005,1,4.6,Chat
10460,20250505,1217,12,1,5,2,2,644,177,821,860,0.0059,1,,Chat
10461,20250625,1626,71,2,4,1,1,517,59,576,326,0.0001,1,,Chat
10462,20250519,1049,43,2,1,1,4,757,89,846,289,0.0002,1,,Chat
10463,20250401,1304,58,5,1,1,2,76,1306,1382,248,0.0066,1,,Chat
10464,20250104,1230,8,4,7,1,3,1076,316,1392,315,0.0007,1,,Chat
10465,20250428,929,54,1,1,1,3,1161,98,1259,595,0.0073,1,4.5,Chat
10466,20250103,1914,57,6,1,1,2,171,245,416,120,0.0001,1,,Embedding
10467,20250207,1423,48,6,1,2,1,1011,457,1468,221,0.0002,1,4.5,Embedding
10468,20250505,509,79,2,1,5,4,217,961,1178,366,0.0006,1,,Chat
10469,20250625,1358,15,3,5,2,2,1575,226,1801,943,0.0081,1,,Completion
10470,20250208,1148,53,4,4,1,2,985,106,1091,262,0.0004,1,,Embedding
10471,20250208,1823,35,5,1,1,3,283,624,907,174,0.0035,1,,Chat
10472,20250228,1021,41,2,2,4,3,659,754,1413,250,0.0006,1,5.0,Embedding
10473,20250104,1632,56,1,1,5,4,4205,289,4494,303,0.0254,1,,Completion
10474,20250421,1258,27,2,1,2,2,2091,165,2256,379,0.0004,1,4.4,Chat
10475,20250123,1211,34,1,3,1,1,7755,4000,11755,884,0.0988,1,4.8,Chat
10476,20250223,725,71,4,4,1,1,76,347,423,368,0.0005,1,,Embedding
10477,20250331,1648,48,5,6,1,3,346,93,439,371,0.0009,1,3.3,Chat
10478,20250515,2111,27,4,7,4,3,363,666,1029,535,0.0009,1,,Chat
10479,20250504,1307,33,5,2,3,2,571,531,1102,252,0.0034,1,,Completion
10480,20250124,1902,14,1,3,2,4,894,584,1478,321,0.0132,1,,Chat
10481,20250606,1355,10,3,1,2,4,489,836,1325,271,0.014,1,,Chat
10482,20250608,1754,62,3,1,1,2,560,3277,3837,961,0.0508,1,,Chat
10483,20250130,1626,54,2,2,1,3,166,193,359,192,0.0001,1,,Chat
10484,20250513,1029,14,4,7,6,3,2749,290,3039,215,0.001,1,,Chat
10485,20250521,1131,44,2,6,2,2,412,519,931,120,0.0004,1,5.0,Chat
10486,20250318,1445,32,3,1,1,4,2045,115,2160,327,0.0079,1,,Chat
10487,20250409,1314,25,4,2,2,2,2433,918,3351,220,0.0018,1,,Chat
10488,20250506,1930,13,2,2,3,4,498,249,747,289,0.0002,1,,Vision
10489,20250504,1745,33,2,2,2,2,384,235,619,157,0.0002,1,,Chat
10490,20250213,1524,6,1,1,1,4,3406,1548,4954,339,0.0403,1,4.7,Chat
10491,20250121,1238,28,1,1,1,3,4653,750,5403,657,0.0345,1,,Embedding
10492,20250512,1436,31,2,1,1,3,1082,421,1503,223,0.0004,1,4.1,Chat
10493,20250209,1726,19,1,3,1,3,402,2113,2515,446,0.0337,1,,Completion
10494,20250404,1606,71,1,3,3,4,1135,382,1517,958,0.0114,1,,Chat
10495,20250129,1613,43,2,6,6,3,630,1455,2085,376,0.001,1,,Chat
10496,20250204,1013,29,3,6,2,4,139,666,805,964,0.0104,1,,Completion
10497,20250214,1607,52,5,6,3,3,2742,198,2940,268,0.0044,1,,Embedding
10498,20250103,1341,44,2,5,1,3,826,634,1460,439,0.0005,1,,Chat
10499,20250315,2121,61,4,1,2,2,2980,583,3563,246,0.0015,1,,Vision
10500,20250330,1427,27,5,3,4,2,1199,370,1569,190,0.0033,1,,Completion
10501,20250219,1227,30,2,7,3,2,1452,267,1719,282,0.0004,1,,Vision
10502,20250328,1331,29,1,6,1,4,548,511,1059,545,0.0104,1,,Chat
10503,20250408,1111,37,6,6,6,1,256,303,559,340,0.0001,1,,Chat
10504,20250620,1848,65,2,5,1,3,189,1293,1482,308,0.0008,1,,Chat
10505,20250611,942,30,4,6,3,1,462,66,528,121,0.0002,1,,Completion
10506,20250504,2038,14,1,1,4,2,665,1002,1667,624,0.0184,1,,Chat
10507,20250211,1449,24,1,5,5,4,1935,83,2018,949,0.0109,1,4.5,Chat
10508,20250204,1352,1,5,5,3,3,422,491,913,209,0.003,1,3.7,Chat
10509,20250414,1446,65,2,1,4,3,573,604,1177,259,0.0004,1,4.7,Chat
10510,20250518,935,31,6,2,2,3,921,262,1183,120,0.0001,1,,Chat
10511,20250331,1425,53,6,6,3,3,410,443,853,196,0.0002,1,4.2,Chat
10512,20250212,957,29,1,4,1,4,4359,1340,5699,648,0.0419,1,,Chat
10513,20250513,1503,80,2,7,6,3,1379,327,1706,161,0.0004,1,3.6,Vision
10514,20250403,1536,16,6,1,4,1,1639,546,2185,285,0.0003,1,3.9,Chat
10515,20250501,1638,4,3,4,2,3,1071,1622,2693,956,0.0275,1,,Completion
10516,20250217,859,64,3,3,1,1,4088,4000,8088,769,0.0723,1,4.3,Embedding
10517,20250201,1701,22,1,3,1,1,701,372,1073,602,0.0091,1,3.8,Chat
10518,20250524,1216,47,5,6,2,1,204,285,489,361,0.0017,1,,Chat
10519,20250510,853,78,4,2,1,3,781,374,1155,250,0.0007,1,3.3,Chat
10520,20250121,1520,69,6,1,3,3,955,240,1195,383,0.0001,1,,Completion
10521,20250402,1629,30,1,1,3,2,6460,565,7025,576,0.0408,1,,Chat
10522,20250329,1356,7,6,6,4,2,1920,291,2211,271,0.0002,1,,Chat
10523,20250210,2155,74,1,2,1,3,349,844,1193,636,0.0144,1,,Chat
10524,20250610,1204,46,2,7,2,2,282,187,469,240,0.0002,1,,Embedding
10525,20250213,1523,6,2,4,2,2,1432,72,1504,162,0.0003,1,3.6,Chat
10526,20250414,1646,11,2,7,1,2,1175,95,1270,365,0.0002,1,4.5,Chat
10527,20250510,1309,17,3,1,3,1,2827,267,3094,333,0.0125,1,,Vision
10528,20250314,1258,65,5,2,6,1,524,251,775,241,0.0019,1,,Completion
10529,20250105,2055,13,2,6,2,4,144,161,305,238,0.0001,1,,Chat
10530,20250306,1458,48,3,4,1,2,2727,1369,4096,894,0.0287,1,4.5,Vision
10531,20250217,1511,40,1,5,4,2,237,123,360,911,0.003,1,,Chat
10532,20250401,1836,26,1,3,3,3,2530,276,2806,576,0.0168,1,,Chat
10533,20250206,1254,58,4,2,1,2,264,411,675,491,0.0006,1,4.5,Completion
10534,20250505,1241,62,2,7,3,3,2136,155,2291,129,0.0004,1,,Completion
10535,20250315,1727,49,3,4,3,2,1076,2013,3089,984,0.0334,1,,Chat
10536,20250216,1209,55,2,7,2,4,2227,156,2383,192,0.0004,1,,Chat
10537,20250219,1801,34,4,2,1,1,165,329,494,402,0.0005,1,4.8,Completion
10538,20250630,1900,54,2,4,5,4,450,778,1228,169,0.0005,1,3.3,Chat
10539,20250306,1137,54,2,5,6,1,818,455,1273,177,0.0004,1,4.0,Chat
10540,20250624,2143,77,6,4,1,4,122,345,467,299,0.0001,1,4.5,Chat
10541,20250223,733,66,1,3,1,2,5034,297,5331,672,0.0296,1,,Chat
10542,20250610,1543,37,1,3,1,1,312,217,529,1005,0.0048,1,3.6,Completion
10543,20250428,1322,40,2,2,1,4,58,255,313,276,0.0002,1,,Chat
10544,20250406,1401,12,5,2,1,1,110,322,432,198,0.0017,1,4.8,Chat
10545,20250131,1448,36,4,7,1,2,1049,464,1513,417,0.0008,1,,Chat
10546,20250404,2204,37,2,5,5,1,239,238,477,352,0.0002,1,,Completion
10547,20250531,1336,60,3,5,2,4,87,501,588,930,0.0078,1,,Completion
10548,20250414,821,50,2,2,1,2,811,65,876,365,0.0002,1,,Chat
10549,20250302,1425,50,1,6,3,2,758,404,1162,308,0.0099,1,4.1,Chat
10550,20250603,1805,76,1,1,4,3,602,968,1570,431,0.0175,1,4.0,Completion
10551,20250102,2250,49,2,5,2,3,2707,1925,4632,494,0.0016,1,4.2,Chat
10552,20250309,1124,49,2,1,1,4,300,1848,2148,266,0.0012,1,,Completion
10553,20250519,1743,24,6,1,1,4,380,197,577,361,0.0001,1,4.1,Chat
10554,20250526,647,26,4,5,1,1,1345,515,1860,228,0.001,1,,Chat
10555,20250615,1458,40,2,4,2,1,782,404,1186,347,0.0004,1,,Chat
10556,20250423,1019,17,4,1,1,2,7539,277,7816,267,0.0022,1,3.6,Chat
10557,20250116,2149,2,1,5,4,3,215,3780,3995,671,0.0578,1,4.2,Completion
10558,20250309,1148,33,2,2,1,3,242,112,354,246,0.0001,1,5.0,Chat
10559,20250122,1532,69,3,2,3,4,2496,774,3270,533,0.0191,0,,Embedding
10560,20250107,1952,78,2,5,1,3,7379,1176,8555,244,0.0018,1,4.9,Chat
10561,20250615,1632,2,3,7,1,3,2359,2761,5120,573,0.0485,1,4.6,Chat
10562,20250208,1022,23,3,1,2,1,4162,885,5047,397,0.0258,1,4.3,Completion
10563,20250618,1645,27,1,1,1,3,8419,311,8730,447,0.0468,1,4.5,Completion
10564,20250207,1449,30,4,2,2,3,1226,309,1535,391,0.0007,1,4.5,Chat
10565,20250530,1539,78,4,1,3,1,1653,178,1831,159,0.0006,1,4.3,Chat
10566,20250503,1253,53,2,1,4,2,197,467,664,120,0.0003,1,,Chat
10567,20250524,1216,18,2,1,1,1,514,135,649,249,0.0002,1,,Completion
10568,20250503,1442,28,3,1,2,4,4765,223,4988,731,0.0176,1,,Chat
10569,20250503,1605,36,1,1,4,4,1311,374,1685,390,0.0122,1,,Chat
10570,20250216,2109,71,3,6,1,3,1440,445,1885,1132,0.011,1,,Chat
10571,20250424,1450,57,6,3,1,3,6562,99,6661,256,0.0005,1,3.8,Chat
10572,20250211,812,64,6,1,1,4,595,296,891,235,0.0001,1,,Chat
10573,20250501,1426,69,1,1,1,1,889,541,1430,478,0.0126,1,,Chat
10574,20250214,1954,48,3,7,4,1,441,736,1177,378,0.0124,1,,Chat
10575,20250207,1045,22,5,1,1,3,345,295,640,297,0.0019,1,,Vision
10576,20250122,956,65,6,1,3,1,458,142,600,178,0.0001,1,,Completion
10577,20250606,1826,2,6,4,2,3,190,351,541,446,0.0001,1,3.7,Chat
10578,20250611,1846,58,1,1,2,1,2049,592,2641,817,0.0191,1,,Chat
10579,20250122,1550,55,1,3,3,2,5555,530,6085,877,0.0357,1,,Completion
10580,20250106,1259,31,1,1,5,4,8897,516,9413,281,0.0522,1,,Chat
10581,20250317,1402,43,4,1,1,1,1323,1318,2641,182,0.002,1,3.4,Chat
10582,20250429,710,74,2,2,4,1,1040,490,1530,141,0.0004,1,4.4,Completion
10583,20250131,1258,45,6,1,4,3,514,664,1178,239,0.0002,1,,Completion
10584,20250210,1227,7,2,3,1,1,737,102,839,466,0.0002,1,,Embedding
10585,20250216,1742,42,2,4,3,4,353,127,480,178,0.0001,1,4.5,Chat
10586,20250220,1650,8,5,4,4,2,267,267,534,120,0.0017,1,,Completion
10587,20250407,1614,62,4,5,1,3,1119,282,1401,298,0.0006,1,4.7,Completion
10588,20250226,1704,27,6,4,6,3,772,641,1413,165,0.0003,1,,Chat
10589,20250508,1557,20,4,3,1,1,791,917,1708,282,0.0013,1,4.4,Chat
10590,20250621,1347,36,2,4,1,2,402,1173,1575,120,0.0008,1,,Chat
10591,20250104,1625,10,3,6,1,3,1312,505,1817,575,0.0115,1,,Completion
10592,20250501,1332,7,1,4,6,4,2161,282,2443,680,0.015,1,,Chat
10593,20250319,1534,36,1,3,1,3,516,971,1487,731,0.0171,1,4.5,Chat
10594,20250525,1011,44,5,3,3,3,228,165,393,293,0.0011,1,4.2,Chat
10595,20250518,1331,42,6,6,1,1,2332,241,2573,192,0.0002,1,,Chat
10596,20250201,1618,73,2,4,6,2,275,168,443,203,0.0001,1,,Completion
10597,20250107,219,18,2,6,1,3,1107,734,1841,369,0.0006,1,,Chat
10598,20250529,2144,30,6,2,4,1,2582,248,2830,388,0.0003,1,4.5,Chat
10599,20250401,1318,64,5,7,2,3,453,173,626,253,0.0014,1,4.9,Chat
10600,20250408,1513,53,1,2,4,2,6510,1202,7712,474,0.0506,1,,Vision
10601,20250522,936,54,3,1,1,3,2365,1418,3783,929,0.0284,1,,Chat
10602,20250223,1229,60,2,1,1,3,1014,683,1697,147,0.0006,1,,Completion
10603,20250530,1559,1,1,1,4,1,3308,977,4285,631,0.0312,1,,Vision
10604,20250309,46,57,2,4,2,3,3779,332,4111,261,0.0008,1,3.4,Chat
10605,20250311,1623,55,3,1,5,2,1264,2014,3278,361,0.034,1,,Vision
10606,20250403,1317,42,2,2,1,3,1232,775,2007,134,0.0006,1,4.2,Embedding
10607,20250415,1029,46,5,4,2,3,147,157,304,154,0.001,1,,Vision
10608,20250407,1659,35,2,4,1,3,817,289,1106,282,0.0003,1,,Completion
10609,20250216,1830,30,1,4,1,1,472,96,568,811,0.0038,1,3.3,Chat
10610,20250213,1231,71,2,4,5,2,265,528,793,120,0.0004,1,,Chat
10611,20250124,1049,39,6,6,2,3,77,411,488,434,0.0001,1,4.7,Completion
10612,20250509,1108,63,6,3,2,2,326,1505,1831,341,0.0005,1,,Embedding
10613,20250111,2339,40,2,2,4,2,768,400,1168,421,0.0004,1,4.8,Chat
10614,20250226,1334,24,6,1,4,3,830,42,872,450,0.0001,1,,Completion
10615,20250213,1550,77,2,4,2,2,603,714,1317,164,0.0005,1,,Completion
10616,20250129,1141,71,1,5,4,3,2329,627,2956,751,0.021,1,,Chat
10617,20250414,1400,67,3,1,2,4,2516,171,2687,940,0.0101,1,,Completion
10618,20250630,1210,58,3,1,1,3,1419,340,1759,584,0.0094,1,,Completion
10619,20250516,1400,6,3,4,1,3,2793,1416,4209,748,0.0296,1,3.5,Chat
10620,20250305,1118,77,6,1,4,4,927,405,1332,285,0.0002,1,,Chat
10621,20250115,1657,16,2,2,3,1,210,58,268,396,0.0001,1,3.3,Vision
10622,20250604,1304,50,4,3,1,4,967,157,1124,403,0.0004,1,,Completion
10623,20250626,1508,7,1,5,3,4,1119,789,1908,253,0.0174,1,,Chat
10624,20250214,1546,54,6,3,1,3,2535,431,2966,298,0.0003,1,,Chat
10625,20250414,1208,31,1,2,3,2,3955,1938,5893,551,0.0488,1,,Chat
10626,20250317,1537,57,1,2,1,2,1689,881,2570,474,0.0217,1,,Chat
10627,20250107,1849,23,1,2,1,2,2357,1886,4243,396,0.0401,1,,Completion
10628,20250123,937,16,3,3,1,2,10502,1789,12291,464,0.0583,1,,Chat
10629,20250131,1720,30,1,6,5,2,840,119,959,172,0.006,1,,Chat
10630,20250619,1307,32,1,5,4,4,6379,2553,8932,936,0.0702,1,,Chat
10631,20250314,1752,38,1,6,2,2,1839,1797,3636,192,0.0361,1,,Vision
10632,20250127,1731,41,2,4,5,1,242,152,394,348,0.0001,1,3.6,Chat
10633,20250524,1715,3,3,2,1,4,727,1111,1838,778,0.0188,1,4.5,Chat
10634,20250417,1229,63,3,1,1,3,1562,4000,5562,585,0.0647,1,,Chat
10635,20250406,1345,17,3,3,2,3,1556,505,2061,829,0.0122,1,4.3,Completion
10636,20250512,1910,69,5,4,2,4,532,159,691,473,0.0015,1,4.5,Chat
10637,20250323,1424,75,1,3,2,2,243,3530,3773,906,0.0542,1,3.9,Chat
10638,20250204,2018,73,3,4,5,4,5620,4000,9620,414,0.0769,1,4.5,Chat
10639,20250217,1023,51,2,2,3,1,427,212,639,292,0.0002,1,3.5,Chat
10640,20250212,1207,22,2,1,4,1,228,157,385,251,0.0001,1,,Embedding
10641,20250109,1800,20,1,1,1,1,753,1299,2052,349,0.0232,1,,Completion
10642,20250516,112,49,2,5,3,2,590,196,786,193,0.0002,1,,Chat
10643,20250423,1041,62,6,3,2,2,351,142,493,192,0.0001,1,3.3,Chat
10644,20250520,812,53,2,3,2,2,97,50,147,521,0.0,1,,Chat
10645,20250614,1326,61,3,7,4,2,6152,508,6660,617,0.0261,1,,Vision
10646,20250601,1536,4,2,1,1,1,1183,114,1297,242,0.0002,1,,Chat
10647,20250312,1525,70,3,5,1,4,193,2064,2257,891,0.0315,1,,Completion
10648,20250125,501,39,1,1,3,2,556,664,1220,841,0.0127,1,3.4,Chat
10649,20250630,2028,44,2,4,4,1,374,2410,2784,275,0.0015,1,,Completion
10650,20250319,1342,57,3,6,4,1,2348,808,3156,707,0.0192,1,,Completion
10651,20250612,2123,50,1,2,1,3,1715,236,1951,458,0.0121,1,,Completion
10652,20250603,1927,6,4,3,1,2,1230,87,1317,122,0.0004,1,,Chat
10653,20250601,1417,64,5,1,2,2,1158,185,1343,120,0.0024,1,,Embedding
10654,20250222,944,73,2,5,4,2,2925,503,3428,378,0.0007,1,,Vision
10655,20250614,1828,48,2,1,2,1,378,240,618,263,0.0002,1,3.5,Chat
10656,20250207,1556,25,3,1,2,2,3981,3555,7536,835,0.0653,1,,Completion
10657,20250303,1745,79,1,5,1,4,9196,495,9691,920,0.0534,1,4.9,Chat
10658,20250320,1611,47,1,1,1,2,2477,490,2967,332,0.0197,1,,Chat
10659,20250601,1516,54,3,2,3,4,1899,348,2247,627,0.0109,1,4.6,Chat
10660,20250328,1035,32,1,6,1,3,559,381,940,347,0.0085,1,,Chat
10661,20250119,1103,63,3,1,1,4,2734,2400,5134,1122,0.0442,1,,Chat
10662,20250311,1212,60,1,6,3,4,4447,828,5275,596,0.0347,1,,Chat
10663,20250617,1552,32,2,1,1,4,1793,216,2009,228,0.0004,1,,Embedding
10664,20250508,1253,50,2,6,3,2,378,915,1293,205,0.0006,1,,Chat
10665,20250510,1142,12,5,4,2,4,880,401,1281,239,0.0031,1,,Vision
10666,20250220,2012,40,1,2,1,1,712,511,1223,211,0.0112,1,3.2,Chat
10667,20250525,1201,2,1,4,2,4,356,252,608,205,0.0056,1,,Completion
10668,20250109,1054,55,6,2,3,4,621,268,889,239,0.0001,1,,Completion
10669,20250608,1200,7,3,3,1,2,808,582,1390,624,0.0112,1,4.8,Embedding
10670,20250228,1510,16,4,1,1,1,555,228,783,356,0.0004,1,,Embedding
10671,20250502,1638,17,5,2,4,4,646,912,1558,288,0.0054,1,,Chat
10672,20250204,1311,68,4,1,4,3,625,380,1005,190,0.0006,1,,Chat
10673,20250101,657,70,6,1,1,3,856,671,1527,181,0.0003,1,,Embedding
10674,20250324,1839,43,5,1,4,2,151,205,356,447,0.0012,1,,Embedding
10675,20250616,1541,16,3,1,4,3,989,764,1753,922,0.0144,1,4.1,Chat
10676,20250410,848,2,3,4,5,4,5003,377,5380,811,0.0207,1,,Completion
10677,20250327,1121,58,4,1,1,3,3027,321,3348,149,0.0012,1,,Chat
10678,20250606,1541,50,3,1,6,1,4920,1860,6780,671,0.0427,1,4.7,Chat
10679,20250109,1727,29,3,1,5,4,878,1055,1933,732,0.0185,1,,Embedding
10680,20250626,224,76,3,6,6,3,492,733,1225,687,0.0125,1,,Completion
10681,20250225,1331,49,1,4,1,2,1464,1895,3359,730,0.0357,1,4.1,Chat
10682,20250428,427,73,1,6,4,2,9392,98,9490,867,0.0484,1,,Chat
10683,20250102,721,43,4,2,3,2,2394,260,2654,317,0.0009,1,,Embedding
10684,20250213,612,15,2,1,5,2,1282,470,1752,340,0.0005,1,4.9,Chat
10685,20250625,1744,59,1,6,1,3,1601,492,2093,465,0.0154,1,3.4,Embedding
10686,20250420,1228,19,2,1,1,2,1970,162,2132,120,0.0004,1,,Completion
10687,20250412,1006,36,4,1,3,2,1147,255,1402,339,0.0006,1,,Completion
10688,20250104,513,54,5,4,2,4,50,413,463,378,0.0021,1,,Chat
10689,20250517,721,67,1,4,1,1,2266,1864,4130,649,0.0393,1,4.8,Embedding
10690,20250408,1723,47,6,1,3,3,789,264,1053,360,0.0001,1,,Completion
10691,20250121,2113,7,3,2,5,3,766,553,1319,424,0.0106,1,3.3,Chat
10692,20250331,1439,25,4,1,3,3,577,884,1461,419,0.0012,1,,Chat
10693,20250202,1729,39,3,6,2,4,3815,308,4123,432,0.0161,1,,Chat
10694,20250604,1512,50,1,2,1,3,1366,4000,5366,212,0.0668,1,4.4,Chat
10695,20250108,1606,11,1,6,1,2,2448,291,2739,429,0.0166,1,,Embedding
10696,20250131,1208,43,2,1,1,2,151,1139,1290,544,0.0007,1,4.6,Embedding
10697,20250131,1226,22,4,4,1,3,374,108,482,172,0.0002,1,,Chat
10698,20250102,1129,47,5,1,4,1,1974,4000,5974,209,0.0225,1,4.4,Completion
10699,20250205,1036,65,2,1,2,2,232,484,716,313,0.0003,1,,Completion
10700,20250614,1402,20,5,5,3,4,445,1048,1493,354,0.0058,1,,Chat
10701,20250330,1614,50,1,6,1,4,1939,502,2441,487,0.0172,1,4.3,Chat
10702,20250314,1618,69,3,3,4,3,2045,1031,3076,294,0.0216,1,,Embedding
10703,20250401,1504,32,4,1,6,3,503,156,659,351,0.0003,1,3.3,Vision
10704,20250313,1435,49,2,2,1,4,5534,498,6032,250,0.0011,1,,Completion
10705,20250519,1333,32,1,5,3,3,414,1937,2351,721,0.0311,1,,Completion
10706,20250103,1519,2,5,6,1,1,255,640,895,188,0.0035,1,,Chat
10707,20250412,1114,75,4,2,3,3,744,201,945,202,0.0004,1,4.0,Chat
10708,20250202,1358,78,1,5,2,1,3677,1408,5085,810,0.0395,1,,Embedding
10709,20250103,1502,45,1,3,1,1,832,1745,2577,2040,0.0303,1,,Completion
10710,20250216,1524,33,4,6,1,2,1418,305,1723,209,0.0007,1,,Vision
10711,20250415,1338,35,2,2,6,2,336,511,847,372,0.0004,1,3.4,Chat
10712,20250419,1557,10,3,6,1,1,1972,1239,3211,849,0.0245,1,3.6,Chat
10713,20250527,1001,16,4,3,3,1,166,418,584,370,0.0006,1,,Completion
10714,20250618,730,65,1,2,1,4,1434,1757,3191,623,0.0335,1,3.6,Chat
10715,20250406,2030,50,3,2,3,3,5083,505,5588,566,0.0228,1,3.6,Chat
10716,20250628,1211,14,3,4,3,3,1532,197,1729,340,0.0076,1,4.2,Embedding
10717,20250601,429,9,1,5,4,3,1311,4000,5311,197,0.0666,1,,Chat
10718,20250504,1352,77,4,3,1,2,548,290,838,403,0.0005,1,,Completion
10719,20250615,1006,38,5,7,1,2,115,209,324,214,0.0012,1,,Completion
10720,20250310,502,80,5,4,1,3,829,120,949,271,0.0016,1,4.9,Chat
10721,20250424,1223,51,1,2,1,1,457,1402,1859,585,0.0233,1,,Completion
10722,20250110,1441,22,6,6,1,2,1127,422,1549,294,0.0002,1,,Completion
10723,20250323,1059,64,4,5,4,4,244,377,621,185,0.0005,1,,Chat
10724,20250208,1758,47,1,4,6,4,1176,1114,2290,425,0.0226,1,,Completion
10725,20250117,950,19,2,1,1,4,3013,290,3303,369,0.0006,1,,Chat
10726,20250126,811,74,1,6,2,1,1009,2074,3083,294,0.0362,1,,Chat
10727,20250130,2350,53,5,4,1,1,798,164,962,314,0.0018,1,3.4,Chat
10728,20250205,1826,46,5,1,2,3,316,184,500,304,0.0013,1,,Chat
10729,20250609,1550,58,1,1,2,1,1098,882,1980,844,0.0187,1,4.0,Embedding
10730,20250506,1459,39,2,3,6,4,356,324,680,452,0.0002,1,,Vision
10731,20250209,1515,1,3,6,4,3,4629,369,4998,709,0.0194,1,,Chat
10732,20250209,1708,27,1,3,5,3,5989,1931,7920,395,0.0589,1,,Chat
10733,20250406,1831,18,2,1,2,1,3033,202,3235,192,0.0006,1,,Chat
10734,20250415,1313,71,2,1,3,3,781,245,1026,163,0.0003,1,,Chat
10735,20250204,1950,74,1,7,3,2,566,371,937,674,0.0084,1,,Chat
10736,20250303,836,19,2,3,3,3,165,228,393,360,0.0002,1,,Chat
10737,20250620,1423,46,6,2,4,3,104,1076,1180,358,0.0003,1,,Chat
10738,20250425,1414,10,5,3,1,2,771,585,1356,507,0.0039,1,,Chat
10739,20250319,1746,23,5,3,3,2,868,116,984,296,0.0017,1,,Vision
10740,20250118,1709,27,1,2,2,3,1193,366,1559,775,0.0115,1,4.5,Completion
10741,20250513,1052,5,5,1,1,2,1452,228,1680,120,0.003,0,3.7,Chat
10742,20250604,1259,29,1,2,3,2,1265,1017,2282,749,0.0216,1,,Chat
10743,20250510,835,34,4,2,3,4,742,209,951,244,0.0004,1,,Completion
10744,20250309,1043,28,3,5,1,4,1272,4000,5272,1072,0.0638,1,4.7,Chat
10745,20250417,1036,25,3,2,2,4,1430,446,1876,682,0.011,1,,Chat
10746,20250509,1717,53,1,1,2,2,1176,305,1481,913,0.0105,1,,Chat
10747,20250331,931,22,6,1,2,4,788,93,881,179,0.0001,1,3.8,Chat
10748,20250116,1643,19,1,1,1,4,678,101,779,485,0.0049,1,,Completion
10749,20250225,1051,78,2,5,2,2,213,527,740,128,0.0003,1,,Vision
10750,20250319,1116,22,1,1,3,1,1530,434,1964,558,0.0142,1,4.4,Chat
10751,20250110,1103,50,5,4,1,3,222,192,414,344,0.0012,1,3.3,Chat
10752,20250516,1249,25,2,4,1,1,772,853,1625,338,0.0006,1,,Chat
10753,20250101,844,10,1,3,5,4,2096,1628,3724,517,0.0349,1,,Embedding
10754,20250518,735,59,2,4,4,4,447,387,834,338,0.0003,1,3.8,Chat
10755,20250113,1113,19,1,2,2,2,174,179,353,731,0.0036,1,,Chat
10756,20250424,2159,53,3,1,4,3,1310,2094,3404,409,0.0353,1,,Chat
10757,20250125,1123,22,2,2,1,3,80,452,532,192,0.0003,1,4.8,Chat
10758,20250422,1609,52,2,4,1,3,423,1841,2264,455,0.0012,1,,Chat
10759,20250613,427,8,5,2,1,4,1132,175,1307,343,0.0023,1,,Vision
10760,20250619,822,35,2,1,1,3,2433,793,3226,141,0.0008,1,,Completion
10761,20250320,1358,55,4,4,1,4,769,608,1377,278,0.001,1,4.2,Chat
10762,20250331,1714,55,1,5,2,4,1247,1076,2323,338,0.0224,1,,Chat
10763,20250212,1345,30,1,1,1,4,4230,2299,6529,689,0.0556,1,,Chat
10764,20250425,1305,6,4,4,1,4,2278,303,2581,392,0.0009,1,4.6,Completion
10765,20250323,1334,33,5,1,5,1,689,129,818,157,0.0015,1,,Completion
10766,20250108,1737,52,1,4,4,1,7501,665,8166,612,0.0475,1,,Chat
10767,20250306,1830,27,1,6,1,4,1876,61,1937,876,0.0103,1,4.1,Vision
10768,20250501,816,72,4,7,2,4,658,226,884,217,0.0004,1,4.0,Embedding
10769,20250609,1403,23,1,4,1,4,3273,620,3893,970,0.0257,1,,Chat
10770,20250226,2019,66,1,6,4,3,6154,570,6724,541,0.0393,1,3.3,Completion
10771,20250502,1309,71,3,3,2,4,4127,1655,5782,120,0.0372,1,3.9,Completion
10772,20250316,1543,71,2,2,2,4,78,324,402,228,0.0002,1,3.2,Completion
10773,20250224,1016,65,1,2,3,4,3131,325,3456,647,0.0205,1,4.3,Embedding
10774,20250204,1003,4,1,2,1,3,1441,1497,2938,450,0.0297,1,,Chat
10775,20250129,1608,34,1,1,2,4,1417,629,2046,570,0.0165,1,,Completion
10776,20250410,1759,7,3,2,2,1,2619,530,3149,696,0.0158,1,4.6,Chat
10777,20250208,1636,55,1,2,1,2,2301,449,2750,915,0.0182,1,,Completion
10778,20250504,1754,74,2,1,3,2,4447,86,4533,348,0.0007,1,4.0,Embedding
10779,20250117,1856,28,3,1,1,2,3659,473,4132,339,0.0181,1,3.4,Chat
10780,20250220,2055,11,2,6,4,3,431,256,687,482,0.0002,1,4.7,Chat
10781,20250302,826,8,6,7,2,3,1389,174,1563,203,0.0002,1,,Chat
10782,20250209,1409,56,1,4,2,4,2634,1484,4118,896,0.0354,1,3.6,Completion
10783,20250507,1117,71,2,3,2,3,237,246,483,314,0.0002,1,,Chat
10784,20250326,1341,66,1,4,4,3,50,106,156,595,0.0018,1,4.7,Embedding
10785,20250211,1729,62,2,3,3,1,294,615,909,133,0.0004,1,,Chat
10786,20250515,1554,75,4,5,4,2,842,491,1333,181,0.0008,1,,Chat
10787,20250320,708,32,4,6,1,3,1278,90,1368,204,0.0004,1,3.9,Chat
10788,20250619,1901,10,4,4,1,4,775,451,1226,341,0.0008,1,,Chat
10789,20250212,1617,71,6,3,5,4,652,153,805,543,0.0001,1,3.9,Vision
10790,20250406,1218,17,3,6,2,2,1865,914,2779,528,0.0193,1,,Vision
10791,20250606,1210,51,2,1,2,2,2538,176,2714,320,0.0005,1,,Embedding
10792,20250228,1727,12,1,3,1,4,1081,550,1631,867,0.0137,1,,Completion
10793,20250609,1320,18,3,1,1,2,167,2511,2678,428,0.0382,1,,Chat
10794,20250226,1439,53,6,1,3,2,203,213,416,237,0.0001,1,,Chat
10795,20250530,1425,61,3,2,1,3,557,3958,4515,655,0.061,1,3.4,Completion
10796,20250502,1722,64,5,1,2,1,659,770,1429,120,0.0047,1,,Embedding
10797,20250419,1131,38,2,1,1,2,415,210,625,330,0.0002,1,,Chat
10798,20250131,1617,77,1,1,2,4,1243,574,1817,1205,0.0148,1,4.1,Completion
10799,20250123,1540,68,5,1,2,3,89,635,724,334,0.0033,1,,Chat
10800,20250606,1812,73,3,6,2,2,2436,254,2690,852,0.0111,1,,Completion
10801,20250402,1434,39,4,1,3,3,1705,1231,2936,268,0.002,1,4.7,Chat
10802,20250310,1720,10,3,6,1,4,3765,699,4464,1095,0.0218,1,,Chat
10803,20250107,1814,79,3,7,4,2,745,770,1515,845,0.0138,1,,Embedding
10804,20250107,2119,59,3,1,3,3,2492,792,3284,937,0.0194,1,,Completion
10805,20250625,1337,37,3,5,1,2,497,1174,1671,563,0.0191,0,,Completion
10806,20250320,36,65,2,4,4,2,835,603,1438,218,0.0005,1,,Chat
10807,20250215,1911,78,3,4,4,2,1303,534,1837,627,0.0119,1,3.6,Embedding
10808,20250627,855,70,4,5,5,3,530,525,1055,128,0.0008,1,,Chat
10809,20250127,1813,74,2,6,4,3,522,406,928,120,0.0003,1,,Vision
10810,20250601,1405,43,1,4,4,2,471,431,902,293,0.0088,1,,Completion
10811,20250306,1013,38,5,1,6,2,574,262,836,366,0.002,1,,Chat
10812,20250619,644,35,5,2,4,4,635,303,938,235,0.0023,1,4.2,Completion
10813,20250325,1000,43,4,2,5,3,1793,1882,3675,120,0.0028,1,,Completion
10814,20250211,1012,30,1,2,3,3,490,460,950,935,0.0094,1,,Chat
10815,20250426,1652,56,1,5,3,2,1148,611,1759,577,0.0149,1,4.6,Completion
10816,20250312,1652,69,4,2,2,4,1442,545,1987,120,0.001,1,,Completion
10817,20250321,1457,75,6,2,2,3,562,767,1329,303,0.0003,1,,Embedding
10818,20250623,1621,60,1,3,1,3,816,1469,2285,930,0.0261,1,,Completion
10819,20250106,759,15,1,6,4,2,366,1241,1607,610,0.0204,1,,Chat
10820,20250114,1841,78,1,1,6,3,1705,1162,2867,480,0.026,1,3.3,Chat
10821,20250218,1525,11,1,3,1,4,1886,312,2198,877,0.0141,1,,Chat
10822,20250101,648,24,2,4,2,4,801,109,910,179,0.0002,1,,Completion
10823,20250415,1751,46,4,4,1,3,247,125,372,336,0.0002,1,,Completion
10824,20250525,907,12,3,2,1,3,3707,1110,4817,473,0.0278,1,,Chat
10825,20250224,1728,53,2,1,1,3,116,493,609,157,0.0003,1,3.3,Chat
10826,20250103,1154,54,6,1,5,1,440,981,1421,230,0.0003,1,,Chat
10827,20250216,1333,45,2,7,5,3,448,143,591,179,0.0002,1,,Completion
10828,20250606,1544,76,3,1,5,4,1304,1241,2545,594,0.0225,1,3.3,Completion
10829,20250603,1348,9,2,4,4,4,1325,240,1565,138,0.0003,1,,Completion
10830,20250312,1726,41,3,6,1,2,680,641,1321,507,0.0117,1,,Embedding
10831,20250224,1050,37,1,3,4,3,200,830,1030,120,0.0135,1,,Chat
10832,20250125,1949,80,6,3,2,3,1683,152,1835,435,0.0002,1,,Chat
10833,20250328,2215,57,5,1,1,3,520,468,988,293,0.003,1,,Chat
10834,20250421,2052,71,1,6,1,3,332,484,816,859,0.0089,1,3.3,Chat
10835,20250201,1737,47,1,7,2,4,1283,2259,3542,703,0.0403,1,,Vision
10836,20250606,1407,16,5,4,3,3,1245,313,1558,284,0.0031,1,4.8,Chat
10837,20250607,1029,72,3,7,1,2,12000,383,12383,815,0.0417,1,,Embedding
10838,20250130,2137,67,2,6,2,3,198,555,753,282,0.0004,1,4.3,Completion
10839,20250510,2127,69,4,1,1,3,293,174,467,275,0.0003,1,3.5,Chat
10840,20250109,1249,24,2,5,3,4,439,1852,2291,292,0.0012,1,,Completion
10841,20250316,1049,65,1,7,2,4,906,884,1790,726,0.0178,1,,Completion
10842,20250514,1132,56,4,7,2,2,153,316,469,272,0.0004,1,3.9,Completion
10843,20250423,1128,6,3,4,2,1,4816,1038,5854,680,0.03,1,,Chat
10844,20250427,1224,56,3,1,3,2,7578,200,7778,537,0.0257,1,,Chat
10845,20250304,1223,1,1,7,5,3,1806,1127,2933,345,0.0259,1,3.4,Chat
10846,20250208,1136,65,6,2,1,2,995,187,1182,240,0.0001,1,,Chat
10847,20250315,1457,34,1,2,1,2,502,783,1285,789,0.0143,1,,Vision
10848,20250616,1420,1,2,1,2,1,2399,611,3010,275,0.0007,1,3.6,Chat
10849,20250422,1222,67,2,1,3,2,3226,188,3414,253,0.0006,1,,Chat
10850,20250413,1258,40,2,6,1,4,951,2245,3196,304,0.0015,1,,Chat
10851,20250613,1244,1,2,5,1,2,788,108,896,261,0.0002,1,4.2,Chat
10852,20250415,2002,18,4,2,5,1,1206,940,2146,379,0.0015,1,,Chat
10853,20250518,1140,49,3,2,1,2,9063,111,9174,725,0.0289,1,,Chat
10854,20250615,524,10,5,6,1,3,142,731,873,212,0.0038,1,,Chat
10855,20250520,1832,42,1,2,5,4,152,553,705,373,0.0091,1,4.2,Chat
10856,20250517,1208,75,2,4,4,3,2679,1514,4193,330,0.0013,1,,Chat
10857,20250218,723,14,1,1,1,3,400,700,1100,466,0.0125,1,,Chat
10858,20250115,1655,73,5,1,3,2,3005,143,3148,192,0.0045,1,,Chat
10859,20250510,927,22,4,1,3,4,529,345,874,282,0.0006,1,4.4,Chat
10860,20250414,1742,62,5,3,5,2,947,314,1261,284,0.0028,1,,Completion
10861,20250303,1419,79,5,1,1,2,631,185,816,162,0.0017,1,,Chat
10862,20250321,1411,78,6,1,3,2,424,516,940,287,0.0002,1,4.3,Chat
10863,20250519,1459,18,1,1,3,2,3584,158,3742,1052,0.0203,1,4.4,Completion
10864,20250409,524,32,2,2,2,3,2454,391,2845,228,0.0006,1,,Chat
10865,20250608,816,26,3,3,1,1,735,515,1250,694,0.0099,1,3.3,Chat
10866,20250607,1909,70,2,6,1,4,710,433,1143,314,0.0004,1,,Completion
10867,20250503,1202,75,2,1,1,2,559,301,860,341,0.0003,1,,Chat
10868,20250622,1059,71,3,1,6,2,807,844,1651,405,0.0151,1,4.1,Chat
10869,20250601,1422,8,4,6,1,3,407,507,914,414,0.0007,1,,Chat
10870,20250226,1146,8,3,2,1,4,2857,728,3585,562,0.0195,1,4.4,Completion
10871,20250518,1451,43,1,3,4,4,4904,511,5415,947,0.0322,1,,Chat
10872,20250524,1302,53,3,5,3,3,326,523,849,310,0.0088,1,,Completion
10873,20250630,1206,30,1,7,1,3,938,3381,4319,1016,0.0554,1,,Completion
10874,20250408,1437,45,3,1,1,3,4497,412,4909,325,0.0197,1,4.4,Chat
10875,20250612,1631,80,6,3,1,2,920,148,1068,192,0.0001,1,3.7,Chat
10876,20250302,1732,30,3,5,2,3,248,1022,1270,578,0.0161,1,,Chat
10877,20250114,1629,13,1,1,2,3,3598,262,3860,390,0.0219,1,,Completion
10878,20250205,1908,13,1,2,1,2,1264,821,2085,857,0.0186,1,,Completion
10879,20250205,1028,49,1,3,4,3,3300,1105,4405,984,0.0331,1,,Embedding
10880,20250301,1920,58,2,5,2,4,704,626,1330,284,0.0005,1,,Chat
10881,20250218,1452,49,6,4,5,2,240,272,512,120,0.0001,1,,Chat
10882,20250521,1312,24,2,2,3,3,2182,639,2821,291,0.0007,1,4.3,Embedding
10883,20250602,1323,56,2,1,3,2,408,151,559,360,0.0002,1,3.9,Completion
10884,20250119,749,73,4,4,2,1,163,712,875,300,0.0009,1,,Vision
10885,20250324,1425,23,2,1,2,1,801,1823,2624,285,0.0012,1,4.2,Chat
10886,20250226,1536,79,2,1,4,2,4239,312,4551,449,0.0008,1,,Chat
10887,20250309,537,19,5,1,3,4,233,187,420,337,0.0012,1,,Chat
10888,20250203,2114,67,4,5,2,3,390,758,1148,499,0.001,1,,Chat
10889,20250605,2011,24,2,5,1,3,462,691,1153,313,0.0005,1,,Chat
10890,20250403,1148,26,5,5,4,2,977,220,1197,292,0.0023,1,,Chat
10891,20250402,821,43,1,6,3,3,229,458,687,722,0.008,1,3.9,Chat
10892,20250320,907,75,1,3,1,3,2267,626,2893,797,0.0207,1,3.5,Embedding
10893,20250126,1711,55,5,2,1,4,2228,551,2779,251,0.0055,1,,Chat
10894,20250630,1410,53,1,5,1,3,12000,1534,13534,666,0.083,1,4.9,Chat
10895,20250429,1324,39,2,3,3,2,388,120,508,447,0.0001,1,,Chat
10896,20250412,1527,40,5,7,1,2,212,296,508,404,0.0017,1,,Chat
10897,20250621,1212,19,1,4,1,1,593,844,1437,799,0.0156,1,,Completion
10898,20250609,1200,13,1,2,6,1,735,932,1667,394,0.0177,1,3.7,Embedding
10899,20250501,1130,42,1,1,3,2,1187,1214,2401,552,0.0241,0,4.8,Completion
10900,20250519,1634,75,2,3,1,3,1899,214,2113,595,0.0004,1,,Embedding
10901,20250123,1905,23,2,3,2,3,849,283,1132,225,0.0003,1,,Chat
10902,20250106,2000,46,1,2,1,3,1653,153,1806,260,0.0106,1,,Completion
10903,20250327,1427,57,3,6,2,3,1532,251,1783,305,0.0084,1,,Embedding
10904,20250617,622,60,4,1,3,3,335,242,577,347,0.0004,1,,Chat
10905,20250309,1314,44,1,1,1,3,3881,1069,4950,766,0.0354,1,4.7,Chat
10906,20250408,1735,31,4,1,1,3,190,209,399,515,0.0003,1,,Chat
10907,20250507,607,23,4,2,1,3,508,495,1003,120,0.0007,1,4.2,Chat
10908,20250521,1051,6,6,2,1,2,4009,381,4390,223,0.0004,1,4.9,Completion
10909,20250508,1450,10,2,7,1,1,395,1416,1811,182,0.0009,1,,Completion
10910,20250401,1120,13,2,2,2,4,173,256,429,262,0.0002,1,,Vision
10911,20250504,1858,4,1,1,2,1,484,952,1436,669,0.0167,1,,Vision
10912,20250113,659,43,2,3,3,4,346,172,518,444,0.0002,1,,Embedding
10913,20250630,1654,5,4,2,1,1,757,20,777,120,0.0002,1,4.4,Embedding
10914,20250508,1641,62,1,1,1,2,2927,297,3224,656,0.0191,1,4.1,Vision
10915,20250211,1339,39,4,5,4,2,774,240,1014,359,0.0005,0,4.7,Chat
10916,20250406,1859,53,2,7,2,3,280,119,399,201,0.0001,1,3.2,Chat
10917,20250106,1420,20,1,3,1,2,1911,1272,3183,870,0.0286,0,,Chat
10918,20250307,1514,75,1,1,1,2,1685,2882,4567,651,0.0517,1,3.6,Completion
10919,20250209,1604,25,4,4,2,2,887,285,1172,263,0.0006,1,5.0,Chat
10920,20250426,1907,14,6,1,3,2,613,244,857,207,0.0001,1,3.6,Completion
10921,20250405,1559,26,4,3,1,3,419,437,856,297,0.0007,1,4.9,Embedding
10922,20250312,1207,72,4,6,4,2,189,137,326,194,0.0002,1,4.0,Chat
10923,20250414,907,19,3,5,4,3,2111,4000,6111,533,0.0663,1,,Completion
10924,20250509,1234,55,1,1,1,3,746,1359,2105,746,0.0241,1,3.4,Chat
10925,20250415,1340,62,2,2,3,1,223,145,368,297,0.0001,1,,Chat
10926,20250528,1430,52,2,1,4,4,655,581,1236,160,0.0004,1,,Chat
10927,20250620,1521,28,2,1,1,3,831,146,977,220,0.0002,1,,Chat
10928,20250616,1600,65,1,1,2,4,428,4000,4428,776,0.0621,1,,Embedding
10929,20250127,1316,58,5,3,6,1,530,645,1175,239,0.0039,1,4.8,Embedding
10930,20250209,1243,34,1,1,2,3,5724,384,6108,680,0.0344,1,4.5,Chat
10931,20250507,1050,39,1,7,4,2,1735,1044,2779,1032,0.0243,1,3.8,Embedding
10932,20250511,1037,66,2,2,2,1,180,263,443,219,0.0002,1,,Chat
10933,20250205,1348,46,2,2,3,2,1063,2264,3327,235,0.0015,1,3.3,Embedding
10934,20250304,547,80,6,3,1,3,536,444,980,184,0.0002,1,,Chat
10935,20250206,1458,50,3,2,1,2,1536,770,2306,830,0.0162,1,,Embedding
10936,20250212,1326,63,5,2,2,2,1088,71,1159,185,0.0017,1,4.8,Completion
10937,20250514,1225,43,5,3,2,1,269,332,601,246,0.002,1,3.4,Completion
10938,20250403,1244,12,1,7,1,4,3241,651,3892,403,0.026,1,5.0,Chat
10939,20250511,1124,39,6,1,5,3,1310,391,1701,397,0.0002,1,4.5,Completion
10940,20250424,1711,16,4,2,1,4,468,1118,1586,428,0.0015,1,4.6,Chat
10941,20250422,632,71,3,7,5,1,1382,356,1738,590,0.0095,1,,Chat
10942,20250618,1011,56,4,1,2,2,285,710,995,165,0.001,1,,Chat
10943,20250123,1454,77,1,1,2,2,347,2010,2357,656,0.0319,1,4.0,Chat
10944,20250213,1649,9,3,1,2,4,1627,473,2100,665,0.012,1,,Completion
10945,20250327,2006,72,6,6,6,1,296,37,333,202,0.0,1,,Chat
10946,20250606,925,36,5,2,2,3,1589,284,1873,361,0.0034,1,,Chat
10947,20250510,1450,49,2,1,3,2,670,379,1049,425,0.0003,1,,Chat
10948,20250204,1433,43,1,2,6,3,4060,1624,5684,612,0.0447,1,,Chat
10949,20250318,1300,54,4,2,3,2,473,983,1456,187,0.0013,1,4.9,Vision
10950,20250101,1105,20,2,1,2,4,518,124,642,222,0.0002,1,3.3,Completion
10951,20250209,1839,75,1,6,1,2,2569,403,2972,832,0.0189,1,,Chat
10952,20250512,2219,56,6,3,2,3,881,1104,1985,363,0.0004,1,4.2,Vision
10953,20250621,1205,62,1,2,3,2,1631,992,2623,480,0.023,1,,Embedding
10954,20250604,332,2,1,7,2,4,581,77,658,479,0.0041,1,,Chat
10955,20250521,702,12,4,2,4,4,1468,120,1588,333,0.0005,1,,Chat
10956,20250609,1743,42,3,3,5,3,2701,102,2803,905,0.0096,1,4.4,Embedding
10957,20250426,1557,59,5,3,3,1,1371,1564,2935,357,0.0095,1,,Chat
10958,20250224,937,53,4,4,2,3,1197,92,1289,273,0.0004,1,3.6,Embedding
10959,20250205,1156,10,4,1,1,3,671,91,762,143,0.0003,1,,Completion
10960,20250505,1230,15,2,6,4,2,544,229,773,422,0.0002,1,,Completion
10961,20250323,1510,56,3,1,3,2,1990,418,2408,333,0.0122,1,,Chat
10962,20250226,1312,29,3,1,3,2,8162,744,8906,903,0.0356,1,,Completion
10963,20250519,1830,44,2,1,4,4,1100,398,1498,183,0.0004,1,3.4,Chat
10964,20250425,1317,56,4,1,1,2,480,437,917,141,0.0007,1,,Chat
10965,20250421,1149,9,3,1,2,3,2006,308,2314,441,0.0106,1,4.8,Chat
10966,20250209,1040,23,2,6,1,3,520,43,563,206,0.0001,1,3.8,Chat
10967,20250621,1700,63,1,2,1,2,1851,896,2747,234,0.0227,1,,Completion
10968,20250208,1240,77,2,5,2,2,599,490,1089,388,0.0004,1,,Completion
10969,20250204,1743,42,2,2,1,4,392,204,596,418,0.0002,1,4.0,Completion
10970,20250602,1253,53,3,1,2,3,453,494,947,956,0.0088,1,4.0,Chat
10971,20250202,1005,63,6,4,3,4,452,158,610,373,0.0001,1,,Completion
10972,20250208,1514,21,1,2,1,2,3380,2661,6041,305,0.0568,1,,Completion
10973,20250515,1042,17,3,4,2,4,868,642,1510,765,0.0122,1,3.8,Chat
10974,20250530,1206,80,2,7,4,1,356,744,1100,333,0.0005,1,,Chat
10975,20250608,1553,27,4,7,5,3,96,921,1017,298,0.0012,1,,Chat
10976,20250222,1309,14,3,3,1,2,590,329,919,447,0.0067,1,,Chat
10977,20250224,602,62,4,6,2,2,318,84,402,274,0.0002,1,3.6,Chat
10978,20250216,925,70,6,4,3,1,1282,80,1362,397,0.0001,1,,Chat
10979,20250305,1702,13,3,1,6,4,461,550,1011,455,0.0096,1,,Embedding
10980,20250416,1648,58,6,3,1,3,3360,901,4261,212,0.0005,1,,Completion
10981,20250315,1425,54,1,6,1,1,6138,990,7128,879,0.0455,1,4.9,Completion
10982,20250625,1622,31,4,4,2,3,712,311,1023,161,0.0006,1,3.7,Chat
10983,20250509,1042,48,3,4,2,3,543,431,974,672,0.0081,1,4.2,Embedding
10984,20250617,1346,48,2,3,2,3,807,580,1387,239,0.0005,1,,Embedding
10985,20250503,1617,33,4,2,1,3,1852,470,2322,226,0.0011,1,,Chat
10986,20250601,1731,8,2,6,4,1,1026,558,1584,430,0.0005,1,,Vision
10987,20250219,1622,75,2,6,2,2,2743,291,3034,237,0.0006,1,4.4,Chat
10988,20250223,1849,62,2,2,1,1,273,1644,1917,407,0.001,1,,Vision
10989,20250427,1438,44,4,2,2,1,1960,579,2539,153,0.0012,1,3.6,Chat
10990,20250302,1030,30,2,1,1,3,860,378,1238,408,0.0004,1,,Completion
10991,20250313,1512,18,4,1,6,2,212,207,419,352,0.0003,1,,Embedding
10992,20250130,620,10,1,2,1,1,326,422,748,860,0.008,1,4.1,Chat
10993,20250303,1313,47,2,4,5,3,1007,331,1338,266,0.0003,1,3.7,Completion
10994,20250611,1125,73,5,1,2,1,1416,113,1529,257,0.0023,1,3.9,Embedding
10995,20250407,1804,38,2,6,2,3,334,87,421,120,0.0001,1,,Completion
10996,20250502,1656,27,6,7,6,4,1287,246,1533,155,0.0002,1,,Embedding
10997,20250531,1342,8,1,1,3,2,4350,180,4530,890,0.0244,1,3.7,Completion
10998,20250629,743,75,1,7,2,2,429,667,1096,865,0.0122,1,4.2,Completion
10999,20250309,1957,61,1,7,4,3,3611,2629,6240,691,0.0575,1,,Completion
11000,20250217,1123,26,6,2,4,3,1930,1052,2982,371,0.0005,1,3.7,Embedding
11001,20250602,1625,41,2,3,5,2,2328,441,2769,277,0.0006,1,3.4,Embedding
11002,20250125,1620,15,1,1,3,2,2159,1395,3554,619,0.0317,1,,Chat
11003,20250617,1754,48,1,3,2,4,3157,737,3894,479,0.0268,1,,Chat
11004,20250325,1804,9,5,1,5,3,223,146,369,296,0.001,0,3.5,Completion
11005,20250116,310,48,1,4,1,2,6266,610,6876,1000,0.0405,1,,Embedding
11006,20250609,2113,2,3,2,1,2,1147,2167,3314,408,0.0359,1,,Vision
11007,20250525,1547,23,3,1,2,4,834,1166,2000,850,0.02,1,,Embedding
11008,20250302,1308,20,3,1,4,2,2309,1476,3785,692,0.0291,1,,Vision
11009,20250129,14,75,2,1,2,2,587,1349,1936,392,0.0009,1,3.4,Completion
11010,20250518,658,26,4,1,5,2,2549,822,3371,291,0.0017,1,4.9,Chat
11011,20250312,1556,46,2,3,2,2,1036,1063,2099,239,0.0008,1,,Completion
11012,20250314,2057,15,2,4,4,2,250,73,323,338,0.0001,1,4.1,Chat
11013,20250101,1947,33,2,2,1,3,565,48,613,133,0.0001,1,,Chat
11014,20250520,1532,36,6,2,2,2,659,984,1643,287,0.0003,1,4.3,Completion
11015,20250323,1100,35,1,7,1,3,1824,1579,3403,957,0.0328,1,,Embedding
11016,20250127,1357,73,4,1,1,2,706,640,1346,206,0.001,1,4.9,Vision
11017,20250104,1609,19,1,1,1,3,1062,560,1622,650,0.0137,1,,Chat
11018,20250515,1423,44,4,5,2,2,3723,221,3944,239,0.0012,1,,Embedding
11019,20250602,1911,73,1,2,4,1,2089,1247,3336,415,0.0291,1,,Chat
11020,20250409,1459,12,3,4,5,3,3012,317,3329,792,0.0138,1,3.6,Chat
11021,20250505,1300,76,5,1,3,4,372,781,1153,391,0.0044,1,3.4,Embedding
11022,20250309,1447,52,2,3,1,3,997,1018,2015,241,0.0008,1,3.6,Chat
11023,20250604,1555,75,1,4,6,2,910,228,1138,560,0.008,1,3.8,Vision
11024,20250608,929,54,5,7,1,2,975,171,1146,143,0.0021,1,,Vision
11025,20250304,1632,40,6,2,1,2,1224,249,1473,348,0.0002,1,,Embedding
11026,20250219,1003,19,1,7,6,3,923,886,1809,885,0.0179,1,,Chat
11027,20250125,1221,1,5,2,3,1,389,761,1150,340,0.0043,1,,Chat
11028,20250625,1439,56,1,7,1,1,4363,3826,8189,733,0.0792,1,,Chat
11029,20250114,1148,77,2,3,2,3,1040,164,1204,401,0.0003,1,,Embedding
11030,20250428,1120,5,2,1,2,2,559,162,721,297,0.0002,1,,Vision
11031,20250530,1433,73,1,1,4,3,2814,674,3488,660,0.0242,1,,Completion
11032,20250201,1114,35,4,7,2,4,514,101,615,416,0.0003,1,,Chat
11033,20250421,1334,46,3,1,1,4,6909,536,7445,217,0.0288,1,,Chat
11034,20250106,1223,65,3,1,4,3,1335,640,1975,803,0.0136,1,,Chat
11035,20250326,1429,71,5,2,1,1,491,151,642,240,0.0014,1,,Chat
11036,20250504,1658,12,5,1,6,2,1440,186,1626,378,0.0027,1,,Embedding
11037,20250215,1606,72,4,1,1,4,299,407,706,316,0.0006,1,4.5,Embedding
11038,20250624,948,2,3,5,1,3,344,944,1288,546,0.0152,1,,Chat
11039,20250109,2010,58,1,5,1,2,7488,942,8430,866,0.0516,1,4.7,Chat
11040,20250602,944,2,3,7,1,1,353,526,879,357,0.0089,1,5.0,Chat
11041,20250306,1536,58,5,1,2,4,328,388,716,263,0.0024,1,,Chat
11042,20250126,1615,15,1,2,2,2,1856,410,2266,338,0.0154,1,3.4,Embedding
11043,20250622,1442,4,4,5,6,3,138,952,1090,331,0.0012,1,,Chat
11044,20250419,1707,80,4,2,3,3,277,447,724,214,0.0006,1,,Chat
11045,20250620,1435,43,1,2,1,3,493,555,1048,336,0.0108,1,,Completion
11046,20250513,1321,38,1,7,3,2,258,3164,3422,686,0.0488,1,4.9,Vision
11047,20250410,1418,15,1,3,2,2,2633,175,2808,472,0.0158,1,,Chat
11048,20250105,1612,3,2,7,1,4,769,179,948,343,0.0002,1,,Chat
11049,20250613,1528,34,6,1,3,3,1048,460,1508,213,0.0002,1,,Chat
11050,20250421,1351,45,5,3,1,2,125,213,338,255,0.0012,1,3.3,Completion
11051,20250615,1637,29,4,2,6,3,1054,174,1228,204,0.0005,1,,Completion
11052,20250503,1919,19,1,5,3,2,998,670,1668,828,0.015,1,,Chat
11053,20250512,1329,20,3,3,3,2,1150,446,1596,534,0.0101,1,3.7,Chat
11054,20250103,1450,15,2,2,1,2,128,242,370,332,0.0002,1,,Completion
11055,20250221,1545,26,2,1,3,2,2368,673,3041,320,0.0008,1,4.4,Chat
11056,20250508,1452,45,3,5,3,3,848,970,1818,723,0.0171,1,,Chat
11057,20250402,1259,72,1,1,3,2,562,572,1134,912,0.0114,1,4.1,Completion
11058,20250131,1427,17,4,1,5,3,682,473,1155,327,0.0008,1,4.3,Chat
11059,20250508,1415,60,1,4,1,3,1284,371,1655,878,0.012,1,,Chat
11060,20250223,1237,69,1,1,1,3,6453,696,7149,661,0.0427,1,4.5,Chat
11061,20250205,1710,68,2,1,6,4,369,537,906,291,0.0004,1,3.6,Chat
11062,20250620,1513,74,1,4,1,3,676,311,987,233,0.008,1,,Vision
11063,20250509,1236,13,5,2,1,2,420,187,607,268,0.0015,1,3.7,Embedding
11064,20250428,1451,4,5,1,5,3,1042,534,1576,343,0.004,1,,Chat
11065,20250316,1617,35,1,7,5,3,1763,634,2397,861,0.0183,1,4.0,Chat
11066,20250610,1658,44,5,5,4,3,175,285,460,120,0.0016,1,4.6,Chat
11067,20250404,652,34,1,6,4,2,805,532,1337,553,0.012,1,,Chat
11068,20250608,659,59,2,5,6,4,1336,181,1517,327,0.0003,1,3.4,Chat
11069,20250228,1126,17,6,3,3,2,425,477,902,245,0.0002,1,,Chat
11070,20250324,1430,40,1,1,3,3,1767,155,1922,758,0.0112,1,,Embedding
11071,20250613,1043,3,2,3,2,3,244,178,422,359,0.0001,1,,Completion
11072,20250304,704,70,2,2,3,2,1194,440,1634,287,0.0004,1,,Embedding
11073,20250626,1413,69,1,3,1,3,1002,1150,2152,552,0.0223,1,,Chat
11074,20250316,728,43,2,2,6,1,620,652,1272,328,0.0005,1,,Completion
11075,20250508,2109,5,1,6,1,2,1039,516,1555,596,0.0129,1,,Vision
11076,20250622,1055,14,1,2,1,4,834,224,1058,128,0.0075,1,,Completion
11077,20250207,1149,33,2,6,1,4,679,564,1243,223,0.0004,1,4.1,Chat
11078,20250226,1121,19,2,1,1,2,1681,106,1787,263,0.0003,1,,Chat
11079,20250602,1732,24,1,1,2,4,659,140,799,1038,0.0054,1,3.2,Chat
11080,20250529,1739,30,1,1,4,2,3072,552,3624,795,0.0236,1,3.2,Chat
11081,20250407,442,58,1,6,1,2,864,1480,2344,332,0.0265,1,4.5,Chat
11082,20250424,1215,9,5,1,3,1,886,169,1055,280,0.002,0,,Chat
11083,20250406,1517,17,4,1,1,2,872,234,1106,198,0.0005,0,4.7,Completion
11084,20250323,1555,48,3,2,1,3,1880,792,2672,676,0.0175,1,3.8,Chat
11085,20250619,1513,13,1,1,3,4,3219,807,4026,672,0.0282,1,,Completion
11086,20250505,1145,45,1,1,3,2,5355,207,5562,603,0.0299,1,,Chat
11087,20250217,1118,52,4,1,5,1,128,446,574,260,0.0006,1,,Embedding
11088,20250630,1417,12,4,1,1,3,566,626,1192,366,0.0009,1,3.3,Chat
11089,20250124,911,78,6,1,1,3,3257,269,3526,337,0.0003,1,,Vision
11090,20250127,1434,32,3,1,1,3,1488,1021,2509,949,0.0198,1,4.0,Chat
11091,20250624,1750,13,4,7,6,3,534,307,841,224,0.0005,1,3.7,Chat
11092,20250217,1629,52,1,7,1,3,2416,434,2850,951,0.0186,1,,Chat
11093,20250330,1801,67,4,4,1,4,3432,168,3600,270,0.0011,1,,Chat
11094,20250331,1341,33,4,5,1,4,6928,333,7261,403,0.0021,1,3.7,Chat
11095,20250207,1811,34,1,3,3,2,1231,634,1865,768,0.0157,1,4.8,Embedding
11096,20250604,1939,40,4,1,1,2,569,214,783,371,0.0004,1,3.4,Chat
11097,20250618,954,13,4,3,2,3,835,813,1648,322,0.0012,1,4.9,Vision
11098,20250509,1112,23,2,3,1,2,270,905,1175,262,0.0006,1,,Chat
11099,20250225,1031,1,5,4,1,3,1853,652,2505,176,0.0056,1,,Embedding
11100,20250509,42,72,2,1,5,3,408,643,1051,474,0.0004,1,,Chat
11101,20250511,1739,61,2,2,3,3,839,97,936,480,0.0002,1,3.4,Chat
11102,20250416,1749,25,3,7,1,3,325,2610,2935,663,0.0401,1,3.6,Completion
11103,20250308,1226,40,1,1,2,3,755,708,1463,833,0.0144,1,3.6,Completion
11104,20250515,1202,61,1,6,3,3,1521,4000,5521,758,0.0676,1,,Chat
11105,20250318,1724,45,1,6,5,4,513,165,678,983,0.005,1,4.8,Completion
11106,20250227,1826,36,2,4,1,2,3110,308,3418,402,0.0007,1,,Chat
11107,20250121,332,8,1,2,1,3,2301,1605,3906,493,0.0356,1,3.7,Chat
11108,20250502,1805,70,2,2,2,2,565,308,873,254,0.0003,1,3.9,Completion
11109,20250305,2007,20,2,5,4,4,441,202,643,195,0.0002,1,3.4,Completion
11110,20250226,1249,52,6,1,1,3,792,568,1360,206,0.0002,1,,Chat
11111,20250529,1534,13,4,4,1,4,1153,149,1302,286,0.0005,1,,Completion
11112,20250302,1352,40,3,1,1,4,1442,363,1805,619,0.0098,1,3.4,Chat
11113,20250409,1431,7,1,1,1,3,8639,627,9266,954,0.0526,1,4.1,Vision
11114,20250415,1958,45,1,5,1,3,358,456,814,972,0.0086,1,4.1,Embedding
11115,20250415,1409,8,3,1,4,2,1192,1227,2419,892,0.022,1,,Chat
11116,20250416,1332,37,3,2,3,2,1014,63,1077,660,0.004,1,4.6,Vision
11117,20250512,1224,46,5,4,5,4,268,277,545,239,0.0017,1,,Completion
11118,20250517,1440,13,1,3,4,4,1013,920,1933,689,0.0189,1,,Chat
11119,20250320,1936,50,1,1,1,3,785,3264,4049,892,0.0529,1,4.5,Chat
11120,20250225,1901,67,1,1,1,1,1724,460,2184,527,0.0155,1,,Vision
11121,20250317,2153,54,4,3,4,4,1784,140,1924,375,0.0006,1,3.5,Completion
11122,20250415,1028,16,3,1,5,2,1852,1319,3171,981,0.0253,1,4.8,Vision
11123,20250328,1452,57,3,1,1,4,1171,627,1798,892,0.0129,1,,Embedding
11124,20250619,1736,23,4,3,2,2,655,67,722,120,0.0002,1,3.2,Completion
11125,20250123,1431,15,5,5,1,4,229,210,439,257,0.0013,1,,Chat
11126,20250213,2256,3,5,1,1,3,742,609,1351,329,0.004,1,,Chat
11127,20250121,459,27,4,1,3,2,464,117,581,449,0.0003,1,,Chat
11128,20250106,607,49,1,2,3,4,879,469,1348,425,0.0114,1,,Chat
11129,20250124,1416,69,3,7,4,1,1283,702,1985,764,0.0144,1,3.8,Chat
11130,20250613,1430,71,1,1,1,3,1959,1731,3690,274,0.0358,1,4.1,Chat
11131,20250601,1649,76,3,6,1,3,470,326,796,677,0.0063,1,5.0,Chat
11132,20250115,1506,72,2,1,1,3,1070,147,1217,439,0.0002,1,,Chat
11133,20250316,1230,73,1,3,3,2,652,179,831,338,0.0059,1,3.9,Chat
11134,20250616,851,11,5,1,2,2,882,552,1434,195,0.0039,1,,Vision
11135,20250130,905,25,6,3,1,4,549,358,907,305,0.0001,1,3.6,Chat
11136,20250202,1040,38,2,1,3,2,572,1251,1823,162,0.0008,1,,Completion
11137,20250419,1312,8,6,2,1,2,1043,145,1188,339,0.0001,1,,Chat
11138,20250209,834,26,5,3,5,3,1177,342,1519,140,0.0032,1,,Chat
11139,20250419,1619,28,5,1,1,2,296,289,585,341,0.0018,1,,Chat
11140,20250623,1051,68,3,7,1,4,789,1754,2543,179,0.0287,1,4.9,Chat
11141,20250213,1941,50,5,6,3,2,178,182,360,307,0.0011,1,4.3,Embedding
11142,20250520,1649,46,1,1,5,3,1804,629,2433,550,0.0185,1,,Completion
11143,20250615,2042,50,2,4,1,1,1333,897,2230,238,0.0007,1,4.2,Chat
11144,20250309,429,2,4,5,2,4,1665,447,2112,297,0.001,1,,Vision
11145,20250516,1100,22,2,1,3,3,486,198,684,284,0.0002,1,,Chat
11146,20250407,945,56,1,3,1,4,2871,4000,6871,514,0.0744,1,4.6,Chat
11147,20250626,725,75,3,1,1,2,1209,811,2020,753,0.0158,1,,Chat
11148,20250111,2019,66,6,1,4,4,1386,70,1456,158,0.0001,1,,Embedding
11149,20250602,1525,13,4,4,2,3,441,1197,1638,188,0.0016,1,4.0,Chat
11150,20250111,1738,9,3,6,1,2,699,772,1471,461,0.0137,1,,Chat
11151,20250123,1642,71,1,1,1,2,3915,765,4680,1084,0.0311,1,,Chat
11152,20250623,1131,20,1,2,3,3,1477,1344,2821,433,0.0275,1,,Embedding
11153,20250629,1413,21,2,5,2,2,1209,727,1936,391,0.0006,1,,Chat
11154,20250204,1015,29,4,6,3,2,862,108,970,209,0.0004,1,,Chat
11155,20250306,1305,12,4,3,1,3,1862,517,2379,283,0.0011,1,4.0,Embedding
11156,20250616,1531,4,2,2,1,3,1063,451,1514,223,0.0004,1,4.2,Chat
11157,20250107,1041,59,1,1,4,2,1071,283,1354,791,0.0096,1,4.9,Embedding
11158,20250211,2036,12,5,1,3,3,1104,70,1174,217,0.0017,1,,Completion
11159,20250620,1440,31,3,3,4,3,319,619,938,756,0.0102,1,,Completion
11160,20250416,1910,6,4,4,4,2,3418,119,3537,268,0.001,1,,Chat
11161,20250117,1317,6,3,2,4,1,656,660,1316,631,0.0119,1,,Embedding
11162,20250604,1659,78,3,2,1,3,5201,682,5883,538,0.0258,1,,Completion
11163,20250619,907,39,3,1,1,2,10326,1424,11750,740,0.0523,1,4.4,Chat
11164,20250512,1344,3,2,1,1,4,2837,288,3125,120,0.0006,1,,Chat
11165,20250312,1529,69,2,6,1,2,220,415,635,411,0.0003,1,3.4,Chat
11166,20250503,745,8,1,5,1,3,544,1368,1912,536,0.0232,1,,Chat
11167,20250603,1502,22,2,4,2,2,968,703,1671,216,0.0006,1,,Embedding
11168,20250613,332,44,1,1,4,4,1991,135,2126,862,0.012,1,3.6,Chat
11169,20250305,1356,1,1,2,5,3,996,1159,2155,253,0.0224,1,,Chat
11170,20250313,1353,49,4,7,2,4,995,409,1404,232,0.0008,1,,Chat
11171,20250529,1247,15,5,1,3,3,2667,717,3384,214,0.0069,1,3.7,Chat
11172,20250117,1911,50,3,3,5,3,2850,957,3807,769,0.0229,1,,Chat
11173,20250116,916,48,4,5,2,2,2577,741,3318,304,0.0016,1,,Chat
11174,20250327,1430,69,2,2,6,4,612,203,815,332,0.0002,1,3.5,Chat
11175,20250117,1040,39,2,1,2,1,761,358,1119,317,0.0003,1,4.6,Chat
11176,20250209,1721,40,5,3,3,2,956,595,1551,120,0.0042,1,,Chat
11177,20250109,1515,15,3,5,3,3,1443,856,2299,529,0.0172,1,,Chat
11178,20250609,1829,16,4,2,5,2,833,175,1008,224,0.0004,0,4.9,Embedding
11179,20250529,1707,75,2,5,3,4,615,328,943,260,0.0003,1,,Chat
11180,20250213,1829,54,2,2,3,2,1026,120,1146,184,0.0002,1,,Chat
11181,20250630,1432,12,2,4,1,3,372,52,424,206,0.0001,1,,Completion
11182,20250327,1213,50,2,4,3,2,464,609,1073,120,0.0004,1,,Completion
11183,20250403,1028,55,5,1,3,4,1361,187,1548,161,0.0026,1,,Chat
11184,20250404,1102,66,5,1,4,3,993,266,1259,208,0.0026,1,,Chat
11185,20250322,1508,15,2,4,1,4,932,112,1044,289,0.0002,1,4.1,Chat
11186,20250607,817,7,1,6,1,2,4316,1938,6254,584,0.0507,1,5.0,Chat
11187,20250326,1801,43,5,2,4,2,336,293,629,222,0.0019,1,,Chat
11188,20250205,1320,5,4,3,1,3,706,329,1035,271,0.0006,1,,Embedding
11189,20250101,1450,80,2,2,4,3,2058,59,2117,468,0.0003,1,3.9,Embedding
11190,20250507,1257,21,2,3,2,3,620,1022,1642,339,0.0007,1,,Vision
11191,20250404,1644,25,3,6,1,2,4654,514,5168,859,0.0217,1,,Chat
11192,20250405,847,43,2,4,2,3,968,532,1500,392,0.0005,1,4.5,Chat
11193,20250228,1656,38,2,1,1,3,799,252,1051,247,0.0003,1,4.3,Chat
11194,20250401,1211,13,3,2,3,4,365,3153,3518,877,0.0484,1,,Embedding
11195,20250307,1501,52,1,1,1,3,3025,1230,4255,424,0.0336,1,,Chat
11196,20250609,1633,30,2,5,5,3,2085,185,2270,129,0.0004,1,,Embedding
11197,20250222,948,24,1,1,1,1,1216,188,1404,610,0.0089,1,3.7,Chat
11198,20250401,1106,47,2,7,1,3,664,214,878,276,0.0002,1,,Completion
11199,20250104,1632,77,4,1,5,2,280,419,699,196,0.0006,1,3.2,Completion
11200,20250623,1356,66,5,4,3,2,617,446,1063,298,0.003,1,5.0,Chat
11201,20250521,1826,41,5,2,1,4,649,193,842,371,0.0018,1,,Completion
11202,20250121,1511,71,1,4,3,1,3242,537,3779,352,0.0243,1,,Chat
11203,20250517,2206,36,2,1,4,2,386,123,509,350,0.0001,1,3.7,Chat
11204,20250629,1040,3,1,6,3,4,904,677,1581,617,0.0147,1,,Chat
11205,20250225,1252,77,2,2,3,3,2781,300,3081,191,0.0006,1,4.7,Chat
11206,20250110,1738,7,1,1,1,2,650,542,1192,444,0.0114,1,,Chat
11207,20250618,1434,72,1,1,1,2,1393,585,1978,684,0.0157,1,4.7,Chat
11208,20250130,1739,28,2,3,1,3,1252,136,1388,213,0.0003,1,,Vision
11209,20250626,1742,45,6,1,1,1,328,501,829,362,0.0002,1,,Completion
11210,20250401,718,80,2,6,2,3,461,660,1121,265,0.0005,1,,Chat
11211,20250108,1257,45,1,6,4,3,3075,1717,4792,495,0.0411,0,,Embedding
11212,20250619,2133,66,5,4,1,2,133,91,224,235,0.0006,1,4.5,Completion
11213,20250228,1214,7,2,4,2,3,512,209,721,208,0.0002,1,,Chat
11214,20250505,1327,21,3,1,3,3,742,1150,1892,656,0.0195,1,,Vision
11215,20250618,1337,15,1,1,2,1,1246,1734,2980,540,0.0322,1,3.7,Completion
11216,20250325,814,20,6,1,1,1,275,270,545,327,0.0001,1,,Completion
11217,20250224,1746,69,4,2,4,2,2932,619,3551,193,0.0015,1,,Chat
11218,20250322,1308,1,1,2,1,2,153,447,600,512,0.0075,1,4.8,Chat
11219,20250208,404,29,4,1,2,4,4432,239,4671,120,0.0014,1,,Vision
11220,20250225,1236,78,1,5,1,2,6979,3683,10662,663,0.0901,1,4.6,Completion
11221,20250305,1430,41,3,5,3,4,4562,521,5083,754,0.0215,1,,Chat
11222,20250531,1740,77,2,1,1,4,252,1219,1471,193,0.0008,1,,Completion
11223,20250208,1106,60,1,3,3,2,1480,1469,2949,804,0.0294,1,,Embedding
11224,20250406,1356,61,3,1,1,4,1779,1668,3447,651,0.0304,1,,Completion
11225,20250317,1013,35,2,2,2,2,386,715,1101,200,0.0005,1,,Chat
11226,20250407,741,77,3,1,5,2,988,560,1548,845,0.0114,1,,Chat
11227,20250307,836,19,2,5,2,4,908,878,1786,199,0.0007,1,,Chat
11228,20250220,1400,74,5,2,1,3,96,693,789,357,0.0036,1,4.4,Embedding
11229,20250611,1318,13,2,2,5,1,201,582,783,255,0.0004,1,4.4,Chat
11230,20250126,225,53,3,1,3,1,2916,1817,4733,954,0.036,1,3.7,Chat
11231,20250527,826,66,1,4,3,3,197,407,604,767,0.0071,1,,Completion
11232,20250612,1014,24,1,1,3,2,272,1197,1469,571,0.0193,1,,Chat
11233,20250513,1623,69,3,1,2,4,1360,513,1873,635,0.0118,1,,Embedding
11234,20250312,1234,5,3,1,1,4,846,211,1057,759,0.0057,1,3.8,Chat
11235,20250529,1853,52,4,2,3,2,423,1613,2036,316,0.0021,1,,Completion
11236,20250225,1555,13,1,3,6,3,2578,1519,4097,546,0.0357,1,,Chat
11237,20250218,1625,57,3,3,3,2,3814,419,4233,651,0.0177,1,,Chat
11238,20250507,1008,68,2,2,4,3,426,245,671,191,0.0002,1,3.7,Completion
11239,20250514,1346,31,2,2,2,2,895,475,1370,200,0.0004,1,,Embedding
11240,20250102,1155,31,2,4,1,4,1430,196,1626,360,0.0003,1,,Chat
11241,20250501,1128,75,2,5,1,1,933,626,1559,120,0.0005,1,,Chat
11242,20250610,1717,28,5,2,2,2,2150,254,2404,313,0.004,1,3.5,Vision
11243,20250426,1011,28,5,6,1,4,922,2675,3597,120,0.0145,1,3.7,Chat
11244,20250313,1125,32,2,2,2,2,1362,965,2327,144,0.0008,1,3.5,Embedding
11245,20250228,1114,65,6,5,2,2,394,189,583,268,0.0001,1,,Chat
11246,20250615,801,38,3,3,2,4,1038,247,1285,634,0.0068,1,,Chat
11247,20250124,1154,32,2,4,4,3,571,136,707,373,0.0002,1,,Chat
11248,20250228,1209,38,2,2,2,3,673,291,964,280,0.0003,1,,Chat
11249,20250425,1446,62,4,3,2,4,1372,259,1631,209,0.0007,1,4.7,Chat
11250,20250618,1457,15,5,7,1,3,383,309,692,176,0.002,1,3.4,Completion
11251,20250104,1824,15,1,7,1,2,613,1880,2493,636,0.0313,1,3.8,Completion
11252,20250105,1728,80,6,1,1,3,333,62,395,120,0.0,1,,Completion
11253,20250321,31,36,5,1,1,3,388,838,1226,152,0.0047,1,4.7,Completion
11254,20250108,1408,11,3,4,5,1,1897,4000,5897,577,0.0657,1,3.9,Chat
11255,20250623,1134,73,3,3,1,3,1902,250,2152,743,0.0095,1,4.8,Chat
11256,20250111,1319,17,2,1,4,2,337,502,839,290,0.0004,1,,Chat
11257,20250303,1726,51,6,1,5,3,2943,215,3158,239,0.0003,1,,Vision
11258,20250204,841,34,1,1,4,1,2255,326,2581,728,0.0162,1,,Chat
11259,20250108,1812,57,1,2,2,4,675,383,1058,880,0.0091,1,,Chat
11260,20250621,1612,21,1,1,1,2,2444,414,2858,323,0.0184,1,,Chat
11261,20250604,1159,13,4,3,1,3,268,541,809,307,0.0007,1,,Vision
11262,20250406,1152,15,2,3,2,2,452,494,946,248,0.0004,1,,Chat
11263,20250412,1113,62,3,6,1,3,9687,357,10044,802,0.0344,1,3.9,Embedding
11264,20250630,1517,66,1,5,1,3,291,315,606,836,0.0062,1,,Chat
11265,20250123,1306,73,1,2,6,1,309,875,1184,517,0.0147,1,,Chat
11266,20250412,1500,14,2,1,6,2,7472,457,7929,339,0.0014,1,,Completion
11267,20250512,1213,60,2,1,2,4,242,788,1030,220,0.0005,1,4.2,Completion
11268,20250307,1352,13,3,2,4,3,8050,436,8486,926,0.0307,1,,Completion
11269,20250106,1521,30,2,5,1,3,404,441,845,209,0.0003,1,,Vision
11270,20250413,1759,53,5,1,5,2,2043,344,2387,411,0.0043,1,,Chat
11271,20250104,1414,64,2,1,4,3,1514,4000,5514,522,0.0026,1,,Chat
11272,20250501,1335,13,1,2,2,3,1796,221,2017,831,0.0123,1,,Chat
11273,20250127,1555,73,2,6,1,1,331,905,1236,253,0.0006,1,,Chat
11274,20250523,1106,31,5,3,4,2,952,222,1174,276,0.0023,1,,Completion
11275,20250127,2037,14,4,7,2,1,382,586,968,222,0.0008,1,5.0,Chat
11276,20250209,1042,13,6,3,4,4,618,3234,3852,356,0.001,1,,Completion
11277,20250401,1552,16,1,2,1,2,792,417,1209,312,0.0102,1,,Chat
11278,20250129,2142,27,2,4,2,3,847,385,1232,299,0.0004,1,4.9,Chat
11279,20250207,2247,80,6,1,5,1,870,280,1150,456,0.0001,1,4.5,Chat
11280,20250203,1347,9,3,2,1,4,246,141,387,606,0.0029,1,3.9,Vision
11281,20250131,1508,78,6,1,6,3,1393,151,1544,257,0.0001,1,,Chat
11282,20250307,1038,39,6,1,3,2,1812,982,2794,471,0.0004,1,3.4,Chat
11283,20250107,1510,18,5,5,4,4,3564,183,3747,301,0.0054,1,,Completion
11284,20250225,911,59,2,6,1,3,1114,420,1534,120,0.0004,1,,Chat
11285,20250324,1809,51,3,6,3,4,3150,355,3505,713,0.0148,1,,Chat
11286,20250420,831,56,5,5,5,1,332,1364,1696,166,0.0072,1,3.7,Completion
11287,20250610,1401,36,5,2,2,2,189,440,629,335,0.0024,1,,Completion
11288,20250413,1649,72,5,6,4,4,1013,1110,2123,225,0.0068,1,3.7,Chat
11289,20250412,922,21,2,6,4,2,392,105,497,287,0.0001,0,,Completion
11290,20250430,1359,52,6,1,1,1,1022,83,1105,278,0.0001,1,3.7,Vision
11291,20250614,1846,53,2,5,3,3,1113,65,1178,278,0.0002,1,5.0,Chat
11292,20250424,1122,71,1,4,4,1,1356,419,1775,1045,0.0131,1,,Embedding
11293,20250511,1420,76,5,4,1,2,884,318,1202,326,0.0027,1,,Chat
11294,20250103,1351,48,1,5,4,4,2903,414,3317,963,0.0207,1,,Chat
11295,20250528,1524,38,2,2,1,4,579,675,1254,328,0.0005,1,,Chat
11296,20250109,1755,40,2,4,2,2,718,269,987,293,0.0003,1,3.4,Chat
11297,20250205,1151,40,1,1,5,2,3566,2430,5996,781,0.0543,1,,Chat
11298,20250602,1946,30,6,1,4,2,1833,262,2095,361,0.0002,1,,Chat
11299,20250207,813,8,1,4,2,2,1613,195,1808,625,0.011,1,,Completion
11300,20250122,859,9,2,2,3,2,1780,236,2016,368,0.0004,1,,Chat
11301,20250222,1304,16,1,7,2,3,211,379,590,529,0.0067,1,3.6,Chat
11302,20250426,1347,29,5,1,4,3,2584,1370,3954,257,0.0101,1,,Chat
11303,20250102,813,46,5,1,3,2,340,496,836,269,0.0029,1,3.8,Chat
11304,20250113,750,20,1,1,3,2,809,2092,2901,716,0.0354,1,,Chat
11305,20250222,1400,4,2,1,1,3,468,223,691,333,0.0002,1,3.3,Chat
11306,20250302,1425,34,5,1,1,2,1331,525,1856,281,0.0043,1,4.7,Embedding
11307,20250524,1558,1,3,5,2,2,740,574,1314,955,0.0108,1,,Completion
11308,20250420,1401,45,3,2,2,4,1077,735,1812,384,0.0143,1,4.1,Embedding
11309,20250328,1432,16,1,1,1,1,7303,279,7582,710,0.0407,1,3.8,Embedding
11310,20250407,1322,79,1,2,4,2,1275,564,1839,812,0.0148,1,,Chat
11311,20250308,948,63,2,1,1,2,1236,350,1586,120,0.0004,1,,Chat
11312,20250222,1545,26,2,1,3,3,736,157,893,295,0.0002,1,,Embedding
11313,20250225,840,66,4,6,1,2,359,340,699,120,0.0005,1,4.6,Chat
11314,20250108,948,35,1,1,2,3,491,648,1139,750,0.0122,1,4.3,Vision
11315,20250118,1013,59,6,2,1,3,283,371,654,290,0.0001,1,,Chat
11316,20250414,1107,25,2,1,1,1,3449,386,3835,263,0.0007,1,3.6,Completion
11317,20250119,1253,51,2,1,5,1,1649,524,2173,120,0.0006,1,4.5,Completion
11318,20250422,1130,61,5,2,1,3,444,326,770,341,0.0022,1,,Chat
11319,20250114,923,59,2,1,4,2,619,1400,2019,282,0.0009,1,,Chat
11320,20250409,1147,58,2,5,1,4,200,218,418,174,0.0002,1,,Chat
11321,20250111,1204,8,1,1,4,1,2303,623,2926,540,0.0209,1,,Chat
11322,20250624,614,25,1,2,1,3,3077,430,3507,674,0.0218,1,,Completion
11323,20250621,1018,16,1,1,3,3,889,346,1235,346,0.0096,1,4.1,Chat
11324,20250225,1003,71,3,1,1,2,1319,799,2118,494,0.0159,1,,Embedding
11325,20250301,902,23,2,4,3,2,482,640,1122,187,0.0005,1,,Chat
11326,20250123,1431,13,2,1,5,4,367,861,1228,230,0.0006,1,,Completion
11327,20250117,1631,66,1,5,1,2,3696,2602,6298,342,0.0575,1,,Completion
11328,20250204,849,42,4,1,6,2,1898,773,2671,219,0.0014,1,3.4,Chat
11329,20250513,107,46,5,1,1,4,715,90,805,198,0.0013,1,,Completion
11330,20250129,1440,64,5,5,1,2,883,1266,2149,243,0.0074,1,,Completion
11331,20250613,1051,74,4,6,1,2,1518,455,1973,244,0.0009,1,4.5,Embedding
11332,20250405,1410,41,4,3,2,2,473,594,1067,445,0.0009,1,4.9,Chat
11333,20250202,1103,32,2,6,1,3,971,89,1060,174,0.0002,1,4.2,Embedding
11334,20250609,1601,6,6,7,4,3,624,128,752,280,0.0001,1,,Chat
11335,20250317,1704,68,5,6,1,2,180,1457,1637,336,0.0075,1,,Chat
11336,20250608,1638,53,4,1,2,2,664,1458,2122,374,0.002,1,,Vision
11337,20250517,1212,67,1,1,5,1,2856,299,3155,586,0.0188,1,3.6,Chat
11338,20250525,1957,66,1,1,1,3,1973,1128,3101,916,0.0268,1,,Chat
11339,20250303,1633,28,4,2,3,4,320,1355,1675,330,0.0018,1,4.1,Completion
11340,20250129,1656,69,3,1,1,3,1416,1728,3144,1085,0.0302,1,,Embedding
11341,20250517,1227,57,4,2,1,1,1735,340,2075,120,0.0009,1,,Chat
11342,20250214,808,40,2,5,2,3,974,779,1753,339,0.0006,1,3.7,Completion
11343,20250510,1706,3,1,3,1,4,12000,994,12994,589,0.0749,1,4.7,Embedding
11344,20250223,1338,62,2,5,2,4,2897,112,3009,401,0.0005,1,,Embedding
11345,20250116,1449,63,6,5,3,4,314,96,410,425,0.0001,1,4.7,Completion
11346,20250303,1008,13,4,7,1,4,703,144,847,472,0.0004,1,,Completion
11347,20250310,1443,17,2,1,4,3,197,229,426,416,0.0002,1,4.3,Vision
11348,20250221,1006,52,3,2,2,2,933,1859,2792,727,0.0307,1,,Embedding
11349,20250529,959,11,3,4,1,2,1674,520,2194,661,0.0128,1,4.9,Chat
11350,20250206,1716,78,2,5,2,3,825,305,1130,266,0.0003,1,4.7,Completion
11351,20250322,1815,68,1,6,1,1,651,76,727,598,0.0044,1,,Chat
11352,20250210,1521,39,5,5,2,2,457,211,668,244,0.0016,1,,Chat
11353,20250225,1307,71,1,4,2,3,365,1128,1493,120,0.0187,1,,Chat
11354,20250415,1658,67,4,1,1,2,881,503,1384,120,0.0008,1,4.1,Chat
11355,20250509,1518,69,2,3,1,1,408,1289,1697,315,0.0008,1,4.8,Embedding
11356,20250513,939,77,3,3,1,3,247,335,582,834,0.0058,1,,Chat
11357,20250610,1801,75,3,1,4,3,1605,649,2254,574,0.0146,1,,Vision
11358,20250502,1323,1,5,1,1,3,1986,246,2232,344,0.0037,1,,Chat
11359,20250531,1110,56,6,2,1,2,1655,540,2195,375,0.0003,1,4.1,Chat
11360,20250624,2152,24,1,2,2,3,101,1231,1332,756,0.019,1,,Chat
11361,20250516,1504,55,5,2,6,4,825,405,1230,312,0.0031,1,4.6,Chat
11362,20250320,1720,18,2,5,5,4,1399,323,1722,261,0.0004,1,,Chat
11363,20250624,1441,57,1,5,3,1,886,3265,4151,360,0.0534,1,,Completion
11364,20250409,1644,42,4,5,2,4,1299,210,1509,309,0.0006,1,,Chat
11365,20250501,1908,50,2,7,1,2,494,1007,1501,389,0.0007,1,,Chat
11366,20250227,1109,23,5,2,2,2,245,380,625,158,0.0022,1,3.5,Chat
11367,20250110,237,52,3,4,4,2,821,4000,4821,548,0.0625,1,,Chat
11368,20250608,1555,59,3,1,1,2,2697,578,3275,574,0.0168,1,,Completion
11369,20250129,1800,37,1,1,2,2,1393,551,1944,831,0.0152,1,,Embedding
11370,20250105,907,24,4,3,4,3,213,82,295,335,0.0002,1,,Vision
11371,20250210,1327,40,2,5,1,2,1399,344,1743,145,0.0004,1,,Embedding
11372,20250408,1209,40,4,1,4,2,1490,264,1754,396,0.0007,1,,Chat
11373,20250611,1206,18,1,2,2,2,2750,110,2860,598,0.0154,1,,Vision
11374,20250501,1257,64,3,1,1,3,331,1730,2061,504,0.0269,1,,Completion
11375,20250124,1113,24,1,2,6,2,4921,701,5622,827,0.0351,1,,Completion
11376,20250315,754,26,2,1,5,3,324,1945,2269,363,0.0012,1,,Chat
11377,20250209,911,3,6,6,3,1,814,141,955,416,0.0001,1,,Completion
11378,20250520,405,16,5,2,2,4,852,412,1264,170,0.0031,1,,Embedding
11379,20250321,1247,36,4,4,1,3,932,72,1004,154,0.0003,1,4.3,Completion
11380,20250502,1340,32,1,2,1,4,582,387,969,645,0.0087,1,4.7,Completion
11381,20250610,1004,20,1,5,4,2,1304,798,2102,827,0.0185,1,,Chat
11382,20250501,947,36,6,2,4,2,377,544,921,134,0.0002,1,,Completion
11383,20250610,1409,42,6,4,2,3,682,36,718,231,0.0001,0,4.0,Embedding
11384,20250104,1547,29,2,7,4,3,549,220,769,295,0.0002,1,,Chat
11385,20250402,1714,22,3,3,1,4,2292,293,2585,318,0.0113,1,4.7,Embedding
11386,20250121,1615,10,2,7,1,3,230,210,440,299,0.0002,1,,Chat
11387,20250204,1819,13,5,7,6,2,2115,347,2462,230,0.0044,1,,Vision
11388,20250610,914,59,5,3,3,1,3876,258,4134,346,0.0061,1,,Vision
11389,20250215,1402,39,5,6,3,4,425,209,634,144,0.0016,1,,Chat
11390,20250222,1846,1,3,3,1,2,1187,2340,3527,547,0.0387,1,3.6,Chat
11391,20250417,1243,12,1,5,6,3,431,447,878,367,0.0089,1,4.1,Chat
11392,20250310,1523,67,4,1,4,3,732,1157,1889,137,0.0016,1,,Chat
11393,20250412,1844,71,2,1,1,1,275,442,717,167,0.0003,1,,Chat
11394,20250113,1426,76,3,1,5,4,108,318,426,674,0.0051,1,4.4,Chat
11395,20250319,2103,43,6,3,5,4,97,329,426,229,0.0001,1,4.3,Chat
11396,20250601,658,47,2,3,1,4,241,221,462,325,0.0002,1,,Chat
11397,20250127,1433,25,6,7,1,4,204,69,273,320,0.0,1,4.6,Embedding
11398,20250422,1358,56,4,1,3,1,2836,244,3080,392,0.001,1,,Completion
11399,20250622,1627,72,1,4,4,2,3046,907,3953,753,0.0288,1,,Chat
11400,20250531,407,47,1,6,1,3,1056,320,1376,939,0.0101,1,,Completion
11401,20250531,913,64,2,3,2,2,516,652,1168,309,0.0005,1,,Chat
11402,20250226,1423,25,1,2,4,4,4061,770,4831,526,0.0319,1,,Chat
11403,20250529,810,72,1,3,1,3,2179,289,2468,595,0.0152,1,4.2,Chat
11404,20250223,1800,45,4,2,3,4,545,226,771,252,0.0004,1,,Chat
11405,20250328,1240,6,1,4,1,3,497,2961,3458,525,0.0469,1,,Completion
11406,20250428,1712,4,6,1,3,1,265,526,791,296,0.0002,1,,Completion
11407,20250419,1424,30,1,1,4,3,1595,893,2488,598,0.0214,1,,Chat
11408,20250214,1302,68,4,3,2,4,1118,125,1243,152,0.0004,1,,Chat
11409,20250527,1416,66,2,7,1,2,108,79,187,456,0.0001,1,4.8,Chat
11410,20250204,2003,72,5,7,2,3,397,772,1169,381,0.0044,1,,Chat
11411,20250413,1528,26,2,3,2,4,619,562,1181,358,0.0004,1,,Chat
11412,20250221,1652,44,1,6,1,2,284,4000,4284,1196,0.0614,1,4.0,Chat
11413,20250404,641,61,2,1,4,2,1053,1879,2932,378,0.0013,1,,Chat
11414,20250102,1827,61,2,5,4,3,182,647,829,303,0.0004,1,3.3,Completion
11415,20250226,1731,18,1,5,6,3,475,217,692,617,0.0056,1,,Completion
11416,20250130,1228,2,5,2,4,3,577,219,796,260,0.0018,1,,Completion
11417,20250422,1150,79,3,1,2,2,1276,155,1431,766,0.0062,1,,Vision
11418,20250609,1532,67,2,4,4,3,213,1019,1232,198,0.0006,1,,Completion
11419,20250610,1805,51,4,5,4,2,894,773,1667,297,0.0012,1,3.3,Embedding
11420,20250322,1652,9,1,2,6,4,3603,3684,7287,894,0.0733,1,4.1,Completion
11421,20250415,1550,33,1,5,5,2,347,60,407,620,0.0026,1,,Completion
11422,20250205,1156,44,1,2,4,1,680,556,1236,800,0.0117,1,4.0,Chat
11423,20250412,1106,31,3,4,4,4,3278,621,3899,658,0.0191,1,,Chat
11424,20250604,2113,35,2,2,2,2,780,315,1095,331,0.0003,1,,Chat
11425,20250329,2117,27,2,7,2,2,637,480,1117,269,0.0004,1,,Vision
11426,20250521,1331,18,4,1,2,4,427,205,632,446,0.0004,1,,Chat
11427,20250209,1139,71,2,7,1,4,166,367,533,379,0.0002,1,,Completion
11428,20250218,1822,29,5,1,1,4,227,850,1077,481,0.0045,1,,Chat
11429,20250404,1123,62,3,7,5,2,1125,186,1311,1071,0.0062,1,,Embedding
11430,20250207,821,78,2,1,5,4,464,643,1107,212,0.0005,1,4.0,Embedding
11431,20250123,1046,48,5,1,4,4,634,2519,3153,254,0.0134,0,,Chat
11432,20250408,1300,71,3,6,1,3,438,867,1305,851,0.0143,1,,Chat
11433,20250520,1138,78,1,1,3,3,2288,340,2628,219,0.0165,1,,Completion
11434,20250505,1546,31,4,1,2,1,4302,119,4421,297,0.0012,1,,Chat
11435,20250117,1909,78,1,1,1,3,1209,155,1364,660,0.0084,1,,Completion
11436,20250526,1958,45,1,7,3,2,807,750,1557,410,0.0153,1,3.9,Chat
11437,20250127,1350,7,1,2,1,3,1971,678,2649,551,0.02,1,,Chat
11438,20250520,1549,35,3,7,2,3,2616,1210,3826,583,0.026,1,4.0,Chat
11439,20250208,1159,42,2,4,1,3,3892,371,4263,254,0.0008,1,,Embedding
11440,20250416,836,12,5,4,4,4,287,191,478,2584,0.0013,1,3.8,Chat
11441,20250129,1215,40,1,3,5,2,1359,154,1513,969,0.0091,1,,Completion
11442,20250523,1157,12,1,4,5,2,1694,363,2057,577,0.0139,1,,Embedding
11443,20250424,1028,68,5,2,1,2,868,143,1011,310,0.0018,1,3.5,Completion
11444,20250624,1318,12,4,1,1,3,1172,613,1785,248,0.0011,1,,Chat
11445,20250114,1508,76,4,6,2,2,444,1010,1454,244,0.0014,1,4.0,Chat
11446,20250327,1340,3,4,2,2,2,436,177,613,479,0.0003,1,3.7,Chat
11447,20250606,1516,67,2,1,1,1,707,220,927,389,0.0002,1,4.2,Completion
11448,20250321,1131,43,4,6,1,3,741,2148,2889,186,0.0029,1,,Completion
11449,20250502,1626,63,4,5,3,1,862,517,1379,252,0.0009,1,4.4,Completion
11450,20250217,1151,13,4,1,2,3,815,224,1039,120,0.0005,1,4.1,Completion
11451,20250510,1006,23,2,5,1,2,500,132,632,294,0.0002,1,4.7,Chat
11452,20250608,1047,14,2,4,4,3,639,2085,2724,400,0.0013,1,5.0,Chat
11453,20250605,1607,27,1,1,3,3,8178,561,8739,635,0.0493,1,,Completion
11454,20250427,937,8,4,5,2,3,2101,1743,3844,368,0.0027,1,,Completion
11455,20250427,1902,14,5,1,5,4,56,2413,2469,269,0.0121,1,,Completion
11456,20250513,2309,50,5,1,3,2,3160,636,3796,246,0.0071,1,,Chat
11457,20250226,1402,66,2,2,6,1,119,728,847,120,0.0005,1,,Chat
11458,20250604,1216,74,2,6,1,3,2667,609,3276,130,0.0008,1,,Completion
11459,20250421,852,46,2,7,1,3,388,353,741,365,0.0003,1,4.0,Chat
11460,20250609,1645,2,1,1,1,2,464,1083,1547,815,0.0186,1,,Chat
11461,20250122,1506,19,5,5,1,3,6187,612,6799,374,0.0108,1,,Vision
11462,20250427,2101,36,1,2,1,2,3134,356,3490,932,0.021,1,3.6,Chat
11463,20250319,1235,31,1,2,1,2,501,256,757,930,0.0063,0,3.2,Embedding
11464,20250616,1612,53,2,5,4,4,1728,561,2289,298,0.0006,1,4.2,Completion
11465,20250105,1529,8,6,1,2,2,1132,197,1329,153,0.0001,1,,Completion
11466,20250523,1213,39,1,5,3,3,2307,325,2632,1134,0.0164,1,,Vision
11467,20250401,1538,13,6,1,1,2,740,197,937,369,0.0001,1,3.9,Embedding
11468,20250105,914,58,3,2,1,3,1836,397,2233,677,0.0115,1,4.9,Vision
11469,20250105,1537,35,6,4,5,3,237,79,316,188,0.0,1,,Completion
11470,20250118,1715,74,6,1,1,4,930,234,1164,3776,0.0001,1,,Chat
11471,20250414,1937,65,2,5,1,1,1701,178,1879,381,0.0004,1,,Chat
11472,20250322,1528,72,2,1,1,3,347,302,649,178,0.0002,1,4.5,Chat
11473,20250405,1136,13,2,2,3,2,237,744,981,273,0.0005,1,,Embedding
11474,20250305,1027,49,2,5,4,3,1059,330,1389,382,0.0004,1,,Chat
11475,20250514,1456,79,1,3,2,4,318,375,693,386,0.0072,1,,Chat
11476,20250424,1609,49,5,6,2,3,1765,88,1853,267,0.0026,1,,Chat
11477,20250316,1812,59,3,6,1,3,281,398,679,649,0.0068,1,,Completion
11478,20250102,1833,13,3,6,1,3,2309,1226,3535,787,0.0253,1,,Chat
11479,20250620,1225,55,4,4,5,3,2919,186,3105,120,0.001,1,3.6,Chat
11480,20250108,649,25,2,5,1,4,598,249,847,227,0.0002,1,4.1,Completion
11481,20250226,1435,77,1,2,4,2,4448,926,5374,797,0.0361,1,,Chat
11482,20250325,937,12,3,1,2,3,796,1170,1966,674,0.0199,1,,Completion
11483,20250425,1559,39,2,3,5,3,1155,380,1535,435,0.0004,1,,Chat
11484,20250122,1114,61,5,2,4,4,318,73,391,353,0.0008,1,,Chat
11485,20250214,1159,16,5,2,3,3,2078,407,2485,246,0.0046,1,,Chat
11486,20250609,930,21,3,3,2,3,3122,571,3693,710,0.0179,1,4.0,Completion
11487,20250622,1642,44,1,2,2,3,1747,268,2015,768,0.0128,1,,Chat
11488,20250629,1735,43,3,3,4,3,1920,1097,3017,815,0.0222,1,,Chat
11489,20250531,1219,41,3,1,3,3,868,4000,4868,951,0.0626,1,,Embedding
11490,20250424,1336,42,3,4,2,3,2651,246,2897,513,0.0116,1,,Embedding
11491,20250227,950,66,3,5,2,4,1782,798,2580,896,0.0173,1,,Completion
11492,20250116,1358,14,1,2,1,3,3891,1119,5010,1209,0.0362,1,,Embedding
11493,20250221,2044,63,3,4,1,2,5956,1331,7287,446,0.0378,1,,Completion
11494,20250311,1550,54,3,1,3,2,12000,974,12974,463,0.0506,1,,Chat
11495,20250630,1522,59,2,4,1,2,272,159,431,320,0.0001,1,4.8,Vision
11496,20250507,1639,24,5,7,3,4,324,205,529,140,0.0014,1,4.2,Chat
11497,20250519,1326,4,1,1,1,2,191,452,643,668,0.0077,1,,Vision
11498,20250322,634,70,2,3,2,3,268,313,581,260,0.0002,1,,Embedding
11499,20250403,1322,33,2,2,1,3,861,79,940,349,0.0002,1,5.0,Chat
11500,20250626,1218,66,4,1,2,2,388,67,455,253,0.0002,1,,Completion
11501,20250511,1631,50,3,3,3,4,1543,707,2250,572,0.0152,1,,Embedding
11502,20250620,1348,32,5,3,2,2,245,328,573,231,0.0019,1,,Chat
11503,20250415,916,62,4,3,1,2,1311,86,1397,331,0.0004,1,,Chat
11504,20250118,1614,41,2,1,2,4,413,793,1206,226,0.0005,1,,Chat
11505,20250402,1121,22,3,1,2,2,403,597,1000,431,0.0102,1,,Vision
11506,20250508,1032,67,5,2,1,3,627,323,950,403,0.0024,1,,Chat
11507,20250122,1751,63,5,1,1,2,1092,291,1383,240,0.0028,1,,Embedding
11508,20250413,1314,40,1,4,1,1,767,309,1076,632,0.0085,1,3.7,Embedding
11509,20250607,1048,73,2,4,5,3,318,743,1061,144,0.0005,1,,Chat
11510,20250107,927,10,1,1,2,2,4785,414,5199,963,0.0301,1,4.5,Embedding
11511,20250109,911,17,1,2,1,4,1441,1252,2693,443,0.026,1,,Embedding
11512,20250403,2003,37,3,2,4,1,906,976,1882,495,0.0174,1,,Completion
11513,20250418,1947,17,2,1,3,4,873,1963,2836,395,0.0013,1,,Chat
11514,20250429,1749,42,2,1,1,3,281,354,635,248,0.0003,1,3.4,Completion
11515,20250112,1423,59,5,5,5,3,759,153,912,264,0.0017,1,4.4,Chat
11516,20250624,1359,2,2,5,5,3,267,652,919,301,0.0004,1,,Completion
11517,20250304,1700,55,4,1,1,3,1031,76,1107,198,0.0004,1,3.3,Chat
11518,20250616,2016,65,2,4,1,3,1348,83,1431,326,0.0003,1,,Chat
11519,20250103,1023,9,3,1,1,2,164,2905,3069,667,0.0441,1,,Completion
11520,20250526,1442,2,2,4,1,3,214,123,337,124,0.0001,1,3.9,Chat
11521,20250613,1940,60,6,6,2,2,151,1305,1456,183,0.0004,1,4.2,Embedding
11522,20250309,940,61,1,2,3,1,1267,314,1581,672,0.011,1,4.2,Chat
11523,20250125,1045,56,6,2,1,4,501,173,674,364,0.0001,1,,Completion
11524,20250501,1651,31,5,3,5,3,831,808,1639,305,0.0051,1,,Completion
11525,20250307,1451,16,5,6,3,1,597,179,776,210,0.0016,1,,Chat
11526,20250427,1403,39,2,1,1,3,1662,536,2198,335,0.0006,1,4.0,Completion
11527,20250630,924,73,1,3,5,4,2259,411,2670,689,0.0175,1,,Completion
11528,20250320,1604,11,2,7,4,3,234,377,611,303,0.0003,1,4.0,Completion
11529,20250104,1745,80,6,2,2,3,417,313,730,296,0.0001,1,,Chat
11530,20250522,1144,63,4,7,1,2,410,202,612,267,0.0004,1,3.2,Chat
11531,20250503,2017,50,1,2,3,2,1221,956,2177,657,0.0204,1,,Chat
11532,20250204,1255,34,4,2,3,3,650,635,1285,274,0.001,1,,Chat
11533,20250306,1312,12,1,2,1,3,1059,234,1293,886,0.0088,1,4.0,Vision
11534,20250106,1257,52,5,1,1,3,2496,406,2902,417,0.0052,1,,Completion
11535,20250228,1351,60,6,1,2,1,343,801,1144,225,0.0003,1,4.9,Completion
11536,20250519,1908,14,2,6,1,1,1119,1146,2265,184,0.0009,1,3.5,Chat
11537,20250216,1727,19,1,6,2,2,637,61,698,853,0.0041,1,,Chat
11538,20250322,1345,75,4,2,1,2,1581,357,1938,282,0.0008,1,4.2,Completion
11539,20250224,1929,50,1,3,5,2,1507,383,1890,629,0.0133,1,4.7,Chat
11540,20250616,1401,63,2,2,1,3,51,501,552,413,0.0003,1,3.6,Chat
11541,20250305,1338,47,5,2,1,2,455,459,914,450,0.0029,1,4.1,Completion
11542,20250213,1525,57,5,2,4,2,806,236,1042,175,0.0022,1,,Vision
11543,20250407,1454,38,3,6,2,3,1396,96,1492,484,0.0056,1,,Chat
11544,20250510,1808,14,3,6,1,4,1034,58,1092,1014,0.004,1,,Vision
11545,20250429,1035,64,3,1,4,3,836,1651,2487,481,0.0273,1,3.5,Completion
11546,20250517,642,29,1,7,4,3,1664,1283,2947,543,0.0276,1,4.1,Chat
11547,20250326,1345,7,1,5,3,4,411,233,644,576,0.0056,1,3.8,Embedding
11548,20250625,1610,36,4,2,1,3,726,786,1512,442,0.0012,1,,Completion
11549,20250113,1705,52,5,3,1,2,159,259,418,365,0.0015,1,3.4,Completion
11550,20250415,1346,27,1,2,3,3,265,356,621,133,0.0067,1,,Chat
11551,20250603,1219,29,3,1,4,3,675,427,1102,918,0.0084,1,,Chat
11552,20250203,817,67,1,2,1,1,653,203,856,893,0.0063,1,3.8,Chat
11553,20250521,1825,66,5,1,2,1,919,429,1348,162,0.0033,1,,Chat
11554,20250216,1421,13,6,1,6,2,242,342,584,246,0.0001,1,,Chat
11555,20250309,1141,52,4,5,2,1,682,587,1269,453,0.0009,1,,Vision
11556,20250102,1634,44,3,6,4,4,12000,728,12728,1055,0.0469,1,,Completion
11557,20250124,1535,40,5,6,1,4,825,286,1111,309,0.0025,1,,Chat
11558,20250516,1559,25,1,1,1,3,324,1170,1494,312,0.0192,1,,Chat
11559,20250125,1655,69,1,1,2,2,2438,2322,4760,453,0.047,1,,Chat
11560,20250428,1051,44,1,3,1,1,4053,216,4269,383,0.0235,1,3.6,Chat
11561,20250314,1453,16,4,1,1,1,637,376,1013,332,0.0006,1,,Completion
11562,20250503,1620,57,5,4,1,3,620,344,964,273,0.0025,1,,Chat
11563,20250528,1412,73,1,1,1,3,334,1234,1568,888,0.0202,1,,Chat
11564,20250224,1629,50,5,3,3,2,1101,142,1243,141,0.0021,1,3.4,Chat
11565,20250413,1729,40,4,3,4,1,682,381,1063,301,0.0006,1,,Vision
11566,20250603,1504,9,2,5,1,2,1190,304,1494,120,0.0004,1,4.7,Chat
11567,20250314,1602,20,1,6,2,4,2386,175,2561,384,0.0146,1,4.6,Chat
11568,20250131,1728,16,5,1,2,2,1821,34,1855,323,0.0024,1,3.5,Chat
11569,20250608,1328,66,3,1,1,3,1442,681,2123,476,0.0145,1,,Completion
11570,20250302,1605,39,3,3,2,1,673,1223,1896,870,0.0204,1,,Embedding
11571,20250628,1000,7,6,5,2,1,310,363,673,427,0.0001,1,3.4,Chat
11572,20250615,1116,36,1,3,3,2,894,816,1710,799,0.0167,1,4.1,Completion
11573,20250206,1659,33,3,7,5,1,1383,450,1833,725,0.0109,1,4.8,Chat
11574,20250516,124,72,6,2,2,1,3577,282,3859,297,0.0004,1,,Embedding
11575,20250607,2225,75,1,5,1,2,638,4000,4638,818,0.0632,1,,Chat
11576,20250523,1510,80,2,7,3,3,1187,161,1348,120,0.0003,1,,Chat
11577,20250609,915,17,5,2,5,3,1769,149,1918,120,0.003,1,4.3,Chat
11578,20250312,1309,24,1,4,1,4,2379,624,3003,787,0.0213,1,,Chat
11579,20250122,1810,38,6,6,5,3,1112,289,1401,226,0.0002,1,,Completion
11580,20250401,1705,22,2,1,1,2,852,158,1010,407,0.0002,1,3.7,Completion
11581,20250321,1521,34,5,2,3,4,1197,236,1433,390,0.0027,1,,Embedding
11582,20250301,719,29,6,2,1,4,3004,63,3067,145,0.0002,1,3.5,Embedding
11583,20250103,1523,12,5,1,2,4,412,249,661,227,0.0018,1,3.2,Chat
11584,20250213,1035,69,5,3,1,3,884,316,1200,366,0.0027,1,,Vision
11585,20250214,1449,35,4,2,2,3,457,637,1094,120,0.0009,1,,Completion
11586,20250221,330,13,3,1,1,4,273,434,707,739,0.0073,1,3.5,Chat
11587,20250109,342,64,5,2,1,2,658,244,902,293,0.002,1,4.3,Completion
11588,20250331,645,32,4,2,2,4,7000,339,7339,160,0.0022,1,,Chat
11589,20250513,1431,35,5,5,1,4,2553,110,2663,133,0.0037,1,4.1,Vision
11590,20250522,1347,44,3,6,1,3,1296,1180,2476,985,0.0216,1,,Chat
11591,20250518,1717,34,1,6,2,1,334,217,551,468,0.0049,1,3.9,Chat
11592,20250623,1747,77,2,5,1,3,1148,965,2113,334,0.0008,1,,Chat
11593,20250315,1116,54,4,1,5,2,557,95,652,341,0.0003,1,5.0,Chat
11594,20250506,1124,50,2,7,3,3,2001,550,2551,469,0.0006,1,,Chat
11595,20250526,1514,21,2,2,1,3,954,282,1236,242,0.0003,1,4.6,Chat
11596,20250325,1244,49,4,1,3,4,1634,104,1738,286,0.0005,1,3.9,Completion
11597,20250601,738,17,1,2,2,3,1944,389,2333,764,0.0156,1,4.8,Completion
11598,20250328,1117,67,3,7,1,3,1035,1097,2132,678,0.0196,1,,Completion
11599,20250109,2019,54,1,1,4,2,827,350,1177,931,0.0094,1,,Chat
11600,20250112,1202,22,5,1,6,3,458,457,915,263,0.0029,1,4.5,Chat
11601,20250601,1211,28,3,4,1,2,669,2195,2864,615,0.0349,1,,Chat
11602,20250312,1105,66,2,2,1,3,509,446,955,423,0.0003,1,4.3,Chat
11603,20250125,1334,14,3,1,2,4,565,3725,4290,680,0.0576,1,,Chat
11604,20250617,1316,40,6,2,1,3,709,114,823,275,0.0001,1,4.5,Chat
11605,20250225,1757,79,3,7,5,4,4537,428,4965,692,0.02,1,,Chat
11606,20250311,1805,11,1,1,3,4,1390,1192,2582,746,0.0248,1,,Embedding
11607,20250510,1125,34,2,4,2,4,291,812,1103,120,0.0005,1,4.2,Chat
11608,20250117,1101,56,4,2,1,2,189,813,1002,413,0.0011,1,,Completion
11609,20250606,1120,56,5,1,1,2,8009,1064,9073,299,0.0153,0,,Completion
11610,20250107,1948,57,1,2,3,4,705,462,1167,755,0.0105,1,,Completion
11611,20250129,1150,34,2,2,1,1,209,148,357,260,0.0001,1,,Vision
11612,20250619,1506,80,6,1,3,1,490,81,571,326,0.0001,1,4.5,Chat
11613,20250424,1929,77,3,6,2,4,692,2920,3612,847,0.0459,1,,Vision
11614,20250122,903,64,3,2,1,1,700,447,1147,607,0.0088,1,,Vision
11615,20250430,422,23,6,2,5,2,337,206,543,465,0.0001,1,4.3,Embedding
11616,20250424,1438,17,3,1,1,2,603,396,999,746,0.0077,1,,Completion
11617,20250331,1212,52,3,1,1,2,745,355,1100,759,0.0076,1,4.3,Chat
11618,20250110,813,61,2,5,1,3,250,150,400,171,0.0001,1,3.6,Completion
11619,20250201,1047,74,1,1,3,4,3284,1610,4894,711,0.0406,1,,Chat
11620,20250615,1451,17,5,1,1,2,363,56,419,294,0.0007,1,,Completion
11621,20250123,1510,53,1,2,3,3,682,216,898,360,0.0066,1,,Chat
11622,20250108,1459,35,1,5,1,3,1453,1872,3325,466,0.0353,1,,Chat
11623,20250204,1211,28,5,2,6,4,675,206,881,362,0.0019,1,,Embedding
11624,20250219,1844,9,4,2,1,2,245,223,468,409,0.0003,1,3.6,Chat
11625,20250624,1532,72,2,3,5,3,739,441,1180,344,0.0004,1,,Chat
11626,20250604,1555,76,2,7,1,2,806,332,1138,412,0.0003,1,3.9,Completion
11627,20250501,1244,48,1,1,3,3,1341,2629,3970,724,0.0461,1,,Chat
11628,20250606,1301,37,3,2,1,4,2516,746,3262,481,0.0187,0,,Completion
11629,20250126,1430,55,2,2,6,2,321,1560,1881,303,0.001,1,,Chat
11630,20250106,1024,40,2,5,1,3,467,629,1096,173,0.0004,1,,Embedding
11631,20250621,31,24,1,7,3,3,312,1450,1762,539,0.0233,1,4.9,Embedding
11632,20250209,1017,55,1,4,1,3,2293,391,2684,1012,0.0173,1,,Chat
11633,20250430,811,32,3,1,1,3,2350,463,2813,717,0.014,1,,Chat
11634,20250311,1639,11,2,7,6,1,139,402,541,386,0.0003,1,4.2,Vision
11635,20250401,1553,56,1,4,2,2,926,157,1083,765,0.007,1,4.1,Chat
11636,20250617,2150,80,4,4,1,1,1206,883,2089,371,0.0014,1,4.2,Chat
11637,20250131,1238,80,1,1,1,2,1466,1373,2839,290,0.0279,1,,Completion
11638,20250330,1651,76,4,1,1,3,2065,316,2381,359,0.0009,1,3.4,Chat
11639,20250618,1153,51,3,2,4,4,1391,464,1855,754,0.0111,1,3.5,Completion
11640,20250116,1315,16,2,1,1,2,147,179,326,470,0.0001,1,,Chat
11641,20250621,1643,47,1,4,6,2,164,1895,2059,387,0.0292,1,,Completion
11642,20250322,1748,31,1,4,1,4,4876,662,5538,423,0.0343,1,3.8,Embedding
11643,20250115,1117,11,2,4,5,2,1171,125,1296,222,0.0003,1,,Chat
11644,20250624,1623,45,3,2,2,1,698,2320,3018,413,0.0369,1,4.2,Chat
11645,20250108,49,78,3,5,3,2,615,808,1423,846,0.014,1,4.2,Vision
11646,20250429,1217,48,1,6,3,4,1015,584,1599,1046,0.0138,1,,Embedding
11647,20250511,1529,60,5,3,2,4,426,1889,2315,281,0.01,1,,Completion
11648,20250512,509,59,1,3,3,1,334,1022,1356,245,0.017,1,,Chat
11649,20250518,1500,22,1,3,1,1,614,1842,2456,688,0.0307,1,4.1,Vision
11650,20250220,722,74,2,5,2,4,1514,1052,2566,154,0.0009,1,,Chat
11651,20250319,1038,1,2,6,4,4,1045,589,1634,510,0.0005,1,3.5,Chat
11652,20250514,1749,60,1,3,3,2,12000,613,12613,737,0.0692,1,,Chat
11653,20250328,1109,64,5,4,1,1,415,374,789,222,0.0024,1,4.1,Completion
11654,20250106,319,21,3,1,3,4,687,1673,2360,666,0.0272,1,4.7,Embedding
11655,20250110,1427,37,1,1,5,3,624,825,1449,1027,0.0155,1,,Chat
11656,20250408,1933,70,1,1,1,4,1931,267,2198,1052,0.0137,1,,Embedding
11657,20250622,1823,32,1,1,4,2,304,113,417,325,0.0032,1,,Chat
11658,20250215,1225,64,3,1,3,2,3300,1385,4685,727,0.0307,1,,Chat
11659,20250505,1304,23,2,7,1,1,5620,339,5959,271,0.001,1,,Chat
11660,20250506,1159,76,5,2,4,4,4869,609,5478,178,0.0091,1,,Completion
11661,20250204,953,54,5,4,4,2,146,304,450,133,0.0017,1,4.6,Chat
11662,20250515,905,41,1,3,1,2,3898,1403,5301,989,0.0405,1,4.7,Embedding
11663,20250408,815,65,6,7,1,2,269,193,462,440,0.0001,1,4.5,Completion
11664,20250320,1416,9,1,2,1,3,8283,1092,9375,624,0.0578,1,4.7,Completion
11665,20250418,1619,59,5,1,4,4,140,57,197,305,0.0005,1,,Chat
11666,20250218,1443,23,2,4,1,3,3790,102,3892,316,0.0006,1,,Chat
11667,20250305,1600,1,3,1,1,2,1887,1709,3596,506,0.0313,1,4.4,Vision
11668,20250327,1706,79,5,1,2,4,1102,889,1991,229,0.0058,1,,Chat
11669,20250120,929,70,1,3,1,1,714,219,933,521,0.0069,1,3.5,Chat
11670,20250205,1234,26,2,2,4,2,292,332,624,164,0.0002,1,,Completion
11671,20250314,1309,73,5,1,1,2,425,297,722,318,0.002,1,,Vision
11672,20250101,1243,10,1,2,3,4,615,323,938,882,0.0079,0,,Chat
11673,20250403,1909,14,2,1,3,3,418,289,707,120,0.0002,1,,Chat
11674,20250206,1306,55,5,3,2,3,180,218,398,385,0.0013,1,3.8,Chat
11675,20250422,721,27,2,1,2,4,295,154,449,120,0.0001,1,,Completion
11676,20250108,1756,77,6,4,5,2,853,1536,2389,182,0.0005,1,3.5,Chat
11677,20250412,645,63,6,3,2,2,1551,243,1794,234,0.0002,1,,Chat
11678,20250609,1939,67,1,5,3,3,1587,1420,3007,508,0.0292,1,,Chat
11679,20250116,1132,49,1,1,1,1,929,1137,2066,661,0.0217,1,3.9,Embedding
11680,20250329,1511,35,1,1,4,3,99,100,199,160,0.002,1,5.0,Chat
11681,20250616,1222,48,3,3,2,3,331,2996,3327,645,0.0459,1,3.8,Completion
11682,20250205,1430,73,5,4,2,2,249,127,376,3456,0.0009,1,,Embedding
11683,20250606,2122,34,5,1,1,3,967,58,1025,238,0.0015,1,,Chat
11684,20250328,1513,60,5,2,1,3,541,54,595,461,0.0009,1,,Chat
11685,20250101,1040,19,4,4,4,4,198,321,519,396,0.0005,1,,Chat
11686,20250306,1655,21,5,2,3,2,203,93,296,120,0.0007,1,,Completion
11687,20250417,1228,49,4,2,4,4,434,511,945,212,0.0007,1,,Completion
11688,20250204,1732,29,6,6,1,3,1198,177,1375,318,0.0001,1,,Chat
11689,20250202,1919,33,3,1,1,2,512,491,1003,597,0.0089,1,4.5,Completion
11690,20250118,1257,4,1,6,1,4,2986,1389,4375,742,0.0358,1,,Chat
11691,20250226,1540,74,1,1,1,2,763,823,1586,357,0.0162,1,,Completion
11692,20250617,2337,38,3,1,5,2,5168,1493,6661,742,0.0379,1,,Chat
11693,20250314,1533,19,2,4,2,3,145,113,258,168,0.0001,1,4.3,Chat
11694,20250124,1426,4,3,3,1,4,1010,1300,2310,430,0.0225,1,,Completion
11695,20250625,1834,29,1,6,6,2,589,404,993,853,0.009,1,,Embedding
11696,20250511,1639,61,4,3,3,3,215,816,1031,288,0.0011,1,,Chat
11697,20250424,541,35,2,6,5,1,311,233,544,165,0.0002,1,3.3,Chat
11698,20250622,1938,28,2,6,4,3,474,488,962,300,0.0004,1,,Chat
11699,20250531,1621,33,2,6,1,2,2998,586,3584,450,0.0008,1,4.2,Completion
11700,20250221,1621,44,1,1,1,4,1527,816,2343,120,0.0199,1,3.9,Chat
11701,20250621,1227,3,6,1,1,2,584,479,1063,277,0.0002,1,,Vision
11702,20250418,1503,71,5,3,6,2,202,86,288,164,0.0007,1,,Chat
11703,20250326,2057,16,6,2,2,1,212,168,380,290,0.0001,1,,Embedding
11704,20250518,710,2,3,1,5,2,559,1144,1703,550,0.0188,1,,Chat
11705,20250626,2025,2,4,5,3,2,144,246,390,237,0.0003,1,,Chat
11706,20250520,1359,13,1,1,1,2,392,346,738,829,0.0071,1,,Completion
11707,20250419,1237,59,4,5,2,2,253,1935,2188,284,0.0025,1,4.8,Completion
11708,20250611,1601,60,3,1,1,2,2875,562,3437,470,0.0171,1,,Completion
11709,20250323,1411,62,4,3,1,1,354,452,806,263,0.0007,1,,Completion
11710,20250128,1839,26,4,1,3,4,238,608,846,340,0.0008,1,3.4,Chat
11711,20250623,1355,10,3,1,3,2,2779,896,3675,801,0.0218,1,,Completion
11712,20250301,1659,34,2,3,1,2,695,198,893,220,0.0002,1,3.4,Chat
11713,20250324,1309,52,3,2,1,3,3112,1097,4209,878,0.0258,1,4.2,Embedding
11714,20250421,1845,49,1,6,4,2,1078,3882,4960,626,0.0636,1,,Chat
11715,20250630,1207,5,5,2,4,2,897,498,1395,207,0.0036,1,,Chat
11716,20250222,1303,53,1,6,4,3,856,688,1544,831,0.0146,1,3.9,Chat
11717,20250120,1257,40,2,6,3,3,1113,101,1214,367,0.0002,1,,Vision
11718,20250111,1223,23,2,6,5,4,435,464,899,324,0.0003,1,,Embedding
11719,20250126,1305,49,1,1,2,2,550,381,931,671,0.0085,1,,Chat
11720,20250523,1549,25,1,1,1,2,588,327,915,709,0.0078,1,,Chat
11721,20250531,1301,67,1,5,3,2,1550,50,1600,582,0.0085,1,,Vision
11722,20250116,1703,71,3,6,4,2,723,955,1678,375,0.0165,1,4.1,Vision
11723,20250310,748,49,5,5,2,3,968,315,1283,247,0.0028,1,,Chat
11724,20250412,1745,38,2,1,4,3,502,192,694,207,0.0002,1,,Chat
11725,20250612,1042,40,1,1,2,2,2135,447,2582,909,0.0174,1,5.0,Embedding
11726,20250212,255,39,6,2,1,4,1526,448,1974,271,0.0002,1,5.0,Chat
11727,20250529,827,13,3,6,1,1,254,1228,1482,705,0.0192,1,3.7,Completion
11728,20250103,1428,42,5,5,2,4,606,680,1286,222,0.0042,1,,Completion
11729,20250121,1229,38,3,6,1,2,1122,491,1613,954,0.0107,1,3.7,Completion
11730,20250113,846,6,5,6,2,4,114,95,209,346,0.0006,1,4.3,Chat
11731,20250308,1324,22,1,5,1,3,270,661,931,576,0.0113,1,,Chat
11732,20250319,1605,26,1,4,1,2,2963,4000,6963,381,0.0748,1,,Completion
11733,20250514,617,17,2,1,1,4,1130,764,1894,154,0.0006,1,,Chat
11734,20250202,839,46,5,1,1,1,906,1418,2324,194,0.0082,1,,Chat
11735,20250303,1416,42,2,7,1,4,120,278,398,268,0.0002,1,3.7,Chat
11736,20250107,1943,45,3,2,4,3,660,1155,1815,474,0.0193,1,,Chat
11737,20250407,1409,36,2,2,6,1,4313,1516,5829,472,0.0016,1,3.9,Completion
11738,20250315,1542,11,3,1,1,3,1085,788,1873,756,0.0151,1,,Completion
11739,20250111,1503,43,6,3,3,3,350,174,524,221,0.0001,1,,Chat
11740,20250529,1839,10,2,1,1,3,1922,4000,5922,321,0.0027,1,,Chat
11741,20250214,1032,11,2,3,3,4,432,288,720,427,0.0002,1,,Embedding
11742,20250628,1610,78,5,1,1,4,197,314,511,135,0.0018,1,,Chat
11743,20250525,1653,40,5,2,3,3,352,196,548,120,0.0014,1,,Chat
11744,20250112,1733,53,3,1,2,4,4485,311,4796,613,0.0181,1,,Chat
11745,20250212,1202,30,5,2,1,2,546,164,710,172,0.0015,1,3.8,Completion
11746,20250327,1914,62,3,6,1,3,95,971,1066,714,0.0149,1,,Chat
11747,20250620,2040,50,2,3,6,1,537,240,777,200,0.0002,1,,Completion
11748,20250430,1504,12,1,4,3,1,659,205,864,482,0.0064,1,3.9,Embedding
11749,20250331,1018,64,2,3,2,3,268,355,623,260,0.0003,1,4.3,Chat
11750,20250621,1620,11,1,1,2,4,1551,191,1742,167,0.0106,1,,Chat
11751,20250304,918,77,2,2,1,3,1322,620,1942,376,0.0006,1,,Chat
11752,20250203,1735,34,1,5,3,4,3972,885,4857,1060,0.0331,1,,Completion
11753,20250613,1537,5,1,1,3,3,9889,331,10220,501,0.0544,1,,Vision
11754,20250109,1300,52,6,3,4,1,643,251,894,332,0.0001,1,3.5,Chat
11755,20250328,1329,44,1,1,1,2,729,413,1142,927,0.0098,1,,Embedding
11756,20250608,1550,1,5,6,5,2,147,1192,1339,322,0.0061,1,,Chat
11757,20250614,1633,37,2,1,5,2,1534,760,2294,189,0.0007,1,,Embedding
11758,20250214,922,77,1,1,1,3,12000,310,12310,736,0.0646,1,,Chat
11759,20250203,2039,53,5,1,1,3,446,243,689,370,0.0018,1,,Chat
11760,20250227,1426,70,3,1,4,2,2197,557,2754,530,0.0149,1,,Completion
11761,20250606,1239,32,2,6,2,3,1948,256,2204,322,0.0004,1,4.6,Chat
11762,20250131,1016,3,2,4,2,3,4172,433,4605,313,0.0009,1,,Completion
11763,20250119,1715,57,2,3,6,1,431,911,1342,131,0.0006,1,,Chat
11764,20250606,1127,74,1,4,1,3,601,100,701,529,0.0045,1,,Completion
11765,20250608,1357,49,2,1,4,2,249,115,364,284,0.0001,1,,Vision
11766,20250529,1307,34,5,2,3,3,523,112,635,241,0.0012,1,,Chat
11767,20250418,1136,45,1,1,1,2,1459,353,1812,641,0.0126,1,4.8,Chat
11768,20250101,803,66,4,3,2,2,189,530,719,355,0.0007,1,4.5,Chat
11769,20250430,1238,29,2,4,1,1,681,225,906,387,0.0002,1,4.1,Chat
11770,20250318,1319,80,3,5,3,2,813,1507,2320,473,0.025,1,,Completion
11771,20250316,1401,44,1,2,2,2,469,1131,1600,835,0.0193,1,,Chat
11772,20250616,855,27,2,6,6,4,181,422,603,470,0.0003,1,,Chat
11773,20250405,1723,19,1,1,1,2,1083,267,1350,373,0.0094,1,,Completion
11774,20250413,1633,45,4,5,1,3,1526,193,1719,255,0.0006,1,3.9,Chat
11775,20250213,1443,10,6,2,1,2,3400,349,3749,183,0.0004,1,,Chat
11776,20250314,929,8,1,6,3,3,538,1999,2537,766,0.0327,1,,Embedding
11777,20250307,1209,34,1,2,1,3,71,267,338,728,0.0044,1,,Chat
11778,20250517,1509,61,5,2,1,3,906,105,1011,297,0.0017,1,4.9,Chat
11779,20250601,1012,15,5,5,1,3,666,171,837,384,0.0017,1,,Embedding
11780,20250329,1540,19,2,2,6,3,584,1067,1651,243,0.0007,1,,Chat
11781,20250604,845,2,2,7,1,3,1720,409,2129,248,0.0005,1,3.2,Completion
11782,20250628,1124,76,2,1,5,1,1053,659,1712,204,0.0006,1,,Chat
11783,20250426,1658,78,3,6,2,2,1720,273,1993,650,0.0093,1,,Chat
11784,20250411,1147,25,3,2,2,3,4630,324,4954,993,0.0187,1,,Chat
11785,20250107,1438,24,1,6,1,3,233,76,309,602,0.0023,1,,Embedding
11786,20250124,1932,15,3,2,2,3,4585,704,5289,482,0.0243,1,3.2,Chat
11787,20250225,1202,64,2,1,4,4,801,832,1633,335,0.0006,1,,Completion
11788,20250212,1733,47,1,6,3,4,2549,1468,4017,135,0.0348,1,4.2,Embedding
11789,20250126,1029,47,4,3,1,4,246,119,365,280,0.0002,1,4.6,Chat
11790,20250127,815,32,1,3,3,4,521,547,1068,285,0.0108,1,,Chat
11791,20250131,1251,3,1,7,3,4,2537,187,2724,831,0.0155,1,4.2,Chat
11792,20250607,1046,78,1,2,3,2,1757,210,1967,753,0.0119,1,,Chat
11793,20250402,1205,30,2,1,1,2,1011,207,1218,334,0.0003,1,,Chat
11794,20250611,1749,15,1,3,1,1,1509,381,1890,596,0.0133,1,3.8,Chat
11795,20250513,857,24,4,4,1,2,798,560,1358,433,0.0009,1,,Embedding
11796,20250529,1925,26,2,2,1,2,276,395,671,266,0.0003,1,,Completion
11797,20250121,1834,38,2,6,1,3,351,696,1047,183,0.0005,1,,Chat
11798,20250202,1320,4,6,6,2,3,300,62,362,191,0.0,1,4.4,Completion
11799,20250113,1246,54,4,7,4,3,2400,131,2531,220,0.0008,1,,Vision
11800,20250213,808,57,5,2,1,2,1881,223,2104,246,0.0035,1,,Chat
11801,20250107,1207,65,4,4,1,1,114,94,208,186,0.0001,1,,Chat
11802,20250606,1650,65,2,2,1,2,70,523,593,313,0.0003,1,4.4,Completion
11803,20250616,629,36,2,1,3,3,500,888,1388,175,0.0006,1,4.1,Chat
11804,20250119,1117,46,1,4,1,2,12000,820,12820,591,0.0723,1,4.4,Completion
11805,20250513,1230,22,1,4,2,2,1945,1153,3098,159,0.027,1,,Completion
11806,20250614,542,47,6,1,1,3,270,289,559,287,0.0001,1,,Chat
11807,20250624,733,72,1,6,4,1,1091,562,1653,456,0.0139,1,,Completion
11808,20250414,1129,55,1,2,4,2,647,935,1582,651,0.0173,1,,Chat
11809,20250205,930,25,1,5,2,4,3480,164,3644,260,0.0199,1,,Embedding
11810,20250212,1300,1,6,4,2,3,531,351,882,164,0.0001,1,3.9,Chat
11811,20250624,1721,9,4,3,3,2,3112,324,3436,310,0.0012,1,,Chat
11812,20250629,523,28,3,2,3,3,867,310,1177,454,0.0073,1,,Chat
11813,20250619,1153,3,5,1,1,4,402,95,497,232,0.001,1,4.8,Completion
11814,20250206,941,43,4,4,4,1,1352,437,1789,312,0.0009,1,,Chat
11815,20250506,1707,52,2,7,1,2,316,415,731,384,0.0003,1,4.6,Chat
11816,20250209,1017,12,1,1,5,2,176,312,488,867,0.0056,1,,Chat
11817,20250627,1045,57,2,2,2,2,437,170,607,261,0.0002,1,4.0,Vision
11818,20250421,906,51,2,6,1,2,175,227,402,253,0.0002,1,,Chat
11819,20250225,1834,26,3,2,3,3,1431,197,1628,483,0.0072,1,,Completion
11820,20250430,1638,42,3,6,3,3,876,213,1089,668,0.0058,1,,Completion
11821,20250517,1002,56,2,1,5,3,1022,449,1471,167,0.0004,1,4.0,Chat
11822,20250226,2113,75,2,2,3,1,595,34,629,317,0.0001,1,,Completion
11823,20250410,314,49,1,6,2,4,3788,635,4423,616,0.0285,1,,Completion
11824,20250102,1313,41,4,3,6,3,1044,204,1248,270,0.0005,1,,Completion
11825,20250405,1418,35,3,2,4,4,68,976,1044,804,0.0148,1,4.7,Vision
11826,20250309,1504,60,2,1,4,1,868,1193,2061,267,0.0008,1,,Completion
11827,20250106,1343,21,1,3,2,3,640,90,730,734,0.0046,1,,Chat
11828,20250121,1151,3,1,7,1,2,179,516,695,607,0.0086,1,4.3,Chat
11829,20250329,1208,49,6,4,1,1,696,81,777,368,0.0001,1,3.4,Embedding
11830,20250327,1503,75,4,6,2,4,1885,191,2076,313,0.0007,1,5.0,Chat
11831,20250625,636,40,4,7,1,1,291,95,386,297,0.0002,1,3.9,Completion
11832,20250213,939,69,1,6,5,4,794,553,1347,537,0.0123,1,,Chat
11833,20250329,838,37,6,1,1,1,2710,338,3048,433,0.0003,1,4.0,Chat
11834,20250418,954,27,3,3,1,4,844,603,1447,979,0.0116,1,,Chat
11835,20250509,2054,56,1,3,4,2,797,277,1074,629,0.0081,1,3.2,Completion
11836,20250629,1828,18,3,2,6,2,1409,751,2160,901,0.0155,1,,Vision
11837,20250215,1713,61,1,1,1,1,3581,1086,4667,957,0.0342,1,4.3,Chat
11838,20250613,920,21,2,1,3,1,5035,813,5848,264,0.0012,1,,Chat
11839,20250629,1803,11,1,5,2,1,946,944,1890,784,0.0189,1,,Completion
11840,20250310,1707,16,4,4,1,3,439,699,1138,236,0.001,1,,Chat
11841,20250226,1650,29,2,1,3,1,654,70,724,207,0.0001,1,,Chat
11842,20250520,1731,3,1,3,2,2,988,1906,2894,373,0.0335,1,,Chat
11843,20250324,1635,14,6,2,1,1,637,267,904,164,0.0001,1,,Vision
11844,20250209,1446,78,1,6,5,3,488,328,816,617,0.0074,1,,Vision
11845,20250103,1210,52,3,6,2,1,3743,51,3794,609,0.012,1,,Completion
11846,20250120,1204,12,5,6,1,3,660,207,867,380,0.0019,1,,Completion
11847,20250407,1220,24,2,1,1,4,749,705,1454,285,0.0005,1,,Completion
11848,20250224,817,11,2,5,2,1,453,297,750,120,0.0002,1,,Embedding
11849,20250126,1108,9,6,1,1,2,625,1826,2451,316,0.0006,1,4.0,Chat
11850,20250306,1428,63,6,3,2,1,3045,544,3589,351,0.0004,1,3.6,Chat
11851,20250412,1211,70,4,4,3,3,212,412,624,458,0.0006,1,,Completion
11852,20250601,2048,38,2,1,3,2,1202,184,1386,128,0.0003,1,,Chat
11853,20250524,1010,31,1,1,2,3,1665,384,2049,877,0.0141,1,3.6,Chat
11854,20250103,830,52,2,5,3,3,592,172,764,377,0.0002,1,,Vision
11855,20250220,1619,26,5,5,6,4,314,682,996,120,0.0038,1,,Completion
11856,20250209,635,35,6,3,1,3,299,61,360,268,0.0,1,4.4,Chat
11857,20250504,1318,13,4,5,1,1,461,522,983,209,0.0008,1,,Chat
11858,20250513,829,32,2,1,1,1,324,117,441,220,0.0001,1,,Chat
11859,20250627,1623,20,3,5,3,2,231,435,666,867,0.0072,1,3.3,Chat
11860,20250320,1827,55,2,6,5,2,360,2167,2527,176,0.0014,1,,Vision
11861,20250515,1331,69,1,2,2,4,415,908,1323,1287,0.0157,1,,Embedding
11862,20250301,2103,79,4,5,4,1,1424,197,1621,263,0.0006,1,,Completion
11863,20250317,1850,62,2,6,2,3,1305,354,1659,293,0.0004,1,,Embedding
11864,20250409,1805,72,1,4,4,3,4931,144,5075,701,0.0268,1,,Chat
11865,20250109,1613,48,1,2,3,3,786,2028,2814,584,0.0343,1,,Chat
11866,20250108,1936,38,5,6,2,3,477,411,888,303,0.0027,1,,Chat
11867,20250115,2035,62,3,1,3,1,2810,389,3199,588,0.0143,1,,Completion
11868,20250611,1258,3,4,1,3,4,676,147,823,272,0.0004,1,3.7,Vision
11869,20250608,1951,15,1,2,1,3,5032,136,5168,257,0.0272,1,4.8,Embedding
11870,20250202,1158,68,3,2,1,2,226,181,407,729,0.0034,1,4.9,Completion
11871,20250105,1317,66,5,4,1,1,141,892,1033,238,0.0046,1,,Chat
11872,20250612,1117,10,6,7,1,3,1660,468,2128,275,0.0003,1,4.0,Vision
11873,20250325,1207,32,2,5,1,2,1110,228,1338,257,0.0003,1,,Completion
11874,20250614,902,21,3,1,1,2,4198,2630,6828,698,0.052,1,,Chat
11875,20250317,1214,36,6,5,2,4,1543,544,2087,236,0.0003,1,3.7,Chat
11876,20250326,1857,18,3,1,2,2,876,177,1053,635,0.0053,1,,Embedding
11877,20250128,1830,15,2,1,1,2,729,121,850,240,0.0002,1,4.2,Completion
11878,20250412,1815,53,3,3,1,4,1761,591,2352,620,0.0141,1,,Chat
11879,20250208,1805,6,4,3,1,3,1657,100,1757,372,0.0005,1,,Chat
11880,20250119,1631,58,2,7,1,1,2789,311,3100,391,0.0006,1,,Completion
11881,20250402,1515,36,1,1,1,4,439,1586,2025,834,0.026,1,,Chat
11882,20250214,1103,27,3,3,1,4,1789,4000,5789,540,0.0654,1,,Chat
11883,20250210,1600,51,2,1,2,3,248,203,451,359,0.0002,1,,Chat
11884,20250412,1518,12,6,7,2,1,554,1404,1958,189,0.0005,1,,Embedding
11885,20250520,1349,51,3,3,3,3,2190,262,2452,765,0.0105,1,,Chat
11886,20250120,1841,32,2,4,1,3,599,184,783,249,0.0002,1,3.5,Chat
11887,20250401,303,32,1,5,2,3,3663,773,4436,609,0.0299,1,,Completion
11888,20250616,740,40,1,2,4,3,4060,397,4457,778,0.0263,1,,Completion
11889,20250403,1343,2,1,2,6,4,266,2008,2274,895,0.0314,1,,Completion
11890,20250616,1710,65,5,7,4,2,883,119,1002,365,0.0017,1,,Chat
11891,20250404,2224,26,1,2,1,4,1504,684,2188,399,0.0178,1,,Chat
11892,20250502,518,66,4,2,6,3,481,1163,1644,411,0.0016,1,3.7,Chat
11893,20250613,1328,75,6,1,2,3,979,117,1096,290,0.0001,1,,Chat
11894,20250602,1142,59,2,1,1,2,698,261,959,251,0.0003,1,3.5,Chat
11895,20250221,1754,42,6,7,5,3,3895,285,4180,419,0.0004,1,,Chat
11896,20250519,940,77,3,1,2,4,1221,175,1396,578,0.0063,1,3.8,Chat
11897,20250425,1649,6,5,1,1,2,1820,170,1990,324,0.0031,1,3.3,Chat
11898,20250122,1826,43,1,1,6,2,3974,769,4743,515,0.0314,1,,Chat
11899,20250117,1103,19,1,1,3,3,576,584,1160,462,0.0116,1,3.9,Chat
11900,20250527,1603,42,1,2,2,4,1683,716,2399,231,0.0192,1,,Chat
11901,20250601,1402,7,4,1,2,1,440,2082,2522,154,0.0027,1,,Chat
11902,20250327,1318,63,1,4,2,3,1964,238,2202,1088,0.0134,1,,Chat
11903,20250314,2112,8,4,2,1,2,307,199,506,490,0.0003,1,,Chat
11904,20250108,1911,46,3,1,5,1,925,906,1831,334,0.0164,1,3.3,Chat
11905,20250322,2216,72,4,3,4,4,710,543,1253,188,0.0009,1,,Chat
11906,20250111,947,24,1,4,4,3,2102,3716,5818,527,0.0663,1,4.5,Completion
11907,20250105,1041,31,2,1,2,3,875,1328,2203,217,0.0009,1,,Completion
11908,20250326,1324,61,3,1,1,2,3093,1476,4569,585,0.0314,1,3.6,Completion
11909,20250414,1803,24,1,1,2,2,2272,611,2883,855,0.0205,1,3.5,Chat
11910,20250401,1710,57,2,1,1,1,259,1165,1424,313,0.0007,1,,Chat
11911,20250630,1956,47,2,4,2,3,696,407,1103,319,0.0003,1,4.6,Chat
11912,20250416,1620,26,1,1,4,2,6174,937,7111,643,0.0449,1,,Chat
11913,20250112,1815,56,6,1,2,4,979,4000,4979,2464,0.0013,1,3.7,Completion
11914,20250110,1815,37,4,5,3,2,1471,57,1528,207,0.0004,1,,Chat
11915,20250618,1240,55,1,1,1,3,298,413,711,338,0.0077,1,,Embedding
11916,20250102,943,41,4,7,1,3,826,1688,2514,146,0.0023,1,,Chat
11917,20250419,925,49,4,3,1,2,411,291,702,128,0.0005,1,,Vision
11918,20250621,1105,18,1,1,5,3,607,814,1421,746,0.0152,1,4.8,Chat
11919,20250131,1348,10,1,1,3,4,918,306,1224,661,0.0092,1,,Chat
11920,20250521,1022,10,4,4,4,3,2677,92,2769,215,0.0008,1,,Chat
11921,20250523,1732,23,1,1,1,3,899,1139,2038,1040,0.0216,1,,Embedding
11922,20250514,1751,25,3,5,2,2,402,201,603,607,0.0042,1,3.6,Vision
11923,20250615,1508,69,1,7,2,2,4474,285,4759,539,0.0266,1,,Completion
11924,20250315,1237,29,4,3,4,3,521,1177,1698,269,0.0016,0,3.4,Chat
11925,20250401,1401,11,1,2,6,3,3332,2728,6060,641,0.0576,1,,Chat
11926,20250402,1935,37,1,1,1,3,8331,541,8872,521,0.0498,1,,Chat
11927,20250328,2215,24,5,5,5,2,1824,333,2157,343,0.0039,1,4.9,Embedding
11928,20250601,937,40,6,6,1,3,1805,71,1876,384,0.0002,1,,Completion
11929,20250406,1141,55,5,1,5,2,150,60,210,233,0.0005,1,,Chat
11930,20250601,1603,28,1,6,4,2,333,186,519,537,0.0045,1,,Chat
11931,20250318,1744,48,4,6,1,4,1539,371,1910,376,0.0008,1,,Embedding
11932,20250421,1658,63,1,1,2,3,882,1428,2310,357,0.0258,1,3.7,Chat
11933,20250525,1557,16,3,5,1,3,417,689,1106,927,0.0116,1,4.6,Chat
11934,20250607,1415,38,6,3,1,3,657,400,1057,345,0.0002,1,,Chat
11935,20250404,2257,14,1,1,2,3,2572,373,2945,602,0.0185,1,4.3,Chat
11936,20250624,1037,14,5,4,5,1,218,41,259,234,0.0005,1,,Chat
11937,20250615,810,56,1,1,3,3,1475,370,1845,403,0.0129,1,,Chat
11938,20250112,513,77,4,1,4,3,485,74,559,349,0.0002,1,,Chat
11939,20250207,1532,9,1,3,5,2,1067,2387,3454,652,0.0411,1,4.8,Chat
11940,20250221,1530,53,4,4,2,3,1234,212,1446,229,0.0006,1,,Chat
11941,20250221,1431,33,1,5,5,2,348,3281,3629,686,0.051,1,,Completion
11942,20250527,1348,51,4,2,3,3,4345,129,4474,430,0.0012,1,,Chat
11943,20250320,1739,34,3,2,2,1,4092,509,4601,662,0.0199,1,,Completion
11944,20250202,1223,22,1,2,1,1,3627,873,4500,522,0.0312,1,,Chat
11945,20250103,1120,63,5,1,1,3,656,249,905,421,0.0021,1,,Chat
11946,20250208,1718,68,2,3,1,2,1374,402,1776,199,0.0004,1,,Completion
11947,20250412,1620,11,6,4,1,4,100,382,482,200,0.0001,1,,Chat
11948,20250108,1008,32,1,1,1,4,842,555,1397,644,0.0125,1,4.9,Chat
11949,20250308,1702,35,1,2,1,3,1125,546,1671,332,0.0138,1,4.3,Chat
11950,20250116,858,25,4,4,1,2,861,564,1425,254,0.0009,1,4.0,Embedding
11951,20250217,1731,17,2,1,1,3,187,463,650,196,0.0003,1,,Chat
11952,20250504,1052,67,2,5,2,1,334,308,642,323,0.0002,1,,Chat
11953,20250627,1521,31,3,7,5,2,1001,1097,2098,1033,0.0195,1,,Completion
11954,20250227,1323,31,2,1,3,1,724,196,920,241,0.0002,1,,Chat
11955,20250629,1836,74,1,3,1,3,4715,497,5212,761,0.031,1,4.9,Embedding
11956,20250430,1750,47,1,2,1,3,857,174,1031,806,0.0069,1,,Chat
11957,20250601,1723,13,3,5,3,3,2833,421,3254,996,0.0148,1,,Vision
11958,20250430,1537,40,6,7,3,1,236,85,321,250,0.0,1,3.7,Vision
11959,20250128,1423,19,6,1,6,1,513,1798,2311,319,0.0006,1,4.0,Chat
11960,20250414,1051,39,5,1,2,3,86,403,489,376,0.0021,1,3.5,Chat
11961,20250614,2149,12,2,1,1,3,554,1427,1981,146,0.0009,1,,Chat
11962,20250421,1257,75,5,6,3,3,266,647,913,152,0.0036,1,,Chat
11963,20250609,1543,29,2,2,1,2,217,1471,1688,243,0.0009,1,,Chat
11964,20250328,1551,50,2,2,6,2,132,92,224,204,0.0001,1,4.4,Chat
11965,20250610,1758,65,5,3,1,2,1203,830,2033,132,0.0057,1,,Embedding
11966,20250515,1601,17,3,1,2,3,765,279,1044,527,0.0065,1,3.5,Completion
11967,20250603,1318,67,1,1,3,2,2594,1748,4342,768,0.0392,1,,Embedding
11968,20250327,1650,66,6,4,1,3,3431,597,4028,259,0.0004,1,,Embedding
11969,20250306,1616,49,3,1,2,3,7388,263,7651,551,0.0261,0,,Chat
11970,20250119,1906,75,4,1,3,2,512,632,1144,406,0.0009,1,,Chat
11971,20250521,800,5,4,1,6,3,460,919,1379,267,0.0013,1,,Chat
11972,20250507,512,62,1,2,3,1,804,1280,2084,940,0.0232,1,4.8,Chat
11973,20250218,1454,41,5,2,2,2,1028,241,1269,368,0.0025,1,,Embedding
11974,20250405,1914,11,5,1,1,2,1327,298,1625,322,0.0031,1,,Completion
11975,20250430,1736,32,3,1,1,3,1377,1287,2664,734,0.0234,1,,Completion
11976,20250324,1943,19,5,6,4,3,1249,216,1465,417,0.0026,1,4.9,Embedding
11977,20250330,1540,20,1,6,2,2,1164,166,1330,702,0.0083,1,,Chat
11978,20250531,2119,78,2,5,6,1,57,33,90,355,0.0,1,,Chat
11979,20250629,1407,60,1,3,1,3,2623,365,2988,162,0.0186,1,,Completion
11980,20250214,1006,26,4,4,1,2,2708,225,2933,236,0.001,1,,Chat
11981,20250212,351,7,2,6,2,3,131,848,979,254,0.0005,1,3.7,Completion
11982,20250628,1728,16,2,1,1,3,337,94,431,254,0.0001,1,3.6,Chat
11983,20250624,1145,22,3,6,3,4,582,279,861,619,0.0059,1,3.9,Completion
11984,20250325,1244,2,5,6,1,3,287,1531,1818,324,0.008,1,,Chat
11985,20250429,1447,34,6,1,2,2,626,581,1207,332,0.0002,1,4.4,Chat
11986,20250325,949,17,5,1,1,4,167,47,214,455,0.0004,1,3.5,Completion
11987,20250110,1252,14,2,5,4,2,1133,392,1525,369,0.0004,1,3.5,Vision
11988,20250308,1302,66,3,3,5,1,354,224,578,570,0.0044,1,,Completion
11989,20250426,758,56,1,1,3,2,570,192,762,575,0.0057,1,,Embedding
11990,20250508,1259,13,3,4,2,3,1509,1355,2864,594,0.0249,1,3.5,Chat
11991,20250320,747,69,2,2,2,2,105,379,484,214,0.0002,1,,Vision
11992,20250105,1352,71,1,1,1,3,1862,2370,4232,252,0.0449,1,3.9,Completion
11993,20250617,912,60,3,2,1,4,1229,203,1432,311,0.0067,1,,Completion
11994,20250604,1952,77,3,1,1,3,469,173,642,388,0.004,1,3.5,Embedding
11995,20250219,1858,16,1,1,3,1,668,161,829,458,0.0058,1,,Chat
11996,20250116,1333,42,3,6,1,2,3267,1296,4563,473,0.0292,1,3.6,Completion
11997,20250111,1151,27,2,2,2,3,4414,769,5183,255,0.0011,1,4.6,Chat
11998,20250405,458,41,1,4,1,3,846,170,1016,453,0.0068,1,3.9,Vision
11999,20250523,1025,1,2,6,2,2,540,350,890,208,0.0003,1,,Chat
12000,20250602,850,27,2,5,1,1,566,216,782,120,0.0002,1,,Vision
12001,20250103,1629,21,3,4,2,2,646,465,1111,599,0.0089,1,4.2,Embedding
12002,20250623,1320,31,4,1,4,1,758,108,866,310,0.0003,1,,Chat
12003,20250201,1209,74,5,6,2,1,1765,660,2425,409,0.0055,1,,Chat
12004,20250310,1051,27,4,7,2,4,2117,357,2474,347,0.001,1,,Embedding
12005,20250625,1611,31,2,2,6,2,1005,130,1135,373,0.0002,1,,Chat
12006,20250331,1545,53,1,6,3,2,307,380,687,374,0.0072,1,,Chat
12007,20250509,851,49,1,2,2,2,3144,147,3291,349,0.0179,1,3.8,Completion
12008,20250205,2122,2,6,3,2,3,444,577,1021,390,0.0002,1,,Chat
12009,20250205,1759,80,2,1,3,2,760,320,1080,332,0.0003,1,3.8,Chat
12010,20250417,1334,28,4,4,2,1,1243,265,1508,265,0.0006,1,4.6,Embedding
12011,20250304,2115,36,3,6,2,1,828,612,1440,747,0.0117,1,,Completion
12012,20250118,1514,47,2,4,1,3,865,114,979,295,0.0002,1,3.6,Vision
12013,20250120,1444,49,5,1,5,2,1855,619,2474,398,0.0054,1,,Completion
12014,20250312,958,70,4,2,5,4,271,436,707,391,0.0006,1,,Chat
12015,20250420,1336,16,1,1,5,2,638,131,769,732,0.0052,1,,Chat
12016,20250627,1345,34,6,2,4,3,450,712,1162,271,0.0002,1,4.1,Chat
12017,20250217,1437,1,2,2,3,4,1495,2126,3621,236,0.0015,1,4.3,Completion
12018,20250605,1056,31,1,2,3,2,498,946,1444,401,0.0167,1,3.7,Chat
12019,20250509,1220,16,1,5,1,3,1006,2640,3646,921,0.0446,1,,Vision
12020,20250501,728,30,2,6,4,2,2769,117,2886,295,0.0005,1,,Chat
12021,20250318,1043,36,4,2,1,3,468,143,611,444,0.0003,1,,Chat
12022,20250611,1309,11,4,2,6,4,814,132,946,141,0.0004,1,,Completion
12023,20250616,1222,47,3,2,1,2,2256,536,2792,871,0.0148,1,,Chat
12024,20250409,1409,30,2,5,1,2,669,520,1189,289,0.0004,1,,Chat
12025,20250618,1727,26,1,2,6,1,2333,1429,3762,812,0.0331,1,,Chat
12026,20250602,1959,73,3,3,1,3,3068,3165,6233,526,0.0567,1,,Completion
12027,20250205,1707,62,2,2,1,3,191,738,929,285,0.0005,1,3.7,Embedding
12028,20250120,1719,72,4,1,1,2,3015,652,3667,239,0.0016,1,3.4,Chat
12029,20250616,939,13,3,1,1,2,2289,458,2747,800,0.0137,1,,Chat
12030,20250119,1142,80,6,7,3,3,288,268,556,329,0.0001,1,,Embedding
12031,20250115,1400,1,2,4,6,1,319,1526,1845,266,0.001,1,4.2,Completion
12032,20250214,414,43,1,1,2,3,3402,595,3997,611,0.0259,1,,Chat
12033,20250620,1353,65,1,6,1,4,1113,2938,4051,755,0.0496,1,3.9,Embedding
12034,20250528,1559,48,4,1,1,3,525,1435,1960,362,0.0019,1,,Completion
12035,20250130,1752,49,6,6,1,2,854,772,1626,318,0.0003,1,,Embedding
12036,20250326,1223,5,1,1,3,2,1938,4000,5938,696,0.0697,1,,Chat
12037,20250310,1958,1,3,1,4,2,4408,1027,5435,1026,0.0286,1,,Chat
12038,20250501,513,80,1,5,3,4,213,3107,3320,502,0.0477,1,3.6,Completion
12039,20250107,1407,64,2,3,1,3,3214,391,3605,445,0.0007,0,4.7,Completion
12040,20250406,1254,76,5,6,2,3,1157,347,1504,426,0.0032,1,,Chat
12041,20250222,1225,52,3,6,3,4,510,385,895,553,0.0073,1,,Chat
12042,20250529,1158,67,4,1,2,2,357,857,1214,417,0.0012,1,4.5,Chat
12043,20250524,1539,26,1,1,2,4,701,345,1046,178,0.0087,1,,Vision
12044,20250403,1526,56,5,5,1,2,359,1153,1512,144,0.0062,1,4.5,Chat
12045,20250614,1156,40,1,4,2,1,1217,936,2153,1060,0.0201,1,3.4,Chat
12046,20250414,808,8,5,4,6,1,506,98,604,357,0.0011,1,,Completion
12047,20250101,1131,4,5,1,4,2,606,285,891,291,0.0022,1,,Completion
12048,20250315,1310,26,3,5,1,1,506,652,1158,469,0.0113,1,4.3,Completion
12049,20250508,1730,19,1,1,2,2,1418,224,1642,1197,0.0105,1,,Completion
12050,20250214,2049,15,1,2,4,3,12000,434,12434,459,0.0665,1,,Completion
12051,20250108,1749,67,3,1,6,4,4056,725,4781,171,0.023,1,,Completion
12052,20250629,1012,72,4,3,1,2,972,188,1160,146,0.0005,1,3.9,Completion
12053,20250629,1226,53,1,1,1,4,52,339,391,553,0.0053,1,,Chat
12054,20250523,1522,76,1,1,2,2,2316,861,3177,854,0.0245,1,,Chat
12055,20250307,1322,1,2,6,3,3,179,342,521,194,0.0002,1,4.5,Vision
12056,20250509,839,64,5,5,1,3,1120,99,1219,346,0.0019,1,,Completion
12057,20250201,851,44,2,1,1,1,512,204,716,391,0.0002,1,,Vision
12058,20250309,1602,41,1,4,2,3,587,518,1105,952,0.0107,1,,Vision
12059,20250620,1956,64,1,5,3,1,340,2101,2441,932,0.0332,1,,Chat
12060,20250505,1440,75,5,1,1,2,612,206,818,157,0.0018,1,4.9,Chat
12061,20250212,1507,30,3,1,4,2,0,0,0,754,0.0,1,,Chat
12062,20250401,25,39,3,7,3,2,4432,1011,5443,163,0.0285,1,,Chat
12063,20250417,1515,12,5,5,5,1,2762,229,2991,494,0.0046,1,4.3,Chat
12064,20250626,1649,66,3,2,3,4,1798,234,2032,992,0.0089,1,,Embedding
12065,20250501,1018,2,2,3,2,2,400,66,466,367,0.0001,1,,Vision
12066,20250510,1651,39,1,4,6,3,1353,1215,2568,796,0.025,1,4.1,Chat
12067,20250328,1207,70,4,1,1,1,328,76,404,262,0.0002,1,,Chat
12068,20250627,812,8,5,5,1,3,770,288,1058,240,0.0024,1,4.3,Vision
12069,20250317,1805,38,6,4,4,1,273,68,341,257,0.0,1,4.5,Vision
12070,20250124,1113,63,6,2,2,2,742,151,893,321,0.0001,1,,Completion
12071,20250403,1039,5,2,2,2,1,274,557,831,275,0.0004,1,,Completion
12072,20250419,917,35,3,1,1,3,517,422,939,389,0.0079,1,,Embedding
12073,20250501,1245,5,3,1,2,2,1040,251,1291,797,0.0069,1,,Chat
12074,20250313,938,20,1,6,1,4,4654,489,5143,499,0.0306,1,,Chat
12075,20250429,1603,69,4,1,3,4,686,630,1316,120,0.001,1,,Chat
12076,20250513,1644,40,1,1,2,3,796,623,1419,629,0.0133,1,,Completion
12077,20250303,1930,16,4,3,1,2,124,1302,1426,349,0.0017,1,,Chat
12078,20250603,1408,20,1,5,1,1,319,122,441,522,0.0034,1,,Completion
12079,20250208,1605,74,4,3,1,2,661,539,1200,136,0.0008,1,4.8,Chat
12080,20250403,1408,46,3,1,2,2,4005,2390,6395,364,0.0479,1,4.6,Completion
12081,20250119,1247,70,4,1,1,4,489,193,682,368,0.0004,1,,Chat
12082,20250214,126,68,3,1,4,3,439,901,1340,717,0.0148,1,,Chat
12083,20250123,1517,39,2,2,1,4,2207,453,2660,120,0.0006,1,,Chat
12084,20250525,807,31,1,2,1,3,460,295,755,618,0.0067,1,,Completion
12085,20250123,1326,26,4,7,1,4,128,84,212,120,0.0001,1,4.1,Vision
12086,20250413,739,59,2,5,3,2,1623,262,1885,186,0.0004,1,,Completion
12087,20250120,633,1,2,1,2,3,267,553,820,326,0.0004,1,,Embedding
12088,20250403,1201,21,1,6,2,4,1025,111,1136,473,0.0068,1,,Embedding
12089,20250322,1630,68,2,3,1,3,362,1312,1674,398,0.0008,1,,Vision
12090,20250428,1256,57,5,5,3,3,523,2185,2708,363,0.0116,1,4.8,Chat
12091,20250131,1409,75,5,6,1,4,786,374,1160,278,0.0029,1,3.3,Chat
12092,20250516,930,43,1,6,5,1,895,153,1048,814,0.0068,1,3.6,Chat
12093,20250603,1308,51,1,6,2,3,2908,179,3087,973,0.0172,1,,Chat
12094,20250518,1912,15,3,2,1,2,277,372,649,559,0.0064,1,4.6,Chat
12095,20250306,804,37,5,5,1,2,526,530,1056,233,0.0033,1,,Completion
12096,20250111,741,13,2,2,1,2,1333,168,1501,212,0.0003,1,,Embedding
12097,20250622,2021,24,4,1,1,1,950,166,1116,163,0.0004,1,,Chat
12098,20250317,1745,37,2,2,1,3,1491,214,1705,156,0.0004,1,,Embedding
12099,20250408,1509,61,1,3,2,1,2425,422,2847,399,0.0185,1,,Chat
12100,20250513,1419,53,2,7,4,3,1007,218,1225,305,0.0003,1,,Chat
12101,20250124,1514,21,3,4,2,2,4211,403,4614,390,0.0187,1,,Completion
12102,20250416,1343,30,3,2,1,1,7240,112,7352,123,0.0234,1,4.6,Chat
12103,20250218,1328,35,3,1,4,4,916,493,1409,594,0.0101,1,3.6,Chat
12104,20250204,1804,47,1,1,3,2,1283,1311,2594,120,0.0261,1,,Chat
12105,20250421,1128,78,2,1,2,3,319,47,366,290,0.0001,1,,Chat
12106,20250328,1343,19,6,1,4,3,436,296,732,290,0.0001,1,,Completion
12107,20250213,1828,75,2,4,1,2,1185,436,1621,506,0.0004,1,3.9,Completion
12108,20250609,1122,50,3,5,1,3,343,1836,2179,1074,0.0286,1,,Chat
12109,20250306,1140,27,3,7,2,2,5312,362,5674,783,0.0214,1,,Chat
12110,20250627,1616,34,6,5,2,3,376,1587,1963,472,0.0005,1,4.8,Chat
12111,20250204,956,22,1,1,3,2,1637,1434,3071,221,0.0297,1,3.4,Chat
12112,20250212,1457,54,2,4,1,3,150,582,732,288,0.0004,1,,Chat
12113,20250610,1241,6,1,1,2,4,279,340,619,768,0.0065,1,,Completion
12114,20250210,1341,18,1,6,1,3,4413,1757,6170,896,0.0484,1,,Embedding
12115,20250101,1154,9,4,3,5,1,867,145,1012,156,0.0004,1,,Completion
12116,20250430,1858,69,1,2,3,3,408,176,584,673,0.0047,1,4.5,Completion
12117,20250613,1238,18,4,1,1,4,563,2344,2907,182,0.0031,1,3.5,Completion
12118,20250423,1513,53,1,6,2,4,1460,1570,3030,471,0.0309,1,,Vision
12119,20250129,1356,70,1,2,1,3,1501,154,1655,239,0.0098,1,,Completion
12120,20250114,1336,22,1,2,1,4,5103,430,5533,601,0.032,1,,Completion
12121,20250316,1830,23,1,3,1,2,1154,1258,2412,1256,0.0246,1,,Vision
12122,20250115,1115,40,2,5,2,3,567,462,1029,426,0.0004,1,,Completion
12123,20250327,1353,25,3,5,1,3,2777,837,3614,633,0.0209,1,,Vision
12124,20250317,1220,15,1,3,5,2,728,4000,4728,299,0.0636,1,4.6,Completion
12125,20250210,837,6,4,1,3,3,829,392,1221,321,0.0007,1,,Completion
12126,20250527,1000,57,1,2,1,2,479,458,937,856,0.0093,1,,Chat
12127,20250429,915,42,1,4,4,4,1557,369,1926,303,0.0133,1,4.3,Chat
12128,20250312,853,70,1,5,6,3,3328,339,3667,932,0.0217,1,,Chat
12129,20250108,1345,20,3,5,1,2,341,947,1288,467,0.0152,1,3.6,Embedding
12130,20250403,1205,66,2,1,1,1,1843,110,1953,235,0.0003,1,,Completion
12131,20250611,905,48,3,5,2,2,407,383,790,454,0.007,1,,Chat
12132,20250626,1253,33,1,6,3,2,2537,294,2831,315,0.0171,1,,Chat
12133,20250302,1615,61,1,3,1,3,627,3416,4043,556,0.0544,1,3.5,Chat
12134,20250319,1307,67,1,5,3,2,133,199,332,131,0.0037,1,,Chat
12135,20250522,1556,17,3,2,1,1,1234,1095,2329,833,0.0201,1,,Chat
12136,20250204,1759,69,4,1,6,4,543,355,898,336,0.0006,1,3.6,Chat
12137,20250425,1011,20,2,1,2,2,285,1222,1507,120,0.0008,1,,Chat
12138,20250112,1619,37,1,6,5,1,1884,207,2091,498,0.0125,1,,Completion
12139,20250109,1215,61,3,1,1,3,1663,840,2503,642,0.0176,1,,Chat
12140,20250627,1457,55,2,6,1,3,1204,556,1760,430,0.0005,1,4.6,Completion
12141,20250227,1849,29,1,2,5,3,1363,1106,2469,746,0.0234,1,4.8,Chat
12142,20250428,1412,4,2,7,2,1,304,379,683,120,0.0003,1,5.0,Chat
12143,20250304,1800,53,3,4,1,3,1901,517,2418,554,0.0135,1,4.3,Embedding
12144,20250411,1636,78,2,4,1,3,3476,454,3930,466,0.0008,1,,Chat
12145,20250501,1727,41,2,1,3,4,322,499,821,318,0.0003,1,3.7,Chat
12146,20250422,1013,9,6,1,6,3,460,229,689,289,0.0001,1,,Vision
12147,20250302,1207,40,1,2,5,3,1752,906,2658,938,0.0224,1,,Completion
12148,20250609,1607,48,1,6,2,1,663,4000,4663,491,0.0633,1,,Chat
12149,20250319,1212,34,1,2,1,4,2434,4000,6434,741,0.0722,1,,Embedding
12150,20250101,1114,10,2,1,4,3,152,77,229,281,0.0001,1,,Chat
12151,20250322,1649,63,3,5,3,4,323,743,1066,351,0.0121,1,,Chat
12152,20250514,1058,15,6,4,1,1,1174,174,1348,408,0.0001,1,4.9,Chat
12153,20250524,1114,63,2,1,2,2,1805,2265,4070,206,0.0016,1,3.2,Chat
12154,20250115,2357,63,5,1,4,2,673,192,865,250,0.0018,1,3.5,Chat
12155,20250616,1250,21,5,1,1,2,2348,1012,3360,407,0.008,1,,Completion
12156,20250409,855,75,1,5,1,4,1618,138,1756,880,0.0102,1,,Vision
12157,20250128,1239,52,1,7,1,2,2215,373,2588,250,0.0167,1,,Chat
12158,20250416,1721,36,1,6,4,3,3506,687,4193,169,0.0278,1,,Chat
12159,20250413,1733,25,1,7,3,2,640,983,1623,538,0.0179,1,3.7,Embedding
12160,20250301,1201,66,1,2,1,4,2203,275,2478,612,0.0151,1,,Chat
12161,20250415,1614,57,2,2,2,2,4674,310,4984,362,0.0009,0,,Completion
12162,20250409,931,62,2,3,1,4,3056,166,3222,267,0.0006,1,4.1,Completion
12163,20250103,1612,27,2,6,1,3,329,827,1156,215,0.0005,1,,Completion
12164,20250526,1748,66,5,1,3,1,1738,540,2278,349,0.0049,1,,Vision
12165,20250402,24,39,6,2,6,3,967,362,1329,312,0.0002,1,3.3,Chat
12166,20250215,1956,13,5,2,1,4,5411,286,5697,190,0.0082,1,3.8,Chat
12167,20250317,1858,65,2,1,1,2,195,411,606,309,0.0003,1,,Chat
12168,20250117,1351,17,2,3,1,1,636,81,717,194,0.0001,1,5.0,Chat
12169,20250404,1745,28,3,2,6,3,173,554,727,578,0.0088,1,4.6,Chat
12170,20250212,609,40,5,5,1,1,3050,137,3187,333,0.0045,1,,Completion
12171,20250609,1209,58,2,1,2,3,310,270,580,245,0.0002,1,,Chat
12172,20250405,1339,60,4,1,4,2,327,139,466,378,0.0003,1,4.1,Completion
12173,20250109,1401,6,2,4,5,2,629,154,783,434,0.0002,1,,Embedding
12174,20250226,1351,72,3,1,1,3,201,782,983,476,0.0123,1,4.2,Chat
12175,20250316,1702,21,1,7,4,1,3783,1446,5229,545,0.0406,1,,Chat
12176,20250413,1331,29,1,1,2,2,1717,1405,3122,413,0.0297,1,4.1,Chat
12177,20250114,1457,52,1,7,4,4,8672,361,9033,644,0.0488,1,,Completion
12178,20250125,58,39,3,1,2,3,1052,139,1191,636,0.0052,1,,Completion
12179,20250505,2006,40,4,6,2,1,1721,143,1864,320,0.0006,1,,Chat
12180,20250315,1314,7,1,4,2,2,3017,335,3352,762,0.0201,1,,Chat
12181,20250618,2115,61,5,7,1,4,63,546,609,409,0.0028,1,5.0,Chat
12182,20250121,727,53,4,6,3,3,347,236,583,208,0.0004,1,,Chat
12183,20250123,1000,51,2,2,1,2,474,681,1155,425,0.0005,1,,Chat
12184,20250128,1911,48,2,6,5,3,1626,1567,3193,479,0.0012,1,,Chat
12185,20250621,1422,4,2,6,1,3,2411,473,2884,258,0.0006,1,,Chat
12186,20250509,1311,1,1,1,1,4,3686,2421,6107,782,0.0547,1,,Embedding
12187,20250124,1225,40,1,1,4,3,820,103,923,732,0.0056,1,,Chat
12188,20250111,1504,19,6,1,1,4,259,493,752,324,0.0002,1,,Completion
12189,20250226,821,5,3,4,2,1,970,2295,3265,505,0.0373,1,,Embedding
12190,20250526,1445,62,3,6,1,3,1572,586,2158,806,0.0135,1,,Completion
12191,20250425,1741,16,3,2,5,3,4743,446,5189,769,0.0209,1,4.5,Completion
12192,20250428,1707,8,6,7,2,3,597,179,776,294,0.0001,1,,Chat
12193,20250312,1124,51,4,3,5,2,352,398,750,261,0.0006,1,,Completion
12194,20250605,1414,4,6,5,3,3,164,284,448,120,0.0001,1,4.8,Completion
12195,20250327,921,52,1,1,1,3,1225,1905,3130,772,0.0347,1,4.9,Chat
12196,20250417,1437,74,5,1,3,4,0,0,0,407,0.0,1,,Chat
12197,20250609,904,30,4,1,1,3,346,817,1163,246,0.0011,1,,Chat
12198,20250618,2136,44,5,7,2,2,1238,881,2119,120,0.006,1,,Chat
12199,20250111,1855,20,2,4,4,1,309,606,915,244,0.0004,1,,Chat
12200,20250601,1441,64,1,6,1,2,443,117,560,684,0.004,1,,Chat
12201,20250515,1213,35,2,3,1,1,297,79,376,120,0.0001,1,3.6,Chat
12202,20250625,1620,67,2,3,5,4,528,197,725,300,0.0002,1,4.9,Chat
12203,20250429,1843,24,5,4,1,4,847,226,1073,488,0.0022,1,,Chat
12204,20250301,1149,10,4,1,5,4,187,359,546,254,0.0005,1,,Chat
12205,20250404,1716,16,1,4,1,1,791,514,1305,453,0.0117,1,,Chat
12206,20250424,1754,39,2,3,2,4,756,261,1017,265,0.0003,1,,Chat
12207,20250509,1322,34,2,5,5,3,182,887,1069,388,0.0006,1,,Chat
12208,20250508,1451,19,1,2,4,4,1253,233,1486,1042,0.0098,1,3.7,Completion
12209,20250612,1921,70,6,7,1,4,948,663,1611,400,0.0003,1,,Vision
12210,20250220,1818,28,5,4,3,2,307,253,560,325,0.0016,1,,Completion
12211,20250207,1412,47,6,4,1,2,1309,570,1879,304,0.0003,1,,Chat
12212,20250628,333,59,2,4,3,3,1911,673,2584,482,0.0007,1,,Chat
12213,20250623,1248,19,3,3,1,3,212,507,719,753,0.0082,1,,Chat
12214,20250428,1249,46,3,1,1,3,5280,321,5601,627,0.0207,1,3.7,Chat
12215,20250610,1303,29,1,2,5,2,12000,254,12254,782,0.0638,1,,Chat
12216,20250407,935,53,3,7,5,3,1887,243,2130,900,0.0093,1,,Chat
12217,20250405,1721,62,4,4,4,3,849,101,950,274,0.0003,1,4.8,Completion
12218,20250614,1218,14,2,2,3,1,1404,153,1557,393,0.0003,1,,Chat
12219,20250519,1715,53,5,3,1,3,193,274,467,274,0.0016,1,4.3,Chat
12220,20250629,1828,49,4,2,1,4,358,394,752,387,0.0006,1,4.0,Chat
12221,20250517,1503,72,1,1,4,1,209,376,585,855,0.0067,1,,Chat
12222,20250329,1747,45,2,2,2,3,87,391,478,372,0.0002,1,,Chat
12223,20250308,1632,18,4,3,1,2,1197,1906,3103,275,0.0027,1,3.7,Embedding
12224,20250613,1514,37,1,6,1,3,523,329,852,574,0.0076,1,,Completion
12225,20250522,1741,13,5,5,5,2,339,943,1282,172,0.0051,1,3.3,Chat
12226,20250110,1613,43,4,1,2,3,1093,411,1504,376,0.0008,1,,Completion
12227,20250105,1143,23,6,7,1,4,437,145,582,280,0.0001,1,,Chat
12228,20250307,1356,41,5,6,1,3,1437,458,1895,347,0.0041,1,,Chat
12229,20250413,1323,73,4,3,1,4,958,1541,2499,148,0.0022,1,3.7,Vision
12230,20250106,637,32,2,7,3,1,1179,160,1339,144,0.0003,1,4.9,Chat
12231,20250311,1656,78,2,1,1,2,269,1221,1490,295,0.0008,1,4.9,Embedding
12232,20250516,1328,29,4,1,5,4,317,396,713,124,0.0006,1,3.4,Completion
12233,20250613,413,49,1,1,4,1,283,1772,2055,439,0.028,1,4.7,Chat
12234,20250514,817,19,2,1,5,4,614,2188,2802,387,0.0014,1,,Chat
12235,20250609,1050,17,1,7,2,1,590,282,872,442,0.0072,1,,Completion
12236,20250103,1639,70,5,1,2,2,491,128,619,149,0.0013,1,,Chat
12237,20250320,2352,30,3,2,3,4,2803,266,3069,925,0.0124,1,3.4,Chat
12238,20250104,917,39,1,4,2,2,1167,476,1643,691,0.013,1,5.0,Chat
12239,20250516,1011,11,1,1,3,2,1523,114,1637,564,0.0093,1,,Chat
12240,20250130,1937,48,1,1,1,3,3734,310,4044,302,0.0233,1,4.4,Chat
12241,20250601,548,75,6,1,2,4,1159,418,1577,317,0.0002,1,,Vision
12242,20250212,2024,45,4,1,5,2,763,400,1163,143,0.0007,1,,Chat
12243,20250301,2028,24,1,6,6,3,1136,276,1412,697,0.0098,1,4.3,Chat
12244,20250225,2220,36,1,1,1,2,11329,239,11568,917,0.0602,1,,Vision
12245,20250629,1540,53,1,1,1,3,3596,782,4378,789,0.0297,1,3.3,Chat
12246,20250513,1905,59,1,2,4,2,232,847,1079,383,0.0139,1,4.9,Chat
12247,20250103,1237,17,1,2,1,3,1340,231,1571,517,0.0102,1,4.6,Chat
12248,20250409,841,18,3,1,3,3,740,978,1718,846,0.0169,1,,Completion
12249,20250604,1046,51,4,6,1,2,2197,539,2736,420,0.0012,1,,Embedding
12250,20250313,606,42,1,6,2,3,1828,1075,2903,259,0.0253,1,,Chat
12251,20250514,2352,3,1,1,1,1,708,1008,1716,860,0.0187,1,3.8,Embedding
12252,20250603,1421,25,1,2,1,4,5355,4000,9355,397,0.0868,1,4.0,Chat
12253,20250407,1437,22,5,3,3,3,1516,82,1598,384,0.0023,1,,Chat
12254,20250228,2051,77,3,6,5,2,4836,912,5748,1000,0.0282,1,,Chat
12255,20250605,1543,80,1,1,1,3,357,366,723,591,0.0073,1,,Vision
12256,20250316,1351,14,1,2,1,2,1218,436,1654,699,0.0126,1,,Chat
12257,20250510,2013,51,1,1,4,4,1659,1093,2752,150,0.0247,1,,Chat
12258,20250622,1422,2,6,4,3,2,1768,953,2721,392,0.0004,1,,Chat
12259,20250613,1509,4,1,1,4,2,2026,317,2343,842,0.0149,1,,Completion
12260,20250120,1108,57,6,1,2,2,1227,342,1569,281,0.0002,1,,Chat
12261,20250305,1841,4,1,7,1,4,2347,787,3134,536,0.0235,1,,Chat
12262,20250421,2007,46,1,1,5,4,1868,1224,3092,668,0.0277,1,,Completion
12263,20250216,1152,19,2,6,1,4,915,199,1114,322,0.0003,1,,Chat
12264,20250318,32,48,4,1,4,2,463,326,789,186,0.0005,1,,Chat
12265,20250513,1543,56,5,4,4,3,454,328,782,225,0.0022,1,4.7,Chat
12266,20250112,1703,76,1,2,6,3,2312,798,3110,664,0.0235,1,4.6,Completion
12267,20250501,35,27,6,1,2,3,577,182,759,165,0.0001,1,4.5,Vision
12268,20250428,1734,63,6,4,1,3,2887,160,3047,252,0.0003,1,3.7,Completion
12269,20250508,1223,19,2,5,5,2,594,73,667,359,0.0001,1,,Embedding
12270,20250312,1853,6,2,1,4,4,119,1471,1590,438,0.0009,1,,Embedding
12271,20250404,118,16,5,2,1,4,94,295,389,408,0.0016,1,,Chat
12272,20250423,1530,79,1,5,3,2,1368,1037,2405,466,0.0224,1,,Chat
12273,20250219,1911,45,3,4,1,4,1207,127,1334,469,0.0055,1,,Embedding
12274,20250304,1549,39,3,1,2,1,1002,414,1416,696,0.0092,1,,Chat
12275,20250409,1554,13,5,1,1,4,219,934,1153,267,0.0049,1,,Chat
12276,20250328,1541,26,2,5,3,4,726,233,959,369,0.0002,1,,Chat
12277,20250612,1405,26,2,1,2,3,710,39,749,360,0.0001,1,,Completion
12278,20250522,1333,19,2,1,1,2,1312,1337,2649,360,0.001,1,,Embedding
12279,20250113,1403,68,2,1,1,4,513,2826,3339,327,0.0018,1,3.7,Chat
12280,20250501,1454,33,5,3,1,4,564,154,718,120,0.0015,1,4.9,Chat
12281,20250313,2034,77,1,2,1,2,614,502,1116,625,0.0106,1,,Completion
12282,20250403,1954,80,2,1,3,2,333,411,744,330,0.0003,1,,Chat
12283,20250116,841,9,4,4,4,3,175,179,354,303,0.0003,1,4.2,Embedding
12284,20250418,1411,21,2,2,4,2,597,575,1172,196,0.0004,1,,Completion
12285,20250607,1327,44,4,3,4,3,600,163,763,505,0.0004,1,4.2,Chat
12286,20250628,502,51,2,1,1,4,2031,652,2683,359,0.0007,1,4.2,Chat
12287,20250303,1419,20,3,5,1,1,5082,393,5475,739,0.0211,1,,Embedding
12288,20250603,1455,22,2,1,2,3,539,366,905,187,0.0003,1,4.4,Chat
12289,20250221,1142,59,4,1,3,1,2758,3825,6583,330,0.0055,1,4.7,Vision
12290,20250607,1708,69,1,5,5,1,1723,927,2650,773,0.0225,1,,Vision
12291,20250216,1815,4,5,4,1,3,2652,155,2807,557,0.0041,1,,Chat
12292,20250124,1411,7,3,1,1,3,1538,406,1944,556,0.0107,1,,Completion
12293,20250628,1632,70,4,1,2,2,1180,534,1714,235,0.001,1,,Completion
12294,20250514,303,64,5,2,2,2,132,334,466,312,0.0018,1,,Completion
12295,20250124,1207,11,1,6,2,3,669,797,1466,625,0.0153,1,,Completion
12296,20250117,1256,65,4,1,1,2,155,161,316,371,0.0002,1,4.7,Chat
12297,20250410,1055,51,2,1,1,3,1208,1073,2281,202,0.0008,1,,Embedding
12298,20250318,1203,55,2,5,4,1,1617,941,2558,216,0.0008,1,,Chat
12299,20250513,707,54,5,1,2,3,2057,542,2599,319,0.0053,1,4.5,Vision
12300,20250430,1748,53,1,5,1,2,409,872,1281,585,0.0151,1,4.8,Chat
12301,20250125,1652,30,2,3,2,4,1365,757,2122,338,0.0007,1,,Chat
12302,20250503,1525,66,4,1,1,4,858,451,1309,218,0.0008,1,3.5,Chat
12303,20250225,1212,63,2,1,2,4,955,574,1529,216,0.0005,1,,Chat
12304,20250424,948,68,2,1,2,2,147,113,260,227,0.0001,1,,Completion
12305,20250629,1202,20,1,6,4,3,1009,191,1200,237,0.0079,1,4.1,Chat
12306,20250516,1435,38,3,4,3,2,1520,1086,2606,835,0.0209,1,,Chat
12307,20250501,1529,55,5,5,4,2,737,695,1432,419,0.0044,1,3.4,Chat
12308,20250308,1131,6,3,4,1,3,2893,332,3225,699,0.0137,1,4.4,Chat
12309,20250211,1805,45,3,1,5,2,1018,243,1261,545,0.0067,1,3.8,Chat
12310,20250210,1000,19,3,1,3,2,457,1893,2350,771,0.0298,1,,Chat
12311,20250619,1119,26,2,1,1,3,274,151,425,209,0.0001,1,3.7,Vision
12312,20250222,1800,52,1,6,2,4,1199,4000,5199,640,0.066,0,4.4,Embedding
12313,20250614,1118,77,5,1,2,2,1533,79,1612,298,0.0023,1,,Completion
12314,20250317,922,33,2,3,1,2,93,298,391,361,0.0002,1,3.6,Chat
12315,20250208,1450,18,1,7,2,1,1471,50,1521,614,0.0081,1,,Completion
12316,20250414,1340,40,3,5,3,2,0,0,0,838,0.0,1,,Chat
12317,20250102,1159,78,3,3,4,3,992,993,1985,379,0.0179,1,,Chat
12318,20250222,1725,36,1,2,5,2,345,1121,1466,596,0.0185,1,,Chat
12319,20250615,1338,50,1,1,2,4,62,343,405,602,0.0055,1,4.1,Vision
12320,20250504,2021,28,2,2,3,4,643,189,832,361,0.0002,1,,Completion
12321,20250327,1125,33,1,1,1,3,3760,771,4531,445,0.0304,1,,Completion
12322,20250211,1734,76,1,1,3,1,2443,1409,3852,608,0.0334,1,3.5,Completion
12323,20250407,1620,78,1,1,4,4,9140,708,9848,559,0.0563,1,,Completion
12324,20250201,2044,2,3,5,1,1,2610,392,3002,1044,0.0137,1,,Vision
12325,20250430,939,2,1,4,1,4,2273,1788,4061,893,0.0382,1,,Completion
12326,20250120,1003,32,6,4,3,1,217,401,618,349,0.0001,1,,Embedding
12327,20250613,959,53,4,7,3,2,872,95,967,383,0.0003,1,4.3,Completion
12328,20250224,1127,46,1,2,5,3,1136,1367,2503,825,0.0262,1,,Completion
12329,20250521,1520,13,5,1,3,3,1679,467,2146,421,0.0044,1,4.5,Chat
12330,20250616,713,50,2,3,1,4,630,302,932,258,0.0003,1,,Chat
12331,20250208,1533,37,5,5,4,3,806,665,1471,163,0.0043,1,,Completion
12332,20250322,2337,24,1,3,5,2,905,790,1695,603,0.0164,1,3.6,Chat
12333,20250322,1445,43,5,2,1,4,410,393,803,336,0.0025,1,,Chat
12334,20250103,413,18,1,2,2,4,964,424,1388,1178,0.0112,1,4.1,Vision
12335,20250506,1734,20,5,6,2,1,2565,530,3095,288,0.0059,1,,Chat
12336,20250425,1523,65,3,1,3,3,4117,3173,7290,718,0.0599,1,,Embedding
12337,20250316,1125,59,1,2,3,2,3376,267,3643,738,0.0209,1,,Chat
12338,20250409,1612,3,1,5,5,3,1202,254,1456,546,0.0098,1,,Chat
12339,20250625,1208,4,1,5,6,3,467,417,884,319,0.0086,1,,Vision
12340,20250602,1656,64,4,3,3,4,897,413,1310,242,0.0007,1,4.6,Completion
12341,20250323,1247,32,1,1,3,1,584,972,1556,341,0.0175,1,3.3,Embedding
12342,20250102,1415,42,3,6,1,4,710,3195,3905,769,0.0501,1,,Completion
12343,20250118,1318,2,1,1,1,2,443,164,607,762,0.0047,1,,Completion
12344,20250121,2159,76,2,3,1,2,961,383,1344,298,0.0004,1,4.3,Chat
12345,20250203,1409,58,1,4,3,3,1641,313,1954,428,0.0129,1,,Completion
12346,20250217,1451,26,6,6,1,2,2550,639,3189,159,0.0004,1,,Completion
12347,20250108,1219,27,2,3,2,3,1281,1199,2480,455,0.0009,1,,Chat
12348,20250116,1306,62,1,7,4,2,3054,762,3816,622,0.0267,1,,Completion
12349,20250127,1434,46,2,1,2,4,711,896,1607,142,0.0006,1,,Chat
12350,20250612,1516,66,6,1,2,2,2658,1115,3773,335,0.0005,1,,Chat
12351,20250206,1002,22,3,1,4,4,2912,2118,5030,532,0.0405,1,,Chat
12352,20250217,1533,54,1,2,1,2,1090,335,1425,578,0.0105,1,,Chat
12353,20250615,1434,56,2,2,5,2,291,131,422,192,0.0001,1,5.0,Chat
12354,20250125,1505,47,2,1,4,2,177,50,227,414,0.0001,1,,Chat
12355,20250210,958,41,3,5,4,1,1103,1445,2548,322,0.025,1,5.0,Vision
12356,20250531,830,38,2,1,1,1,376,747,1123,277,0.0005,1,,Embedding
12357,20250609,1336,11,2,4,4,2,509,532,1041,420,0.0004,1,4.9,Chat
12358,20250430,151,18,1,1,5,2,1155,2564,3719,877,0.0442,1,4.6,Chat
12359,20250212,1536,48,4,1,1,3,91,239,330,246,0.0003,1,,Chat
12360,20250519,1558,45,3,1,4,3,1099,352,1451,1111,0.0086,1,,Completion
12361,20250111,1941,13,1,3,1,4,177,460,637,793,0.0078,1,,Chat
12362,20250319,1923,76,1,1,1,4,880,490,1370,671,0.0118,1,,Chat
12363,20250517,1650,32,2,1,2,4,167,59,226,402,0.0001,1,4.0,Completion
12364,20250304,1043,5,1,4,2,2,11188,264,11452,607,0.0599,1,,Chat
12365,20250104,1526,46,2,2,2,2,97,3769,3866,241,0.0023,1,,Completion
12366,20250530,1035,14,6,7,1,3,232,449,681,308,0.0002,1,,Chat
12367,20250611,928,5,2,1,5,2,193,809,1002,215,0.0005,1,,Completion
12368,20250308,742,28,1,1,3,3,1155,410,1565,1093,0.0119,1,,Chat
12369,20250122,1133,36,1,3,2,3,984,741,1725,520,0.016,1,,Chat
12370,20250606,1545,9,2,2,1,2,266,269,535,319,0.0002,1,3.7,Vision
12371,20250517,1848,48,4,5,1,2,392,198,590,431,0.0003,1,,Chat
12372,20250518,1108,10,1,1,2,2,1265,3062,4327,665,0.0523,1,4.6,Vision
12373,20250519,1328,19,3,4,1,4,1126,297,1423,752,0.0078,1,,Completion
12374,20250102,1009,75,5,7,1,2,1340,334,1674,303,0.0033,1,,Completion
12375,20250204,2042,11,5,2,2,2,180,337,517,342,0.0019,1,4.4,Chat
12376,20250502,1154,32,3,2,2,3,3467,358,3825,716,0.0158,1,5.0,Completion
12377,20250516,1333,74,5,2,2,3,769,351,1120,276,0.0027,1,,Vision
12378,20250305,1238,35,2,3,3,4,365,432,797,285,0.0003,1,,Completion
12379,20250627,1121,40,1,6,5,2,1888,387,2275,1003,0.0152,1,,Chat
12380,20250313,2342,42,3,3,4,3,5372,2135,7507,835,0.0481,1,,Vision
12381,20250212,1357,26,2,7,5,3,120,138,258,213,0.0001,1,,Chat
12382,20250221,1846,68,1,1,1,3,1730,321,2051,230,0.0135,1,,Chat
12383,20250331,2351,14,4,1,5,3,1074,714,1788,227,0.0012,1,,Chat
12384,20250525,1330,29,4,1,1,3,488,348,836,460,0.0006,1,4.2,Chat
12385,20250525,908,41,2,6,1,2,640,448,1088,268,0.0004,1,,Completion
12386,20250317,1720,68,1,2,4,1,236,3603,3839,338,0.0552,1,,Chat
12387,20250123,949,49,3,2,5,3,854,325,1179,746,0.0074,1,,Completion
12388,20250515,1519,73,2,2,1,3,736,98,834,266,0.0002,1,4.1,Chat
12389,20250613,1411,17,2,1,4,4,2016,391,2407,317,0.0005,1,3.3,Completion
12390,20250130,2103,56,3,2,6,3,419,416,835,391,0.0075,1,,Chat
12391,20250609,2037,64,1,3,1,3,7149,2571,9720,774,0.0743,1,,Completion
12392,20250316,1505,77,5,2,2,3,440,635,1075,154,0.0037,1,3.3,Chat
12393,20250429,801,65,2,1,1,1,455,1642,2097,229,0.0011,1,,Chat
12394,20250218,1258,63,2,4,2,4,861,708,1569,402,0.0006,1,,Completion
12395,20250618,950,75,5,1,6,3,609,399,1008,311,0.0028,1,,Chat
12396,20250519,1719,50,4,3,1,2,1391,337,1728,392,0.0008,1,4.4,Chat
12397,20250501,1705,72,4,2,2,4,1479,210,1689,349,0.0006,1,,Embedding
12398,20250422,1834,12,1,4,2,4,801,681,1482,1005,0.0142,1,,Chat
12399,20250309,1553,45,5,5,1,4,614,1144,1758,233,0.0065,1,3.6,Vision
12400,20250228,726,44,6,2,2,3,329,867,1196,331,0.0003,1,4.3,Chat
12401,20250211,1404,24,5,2,1,4,1728,380,2108,258,0.0041,1,,Completion
12402,20250429,1736,58,3,1,5,1,914,958,1872,469,0.0171,1,,Embedding
12403,20250219,908,40,1,2,1,2,563,587,1150,502,0.0116,1,,Completion
12404,20250601,1108,34,1,4,1,2,1148,561,1709,297,0.0142,1,,Vision
12405,20250119,344,47,2,1,3,3,953,371,1324,145,0.0004,1,,Chat
12406,20250122,1531,17,6,2,3,2,983,255,1238,472,0.0002,1,,Chat
12407,20250613,1955,35,2,6,3,3,464,239,703,137,0.0002,1,4.2,Chat
12408,20250201,1811,75,6,4,6,3,830,664,1494,120,0.0003,1,,Completion
12409,20250428,1753,55,1,5,6,1,804,1048,1852,768,0.0197,1,,Chat
12410,20250106,1349,6,2,3,5,3,355,463,818,198,0.0003,1,,Chat
12411,20250209,1806,9,1,3,3,2,650,614,1264,480,0.0125,1,,Embedding
12412,20250426,1406,31,3,1,3,2,477,279,756,1172,0.0056,1,,Chat
12413,20250108,1738,64,2,2,2,2,927,511,1438,309,0.0004,1,,Chat
12414,20250330,1315,19,1,5,1,3,2854,274,3128,1012,0.0184,1,,Chat
12415,20250503,1434,80,3,3,1,3,2986,2683,5669,761,0.0492,1,,Chat
12416,20250622,1052,52,4,6,1,1,1993,1396,3389,120,0.0022,1,,Chat
12417,20250126,1348,75,5,2,1,4,864,263,1127,157,0.0024,1,,Vision
12418,20250201,1025,52,1,5,4,2,210,1491,1701,962,0.0234,1,3.2,Chat
12419,20250314,1931,8,6,6,1,2,647,416,1063,384,0.0002,1,,Chat
12420,20250507,1333,58,1,1,2,1,518,349,867,689,0.0078,0,4.2,Vision
12421,20250120,1108,20,3,6,2,3,2150,166,2316,594,0.0089,1,,Chat
12422,20250604,1502,6,1,5,2,3,1529,299,1828,817,0.0121,1,,Completion
12423,20250424,1500,29,3,3,5,4,165,927,1092,553,0.0144,1,,Completion
12424,20250608,1105,70,3,6,2,3,584,232,816,696,0.0052,1,4.1,Chat
12425,20250608,1635,59,1,3,1,2,1561,1483,3044,782,0.0301,1,3.3,Completion
12426,20250202,528,63,2,1,4,2,291,907,1198,155,0.0006,1,,Embedding
12427,20250408,305,60,4,1,3,2,3457,425,3882,213,0.0014,1,4.7,Chat
12428,20250629,1037,60,2,1,1,3,1171,495,1666,312,0.0005,1,3.9,Chat
12429,20250503,1356,70,5,4,1,4,210,320,530,384,0.0019,1,,Chat
12430,20250111,1117,56,3,5,4,2,2443,409,2852,832,0.0135,1,4.5,Completion
12431,20250612,1033,55,4,2,3,3,673,486,1159,213,0.0008,1,,Completion
12432,20250615,1500,30,5,1,1,3,647,318,965,213,0.0024,1,,Chat
12433,20250418,1727,61,2,5,4,2,284,418,702,196,0.0003,1,,Chat
12434,20250623,1317,3,2,4,1,2,1186,258,1444,120,0.0003,1,,Chat
12435,20250215,804,12,2,4,2,2,95,349,444,279,0.0002,1,3.7,Chat
12436,20250515,1256,4,2,2,1,3,378,398,776,138,0.0003,1,,Embedding
12437,20250523,1735,21,6,4,5,2,711,147,858,238,0.0001,1,,Chat
12438,20250308,1329,12,1,6,4,2,336,1138,1474,869,0.0187,1,,Chat
12439,20250518,1402,21,1,4,1,3,3430,4000,7430,222,0.0771,1,,Completion
12440,20250202,1407,78,4,1,2,2,198,1244,1442,304,0.0016,1,,Embedding
12441,20250610,1116,7,5,4,1,1,526,1028,1554,324,0.0058,1,,Chat
12442,20250407,1633,80,4,7,1,3,2538,743,3281,390,0.0016,1,4.7,Chat
12443,20250322,1326,28,3,2,2,1,140,664,804,498,0.0104,1,,Completion
12444,20250327,1707,20,3,1,1,2,228,1321,1549,692,0.0205,1,,Chat
12445,20250404,1525,17,1,6,3,2,2486,585,3071,574,0.0212,1,,Chat
12446,20250513,1819,1,3,5,2,1,2423,1157,3580,631,0.0246,1,,Embedding
12447,20250314,1458,2,5,3,4,2,657,74,731,144,0.0012,1,,Completion
12448,20250430,1321,51,1,7,6,2,204,542,746,446,0.0092,1,4.4,Embedding
12449,20250305,1353,67,3,7,4,3,1587,102,1689,723,0.0063,1,,Chat
12450,20250428,1234,11,4,1,3,4,82,223,305,317,0.0003,1,,Chat
12451,20250629,1256,46,5,4,5,1,437,376,813,233,0.0024,1,4.7,Completion
12452,20250509,1242,6,4,6,1,3,201,212,413,464,0.0003,1,3.3,Completion
12453,20250606,1459,14,5,1,4,1,847,191,1038,241,0.002,1,4.7,Chat
12454,20250203,1301,39,1,5,1,3,3210,1879,5089,546,0.0442,1,,Completion
12455,20250415,1310,9,1,2,4,3,1058,1241,2299,756,0.0239,1,,Embedding
12456,20250421,1305,66,4,2,4,1,1650,513,2163,204,0.0011,1,,Embedding
12457,20250128,1423,75,1,3,1,1,1122,235,1357,598,0.0091,1,,Chat
12458,20250628,1839,12,5,1,4,4,1781,717,2498,356,0.0058,1,,Completion
12459,20250310,1450,8,2,3,1,3,387,533,920,120,0.0004,1,3.3,Chat
12460,20250217,1104,30,5,1,4,3,1797,217,2014,342,0.0033,1,,Completion
12461,20250503,1212,3,6,4,1,2,1091,89,1180,404,0.0001,1,4.2,Chat
12462,20250220,903,70,4,6,1,3,195,930,1125,279,0.0012,1,4.7,Chat
12463,20250513,1226,27,3,7,4,1,6423,1205,7628,547,0.0373,1,,Chat
12464,20250218,1301,16,5,2,1,2,1748,145,1893,421,0.0029,1,,Chat
12465,20250608,1205,31,5,2,6,1,303,832,1135,351,0.0045,1,,Completion
12466,20250308,636,64,1,7,1,2,1203,210,1413,831,0.0092,1,4.0,Vision
12467,20250102,2028,37,3,5,1,2,2293,292,2585,852,0.0113,1,3.8,Completion
12468,20250624,1348,18,1,6,1,2,1244,379,1623,673,0.0119,1,,Chat
12469,20250113,1304,59,4,2,1,4,76,337,413,266,0.0004,1,4.0,Completion
12470,20250331,1544,55,3,2,1,1,180,978,1158,656,0.0152,1,3.5,Completion
12471,20250414,1501,35,5,1,3,3,153,115,268,120,0.0008,1,4.2,Embedding
12472,20250423,1432,64,2,1,2,4,487,292,779,143,0.0002,1,,Completion
12473,20250207,907,3,1,5,2,3,110,167,277,502,0.0031,0,,Completion
12474,20250426,1143,68,5,6,1,2,625,631,1256,212,0.0039,1,4.8,Chat
12475,20250614,1511,63,5,2,1,3,1340,877,2217,327,0.0061,1,3.6,Chat
12476,20250424,1434,66,3,6,1,2,454,779,1233,564,0.013,1,,Embedding
12477,20250623,1907,79,2,2,2,2,722,288,1010,418,0.0003,1,,Chat
12478,20250306,1259,15,6,5,1,4,663,1822,2485,306,0.0006,1,4.4,Vision
12479,20250626,1801,53,2,1,2,2,2574,206,2780,369,0.0005,1,4.2,Chat
12480,20250214,1222,67,3,1,2,2,10300,2371,12671,819,0.0665,1,,Chat
12481,20250306,1821,54,4,1,3,3,355,1422,1777,191,0.0019,1,,Chat
12482,20250103,1556,62,5,6,2,4,349,686,1035,451,0.0039,1,,Chat
12483,20250305,1554,6,3,1,2,3,1835,540,2375,672,0.0136,1,,Chat
12484,20250602,1215,3,2,6,1,2,2892,648,3540,245,0.0008,1,,Chat
12485,20250127,1409,71,3,6,1,4,12000,779,12779,980,0.0477,1,,Vision
12486,20250123,1102,9,5,1,5,2,1018,194,1212,227,0.0022,1,5.0,Chat
12487,20250201,1732,8,5,6,1,4,297,119,416,347,0.001,1,,Chat
12488,20250203,1202,13,1,1,2,1,1012,108,1120,361,0.0067,1,,Chat
12489,20250402,1401,66,1,4,2,1,1060,1427,2487,445,0.0267,1,,Completion
12490,20250410,1308,65,3,3,2,3,1403,495,1898,785,0.0116,1,4.5,Chat
12491,20250530,925,39,4,2,3,3,1054,869,1923,199,0.0013,1,,Completion
12492,20250202,1556,64,6,6,1,4,917,544,1461,280,0.0002,1,3.8,Completion
12493,20250615,1912,3,5,7,1,3,4443,561,5004,310,0.0084,1,,Chat
12494,20250218,1405,78,5,7,1,3,203,98,301,166,0.0007,1,,Embedding
12495,20250131,1503,67,1,5,4,3,1104,2567,3671,120,0.044,1,4.9,Chat
12496,20250530,1407,72,6,3,1,2,982,708,1690,294,0.0003,1,,Vision
12497,20250501,1517,66,1,1,1,2,1597,913,2510,645,0.0217,1,,Completion
12498,20250404,2221,17,3,2,1,3,2387,725,3112,482,0.018,1,,Completion
12499,20250519,1206,76,2,1,1,4,2589,39,2628,285,0.0004,1,,Chat
12500,20250403,1324,39,3,3,5,1,2208,774,2982,994,0.0182,1,,Vision
12501,20250410,1409,58,6,3,1,3,627,741,1368,430,0.0003,1,,Completion
12502,20250417,1646,40,5,1,2,2,1653,274,1927,292,0.0034,1,,Embedding
12503,20250330,1914,62,3,2,2,2,2268,478,2746,657,0.014,1,,Chat
12504,20250523,1849,7,3,6,3,1,4130,270,4400,732,0.0164,1,,Chat
12505,20250314,1339,53,1,1,5,4,1254,2129,3383,595,0.0382,1,4.2,Chat
12506,20250309,1134,65,2,2,2,2,319,284,603,207,0.0002,1,4.4,Chat
12507,20250506,1052,74,1,2,3,4,550,273,823,476,0.0068,1,4.5,Chat
12508,20250604,1547,74,1,1,3,1,188,308,496,627,0.0056,1,,Completion
12509,20250509,1846,34,6,4,1,3,533,289,822,271,0.0001,1,,Chat
12510,20250413,630,50,2,5,5,2,1203,558,1761,359,0.0005,1,,Chat
12511,20250102,51,17,3,6,2,4,365,146,511,810,0.0033,1,3.8,Vision
12512,20250617,1225,65,5,1,1,3,273,259,532,219,0.0016,1,3.7,Chat
12513,20250319,2015,16,3,1,2,1,12000,127,12127,314,0.0379,1,4.7,Chat
12514,20250113,1054,61,5,3,2,1,357,170,527,260,0.0013,1,,Chat
12515,20250625,1251,57,1,1,4,3,345,226,571,1001,0.0051,1,,Embedding
12516,20250128,1229,60,6,2,4,4,460,90,550,234,0.0001,1,4.9,Chat
12517,20250502,1701,19,5,6,2,4,1136,658,1794,162,0.0047,1,3.4,Chat
12518,20250302,941,45,3,4,1,3,4160,1319,5479,591,0.0323,1,3.5,Chat
12519,20250620,1719,63,5,4,1,2,225,114,339,121,0.0009,1,,Completion
12520,20250126,1509,18,3,1,1,2,1663,366,2029,472,0.0105,1,4.8,Chat
12521,20250113,2338,68,1,1,2,1,1033,2249,3282,616,0.0389,1,,Chat
12522,20250416,1109,64,1,5,5,3,5522,1274,6796,644,0.0467,1,3.4,Chat
12523,20250430,1833,16,5,1,1,4,6427,177,6604,326,0.0089,1,4.6,Chat
12524,20250122,1212,14,4,1,2,3,286,145,431,436,0.0003,1,,Chat
12525,20250614,653,40,1,2,2,3,2225,274,2499,1053,0.0152,1,4.3,Chat
12526,20250313,1252,14,1,2,1,3,930,2673,3603,849,0.0447,1,,Chat
12527,20250202,1626,28,2,1,6,3,1373,131,1504,352,0.0003,1,,Completion
12528,20250321,1304,16,4,4,1,1,920,498,1418,171,0.0009,1,,Chat
12529,20250120,1631,80,6,1,4,4,562,115,677,265,0.0001,1,3.6,Chat
12530,20250325,1435,66,4,5,2,2,1134,43,1177,318,0.0003,1,,Chat
12531,20250105,1155,48,6,1,3,4,1378,329,1707,247,0.0002,1,4.8,Vision
12532,20250423,1313,4,2,1,1,4,897,714,1611,192,0.0006,1,,Chat
12533,20250203,1216,78,2,3,1,4,2495,242,2737,315,0.0005,1,,Chat
12534,20250311,957,18,3,1,4,4,241,224,465,493,0.0041,1,,Chat
12535,20250210,1803,29,1,1,1,3,4228,96,4324,526,0.0226,1,,Chat
12536,20250203,1657,37,5,2,5,2,604,1186,1790,346,0.0067,1,,Chat
12537,20250413,1240,54,1,2,2,3,1120,570,1690,457,0.0141,1,4.3,Embedding
12538,20250305,1731,79,3,7,2,4,2814,926,3740,705,0.0223,1,,Embedding
12539,20250304,932,21,2,1,1,1,1047,368,1415,476,0.0004,1,,Chat
12540,20250317,848,25,3,4,2,1,649,133,782,600,0.0039,1,,Chat
12541,20250607,721,50,1,7,4,4,4383,1698,6081,613,0.0474,1,4.5,Vision
12542,20250120,951,52,5,4,1,2,168,181,349,341,0.0011,1,,Chat
12543,20250327,1043,44,3,3,5,2,9032,2480,11512,650,0.0643,1,3.7,Completion
12544,20250128,1212,3,3,1,2,4,758,2747,3505,500,0.0435,1,,Chat
12545,20250122,1705,20,1,1,3,2,1368,1185,2553,463,0.0246,1,,Chat
12546,20250604,1201,41,3,3,2,4,1307,330,1637,934,0.0089,1,4.2,Chat
12547,20250227,1058,61,1,1,1,2,752,2188,2940,915,0.0366,1,3.5,Chat
12548,20250107,2018,63,1,1,3,3,198,728,926,670,0.0119,1,,Completion
12549,20250504,1141,59,1,5,1,2,1852,443,2295,686,0.0159,1,3.9,Vision
12550,20250423,315,4,5,1,2,3,884,448,1332,360,0.0033,1,,Chat
12551,20250510,1441,66,4,2,2,3,247,81,328,277,0.0002,1,,Chat
12552,20250627,1253,46,5,1,2,2,113,1319,1432,290,0.0067,1,4.9,Chat
12553,20250521,1902,80,2,7,2,1,89,1141,1230,232,0.0007,1,,Completion
12554,20250110,1913,27,4,7,3,3,807,485,1292,324,0.0008,1,4.3,Completion
12555,20250203,1210,38,3,1,1,1,701,427,1128,315,0.0085,1,,Completion
12556,20250422,1203,70,4,2,1,1,355,92,447,324,0.0002,1,,Chat
12557,20250218,1454,20,2,6,2,4,830,597,1427,256,0.0005,1,,Chat
12558,20250511,1010,6,1,1,5,2,1815,37,1852,625,0.0096,1,,Vision
12559,20250107,1725,78,4,3,4,2,1706,210,1916,120,0.0007,1,4.1,Completion
12560,20250101,332,63,1,2,1,1,2535,429,2964,1108,0.0191,1,,Embedding
12561,20250323,807,70,2,1,2,1,905,1356,2261,300,0.0009,1,4.0,Completion
12562,20250512,746,23,1,2,3,3,12000,2701,14701,598,0.1005,1,,Chat
12563,20250217,1735,59,1,2,2,1,3070,1107,4177,335,0.032,1,,Completion
12564,20250530,1539,15,2,6,1,2,2476,507,2983,318,0.0007,1,3.6,Completion
12565,20250301,1148,61,2,1,1,4,294,86,380,354,0.0001,1,,Completion
12566,20250624,1300,32,6,1,4,2,198,757,955,222,0.0002,1,,Chat
12567,20250520,1044,8,3,1,3,3,815,500,1315,754,0.0099,1,,Chat
12568,20250325,1015,28,3,2,5,2,3678,953,4631,532,0.0253,1,3.5,Chat
12569,20250503,1352,77,5,1,1,2,454,349,803,428,0.0023,1,,Chat
12570,20250508,1247,68,1,1,1,4,1618,309,1927,771,0.0127,1,,Embedding
12571,20250314,1558,7,1,1,4,2,5062,273,5335,807,0.0294,1,,Chat
12572,20250517,1944,7,1,5,1,4,864,533,1397,693,0.0123,1,,Chat
12573,20250322,1359,68,4,1,1,3,780,585,1365,268,0.0009,1,,Vision
12574,20250118,1326,42,5,3,1,4,845,235,1080,245,0.0022,1,4.1,Chat
12575,20250617,1046,80,6,1,2,4,640,483,1123,253,0.0002,1,,Completion
12576,20250527,1055,6,3,1,1,3,1216,877,2093,679,0.0168,1,3.4,Embedding
12577,20250621,2224,8,2,1,1,1,368,290,658,356,0.0002,1,3.6,Chat
12578,20250323,1108,18,1,4,4,4,9211,604,9815,777,0.0551,1,,Completion
12579,20250221,1418,64,3,4,4,2,3709,219,3928,1007,0.0144,1,4.9,Chat
12580,20250610,1419,61,6,2,3,2,1203,176,1379,313,0.0001,1,,Chat
12581,20250226,1018,3,5,2,1,3,1916,110,2026,295,0.0029,1,,Embedding
12582,20250627,1204,27,1,1,5,2,280,247,527,752,0.0051,1,,Completion
12583,20250610,1014,57,3,5,2,1,685,858,1543,858,0.0149,1,,Chat
12584,20250430,1614,23,2,4,2,3,637,397,1034,291,0.0003,0,3.3,Embedding
12585,20250614,943,6,5,1,2,2,855,135,990,340,0.0017,1,4.0,Completion
12586,20250510,1425,36,3,5,4,4,153,1525,1678,531,0.0233,1,,Embedding
12587,20250214,1159,16,2,2,3,2,1572,287,1859,338,0.0004,1,,Chat
12588,20250207,1116,28,3,2,2,3,2991,725,3716,742,0.0198,1,,Completion
12589,20250323,1323,50,3,1,6,2,6834,3557,10391,148,0.0739,1,4.7,Embedding
12590,20250128,1726,31,1,2,2,1,454,976,1430,245,0.0169,1,,Completion
12591,20250611,1526,20,1,1,2,2,580,389,969,551,0.0087,1,,Chat
12592,20250328,1107,55,6,1,3,2,351,235,586,264,0.0001,1,,Completion
12593,20250605,1555,72,2,6,1,2,3549,147,3696,292,0.0006,1,,Chat
12594,20250507,1742,2,2,3,2,1,351,48,399,120,0.0001,1,,Completion
12595,20250403,558,33,1,3,5,4,6248,1078,7326,821,0.0474,1,,Chat
12596,20250330,1732,73,2,1,1,2,396,2339,2735,312,0.0015,1,3.9,Chat
12597,20250102,1334,39,2,3,2,3,1806,582,2388,410,0.0006,1,,Chat
12598,20250611,1954,9,2,1,4,3,483,387,870,190,0.0003,1,3.5,Embedding
12599,20250607,729,76,2,1,2,1,1412,745,2157,120,0.0007,1,,Chat
12600,20250418,1148,20,3,1,2,3,1416,694,2110,1115,0.0147,1,,Completion
12601,20250623,1105,14,2,1,2,1,570,573,1143,245,0.0004,1,4.2,Chat
12602,20250317,1134,65,1,1,2,4,744,750,1494,610,0.015,1,3.5,Completion
12603,20250415,1618,5,3,1,1,2,1914,37,1951,251,0.0063,1,4.5,Chat
12604,20250504,1141,75,2,1,4,4,1606,189,1795,316,0.0004,1,,Chat
12605,20250622,1610,1,1,1,1,3,2299,357,2656,388,0.0169,1,4.0,Chat
12606,20250120,821,70,2,4,2,4,9641,486,10127,460,0.0017,1,4.5,Chat
12607,20250605,1039,46,2,6,3,3,2045,220,2265,277,0.0004,1,,Completion
12608,20250413,1253,18,2,6,2,2,301,158,459,276,0.0001,1,,Completion
12609,20250327,1125,35,1,6,5,2,1520,271,1791,810,0.0117,1,4.6,Chat
12610,20250407,1246,66,1,4,4,3,6883,573,7456,626,0.043,1,,Chat
12611,20250407,2002,41,1,7,2,2,816,408,1224,490,0.0102,1,4.4,Embedding
12612,20250607,1400,72,1,5,4,4,642,1258,1900,639,0.0221,1,,Completion
12613,20250502,1742,68,1,2,3,3,2768,369,3137,482,0.0194,1,,Chat
12614,20250201,1216,74,2,5,1,3,670,438,1108,323,0.0004,1,4.1,Completion
12615,20250224,1329,61,3,1,3,3,677,344,1021,767,0.0072,1,,Vision
12616,20250504,1154,50,3,4,2,2,2345,1057,3402,998,0.0229,1,,Embedding
12617,20250225,1257,45,3,6,5,1,967,66,1033,435,0.0039,1,,Chat
12618,20250310,1000,3,3,1,1,1,2220,3350,5570,782,0.0569,1,4.0,Chat
12619,20250205,1729,67,3,6,4,4,657,192,849,594,0.0049,1,,Vision
12620,20250214,1151,69,3,5,4,4,566,740,1306,380,0.0128,1,,Embedding
12621,20250223,1717,31,1,1,1,3,898,576,1474,672,0.0131,1,4.0,Chat
12622,20250101,1217,27,3,1,3,1,4748,130,4878,941,0.0162,1,,Chat
12623,20250225,1252,79,3,7,2,3,3363,728,4091,843,0.021,1,,Embedding
12624,20250222,1303,66,1,2,2,4,1700,1707,3407,671,0.0341,1,,Chat
12625,20250510,1901,32,1,7,1,2,1904,300,2204,569,0.014,1,,Chat
12626,20250527,1718,50,1,5,4,1,387,1278,1665,566,0.0211,1,4.7,Chat
12627,20250526,840,17,1,6,1,4,1647,309,1956,519,0.0129,1,,Chat
12628,20250319,1105,54,6,3,2,1,737,237,974,318,0.0001,1,,Completion
12629,20250210,1818,6,5,1,2,3,1083,1532,2615,3848,0.009,1,3.3,Chat
12630,20250106,1207,7,2,2,2,3,235,258,493,291,0.0002,1,4.0,Chat
12631,20250506,2236,51,5,3,2,1,474,418,892,213,0.0027,1,,Chat
12632,20250425,1254,37,3,6,2,2,397,149,546,959,0.0034,1,3.6,Completion
12633,20250418,1844,66,1,2,1,1,925,1652,2577,352,0.0294,1,,Chat
12634,20250514,1359,49,2,2,1,1,778,968,1746,299,0.0007,1,4.3,Chat
12635,20250206,1622,24,2,1,2,4,435,413,848,403,0.0003,1,4.4,Chat
12636,20250221,737,74,3,3,3,3,4171,493,4664,330,0.0199,0,4.5,Completion
12637,20250318,1220,45,4,1,2,1,2124,219,2343,309,0.0008,1,3.4,Embedding
12638,20250304,738,41,2,1,1,3,128,132,260,379,0.0001,1,,Chat
12639,20250104,1330,31,3,1,2,4,0,0,0,477,0.0,1,3.2,Completion
12640,20250130,2045,31,2,3,1,4,407,773,1180,374,0.0005,1,4.5,Chat
12641,20250414,1423,3,2,2,1,3,706,433,1139,291,0.0004,1,3.4,Chat
12642,20250212,1211,69,6,1,2,3,433,238,671,399,0.0001,1,,Chat
12643,20250119,726,22,3,1,1,2,814,441,1255,598,0.0091,1,,Chat
12644,20250105,1508,14,1,1,4,1,347,1594,1941,851,0.0256,1,3.7,Chat
12645,20250409,1606,12,6,1,5,2,551,176,727,248,0.0001,1,,Completion
12646,20250320,1433,80,5,1,5,2,1211,308,1519,315,0.0031,1,,Completion
12647,20250628,1234,27,1,6,5,3,1783,474,2257,710,0.016,1,,Completion
12648,20250107,625,66,2,4,2,3,1031,522,1553,331,0.0005,1,3.5,Chat
12649,20250103,1000,9,2,1,1,3,351,157,508,312,0.0001,1,,Completion
12650,20250329,1634,22,2,4,1,4,355,1010,1365,407,0.0007,1,,Chat
12651,20250314,1419,21,3,2,3,3,1940,122,2062,529,0.0076,1,5.0,Completion
12652,20250113,814,64,2,3,1,3,293,511,804,354,0.0004,1,4.5,Completion
12653,20250320,1730,4,1,1,1,2,1705,989,2694,288,0.0234,1,,Completion
12654,20250601,844,9,2,7,2,1,550,548,1098,236,0.0004,1,,Chat
12655,20250629,856,28,4,6,2,3,356,149,505,120,0.0003,1,,Completion
12656,20250408,2215,26,5,1,1,3,2017,61,2078,120,0.0028,1,,Chat
12657,20250430,1014,80,4,2,2,3,174,2502,2676,201,0.0032,1,,Completion
12658,20250423,1540,20,4,7,2,2,421,122,543,382,0.0003,1,4.9,Completion
12659,20250424,1615,54,2,3,2,2,630,2501,3131,303,0.0016,1,,Completion
12660,20250201,1213,13,2,4,2,3,3728,465,4193,439,0.0008,1,,Chat
12661,20250309,1343,5,5,3,1,2,50,87,137,386,0.0005,1,,Chat
12662,20250516,1114,40,4,1,2,3,835,865,1700,297,0.0013,1,4.7,Chat
12663,20250322,1057,46,1,5,1,1,1324,666,1990,557,0.0166,1,3.3,Completion
12664,20250502,828,54,6,1,1,2,483,305,788,138,0.0001,1,,Completion
12665,20250212,1058,20,4,1,1,2,348,67,415,292,0.0002,1,,Chat
12666,20250324,1445,48,1,1,5,3,777,163,940,742,0.0063,1,,Completion
12667,20250217,1612,51,2,5,3,3,726,342,1068,338,0.0003,1,,Completion
12668,20250227,1320,17,1,4,3,3,534,562,1096,560,0.0111,1,,Completion
12669,20250610,1359,60,1,1,6,2,3243,192,3435,690,0.0191,1,,Chat
12670,20250520,851,73,1,3,5,3,534,2684,3218,754,0.0429,1,,Chat
12671,20250207,1424,57,1,5,2,1,255,481,736,178,0.0085,1,,Chat
12672,20250507,1440,25,4,4,1,4,216,530,746,295,0.0007,1,,Embedding
12673,20250213,910,38,2,1,6,2,937,1957,2894,260,0.0013,1,,Chat
12674,20250602,1736,25,5,3,1,2,100,491,591,224,0.0026,1,3.4,Chat
12675,20250111,1200,30,5,5,1,1,1136,268,1404,121,0.0028,1,4.1,Completion
12676,20250627,2013,18,3,7,1,1,314,271,585,679,0.005,1,,Chat
12677,20250206,1434,47,5,5,2,4,977,369,1346,392,0.0031,1,,Chat
12678,20250331,1547,32,5,5,6,3,228,36,264,294,0.0005,0,,Chat
12679,20250124,1931,58,1,3,1,2,382,221,603,730,0.0052,1,,Chat
12680,20250401,1549,49,1,1,3,3,4114,2861,6975,703,0.0635,1,,Completion
12681,20250612,1013,80,1,7,2,4,546,359,905,884,0.0081,1,,Chat
12682,20250108,1126,69,5,2,1,3,1580,90,1670,308,0.0024,1,3.7,Chat
12683,20250210,1022,29,1,7,1,2,2257,471,2728,831,0.0184,1,,Embedding
12684,20250208,1231,50,2,6,3,2,649,656,1305,270,0.0005,1,,Embedding
12685,20250211,1441,18,4,5,3,3,1318,309,1627,124,0.0007,1,,Chat
12686,20250329,1136,10,2,3,6,3,117,267,384,326,0.0002,1,,Chat
12687,20250130,1452,62,1,2,1,2,5402,2035,7437,708,0.0575,1,,Chat
12688,20250418,435,18,5,7,1,2,1217,171,1388,366,0.0024,1,3.6,Completion
12689,20250414,1542,52,1,2,3,4,2581,969,3550,1193,0.0274,1,,Completion
12690,20250222,1642,37,5,1,2,3,210,821,1031,237,0.0044,1,,Chat
12691,20250619,1914,30,1,4,6,2,6265,1086,7351,359,0.0476,1,,Chat
12692,20250609,1227,58,5,3,1,2,2223,1806,4029,286,0.0118,1,,Completion
12693,20250311,1238,49,6,7,4,2,229,122,351,302,0.0001,1,,Completion
12694,20250525,1616,76,5,3,1,2,174,668,842,414,0.0036,1,4.6,Chat
12695,20250406,1612,9,3,4,4,3,6994,843,7837,733,0.0336,1,4.5,Completion
12696,20250501,1526,74,6,1,5,2,2260,521,2781,228,0.0003,1,,Chat
12697,20250618,1524,52,4,1,2,1,982,275,1257,380,0.0006,1,,Chat
12698,20250422,1450,2,2,2,2,4,1254,509,1763,208,0.0005,1,,Vision
12699,20250107,1016,38,4,6,2,2,349,308,657,435,0.0005,1,,Chat
12700,20250109,1315,74,2,5,2,1,931,693,1624,244,0.0006,1,4.4,Completion
12701,20250220,1211,64,1,4,3,1,3833,1032,4865,521,0.0346,1,,Chat
12702,20250602,1218,39,6,4,2,3,718,437,1155,401,0.0002,1,,Chat
12703,20250205,1631,21,5,2,1,4,274,169,443,310,0.0012,1,3.7,Chat
12704,20250610,1418,1,2,2,4,3,311,808,1119,120,0.0005,1,,Chat
12705,20250412,1534,19,1,4,2,3,285,1389,1674,589,0.0223,1,,Chat
12706,20250205,1627,43,6,1,2,3,467,1019,1486,120,0.0003,1,4.5,Chat
12707,20250313,1721,35,1,5,2,2,729,859,1588,744,0.0165,1,4.6,Chat
12708,20250328,820,5,2,6,2,2,1632,461,2093,291,0.0005,1,,Embedding
12709,20250222,1554,17,3,1,1,2,1518,1330,2848,542,0.0245,1,,Chat
12710,20250119,1701,15,3,3,2,2,2373,511,2884,1070,0.0148,1,,Embedding
12711,20250318,1556,10,4,1,1,3,792,538,1330,269,0.0009,1,,Chat
12712,20250616,1831,71,1,1,1,4,1311,1310,2621,406,0.0262,1,3.5,Chat
12713,20250502,643,13,6,5,2,3,955,238,1193,261,0.0001,1,,Embedding
12714,20250615,444,67,1,1,4,1,7336,664,8000,953,0.0466,1,3.2,Chat
12715,20250216,857,72,2,6,3,4,726,467,1193,293,0.0004,1,,Chat
12716,20250630,1430,26,3,3,2,4,333,813,1146,458,0.0132,1,3.6,Completion
12717,20250530,1152,4,1,1,1,1,1361,430,1791,583,0.0133,1,4.8,Chat
12718,20250406,1844,49,3,6,1,3,1145,412,1557,622,0.0096,1,,Chat
12719,20250128,919,20,1,1,3,1,1575,1194,2769,721,0.0258,1,4.5,Chat
12720,20250618,1430,17,3,3,1,2,2444,355,2799,658,0.0127,1,4.9,Chat
12721,20250628,1954,5,2,3,3,4,510,553,1063,342,0.0004,1,4.0,Chat
12722,20250131,1027,33,4,1,3,3,1235,197,1432,322,0.0006,1,,Embedding
12723,20250601,1157,5,6,2,4,2,856,368,1224,290,0.0002,1,4.3,Chat
12724,20250126,1532,69,6,2,1,3,412,122,534,287,0.0001,1,,Completion
12725,20250403,1831,14,1,5,2,2,2400,920,3320,533,0.0258,1,,Chat
12726,20250517,1400,13,2,5,3,4,314,230,544,314,0.0002,1,4.0,Completion
12727,20250403,604,49,3,2,2,4,7551,169,7720,1079,0.0252,0,,Chat
12728,20250623,1049,14,4,3,6,4,309,235,544,236,0.0004,1,,Completion
12729,20250515,1125,76,1,7,1,4,924,656,1580,445,0.0145,1,,Vision
12730,20250224,1727,15,2,3,1,2,2370,63,2433,461,0.0004,1,,Chat
12731,20250127,1748,22,5,2,1,4,838,202,1040,296,0.0021,1,,Embedding
12732,20250429,1706,33,5,1,2,1,6966,2128,9094,130,0.0193,1,,Chat
12733,20250329,1357,65,5,1,1,1,713,1034,1747,271,0.0061,1,4.8,Chat
12734,20250102,1023,1,1,5,1,4,1413,417,1830,874,0.0133,1,,Chat
12735,20250424,2322,55,1,2,1,2,3329,1485,4814,931,0.0389,1,,Embedding
12736,20250303,1500,46,3,6,1,3,898,452,1350,899,0.0095,0,,Vision
12737,20250424,1503,22,4,5,4,2,274,1005,1279,204,0.0013,1,3.3,Embedding
12738,20250625,906,56,2,1,2,3,302,428,730,375,0.0003,1,,Completion
12739,20250120,1509,26,1,5,4,4,767,279,1046,825,0.008,1,,Chat
12740,20250330,1345,31,1,1,3,2,1883,526,2409,718,0.0173,1,4.3,Completion
12741,20250309,1509,37,1,6,1,2,12000,882,12882,561,0.0732,1,,Completion
12742,20250215,1410,76,3,2,3,4,518,242,760,934,0.0052,1,,Chat
12743,20250408,1526,47,5,1,2,3,1820,82,1902,184,0.0027,1,,Vision
12744,20250124,1513,53,1,3,1,3,587,155,742,404,0.0053,1,,Chat
12745,20250613,1233,12,1,2,1,2,2024,3069,5093,410,0.0562,1,,Vision
12746,20250318,959,42,6,1,2,2,180,537,717,292,0.0002,1,,Chat
12747,20250630,1031,12,2,3,2,3,314,297,611,273,0.0002,1,,Completion
12748,20250506,909,4,3,1,2,4,1599,162,1761,661,0.0072,1,3.5,Completion
12749,20250428,1318,32,2,7,3,2,954,924,1878,243,0.0007,1,4.3,Chat
12750,20250421,1442,43,2,1,1,2,111,1765,1876,120,0.0011,1,4.7,Chat
12751,20250516,1322,12,1,1,3,2,104,274,378,1044,0.0046,1,,Completion
12752,20250429,1844,60,2,1,2,3,1614,280,1894,441,0.0004,1,3.4,Chat
12753,20250327,1523,63,4,3,1,2,1237,3133,4370,386,0.0042,1,,Chat
12754,20250529,1356,41,2,6,2,3,1052,1089,2141,341,0.0008,1,,Completion
12755,20250426,1722,13,5,3,1,1,2119,2837,4956,188,0.0168,1,,Chat
12756,20250618,1608,36,5,1,3,4,1005,237,1242,216,0.0024,1,4.2,Chat
12757,20250628,2045,32,5,6,2,1,265,99,364,224,0.0008,1,,Completion
12758,20250502,656,65,4,4,2,2,310,135,445,288,0.0002,1,,Chat
12759,20250113,1937,42,1,1,2,2,743,1369,2112,820,0.0242,1,,Chat
12760,20250426,502,25,4,6,5,3,404,239,643,317,0.0004,1,3.7,Chat
12761,20250610,1614,44,5,1,1,2,895,154,1049,217,0.0019,1,,Vision
12762,20250527,747,17,1,1,2,4,1431,424,1855,771,0.0135,1,,Chat
12763,20250320,1651,24,2,4,2,3,492,419,911,258,0.0003,1,4.1,Chat
12764,20250208,950,68,4,7,4,4,323,48,371,241,0.0001,1,4.3,Chat
12765,20250121,1135,3,3,6,1,4,448,1310,1758,769,0.021,1,,Chat
12766,20250327,1629,31,4,6,3,2,1239,329,1568,278,0.0007,1,,Completion
12767,20250424,1722,38,3,3,2,2,2610,1597,4207,640,0.0318,1,,Chat
12768,20250119,1009,12,2,6,6,2,823,202,1025,344,0.0002,1,,Completion
12769,20250321,1500,39,1,7,1,3,1410,414,1824,877,0.0133,1,3.3,Completion
12770,20250504,1727,11,5,1,2,3,401,116,517,297,0.0011,1,,Completion
12771,20250124,1852,26,4,4,1,2,213,492,705,199,0.0007,1,,Embedding
12772,20250317,942,15,1,2,3,2,3398,1116,4514,615,0.0337,1,3.4,Embedding
12773,20250403,1747,44,1,2,1,2,2653,146,2799,669,0.0155,1,,Chat
12774,20250526,1926,59,2,3,5,3,1018,35,1053,175,0.0002,1,,Chat
12775,20250507,1718,43,2,1,1,3,402,856,1258,480,0.0006,1,5.0,Chat
12776,20250115,1334,21,3,2,4,2,722,231,953,822,0.0056,1,,Completion
12777,20250406,1111,72,2,6,1,3,463,128,591,237,0.0001,1,,Chat
12778,20250301,1127,6,1,1,2,3,184,271,455,819,0.005,1,,Chat
12779,20250529,1932,44,1,1,2,4,1203,621,1824,715,0.0153,1,,Chat
12780,20250124,2115,66,1,1,2,4,487,181,668,638,0.0052,1,3.6,Vision
12781,20250607,1502,17,5,3,3,2,645,103,748,366,0.0013,1,,Completion
12782,20250511,1310,32,3,1,1,2,2331,2631,4962,317,0.0465,1,,Completion
12783,20250619,702,70,1,1,2,3,2357,87,2444,559,0.0131,1,,Embedding
12784,20250504,1150,8,1,1,3,3,1919,319,2238,761,0.0144,1,,Chat
12785,20250502,927,25,4,7,2,3,217,335,552,290,0.0005,1,,Completion
12786,20250314,1513,16,2,3,4,4,2519,980,3499,324,0.001,1,,Chat
12787,20250312,1757,58,5,5,2,2,842,900,1742,315,0.0056,1,,Chat
12788,20250512,1141,78,3,2,1,2,631,1796,2427,608,0.0288,1,,Chat
12789,20250521,2109,28,1,3,1,3,443,1976,2419,552,0.0319,1,,Completion
12790,20250403,1504,43,1,1,5,2,364,104,468,986,0.0034,1,,Completion
12791,20250410,1230,42,4,1,5,3,1614,189,1803,376,0.0006,1,,Chat
12792,20250314,1229,32,5,4,1,4,223,572,795,372,0.0031,1,,Chat
12793,20250107,1654,8,6,4,5,1,583,74,657,175,0.0001,1,5.0,Completion
12794,20250203,1107,51,4,1,2,3,527,863,1390,268,0.0012,1,,Chat
12795,20250124,544,48,2,2,3,2,64,182,246,229,0.0001,1,,Chat
12796,20250531,1507,69,2,4,1,1,179,101,280,324,0.0001,1,4.6,Chat
12797,20250310,1907,51,1,2,1,1,188,289,477,902,0.0053,1,,Chat
12798,20250618,1724,27,1,2,2,1,530,1811,2341,660,0.0298,1,4.7,Completion
12799,20250101,1649,10,2,1,6,3,352,423,775,165,0.0003,1,,Embedding
12800,20250504,1118,11,5,1,1,3,509,372,881,515,0.0025,1,,Chat
12801,20250115,2,34,3,1,1,4,908,2454,3362,397,0.0395,1,,Embedding
12802,20250531,1527,7,3,6,3,4,674,392,1066,1255,0.0079,1,4.1,Chat
12803,20250601,1231,35,2,3,3,3,370,141,511,204,0.0001,1,,Embedding
12804,20250301,817,2,6,1,1,3,812,393,1205,313,0.0002,1,,Chat
12805,20250101,1352,20,3,7,2,3,759,322,1081,686,0.0071,1,,Chat
12806,20250122,1300,73,1,3,3,4,709,458,1167,1000,0.0104,1,3.7,Embedding
12807,20250130,2138,14,3,2,3,2,1074,299,1373,640,0.0077,1,3.7,Embedding
12808,20250228,1817,70,5,4,1,4,639,446,1085,215,0.003,1,,Chat
12809,20250316,901,21,5,1,3,3,1320,389,1709,344,0.0036,1,,Vision
12810,20250214,743,37,6,3,3,3,3461,409,3870,120,0.0004,1,3.5,Chat
12811,20250424,1722,15,2,2,1,3,475,338,813,233,0.0003,1,,Chat
12812,20250606,1317,29,2,6,2,3,637,79,716,364,0.0001,1,,Completion
12813,20250209,1439,21,5,1,1,3,993,660,1653,291,0.0045,1,4.9,Completion
12814,20250607,1543,57,1,6,4,2,307,273,580,669,0.0056,1,,Chat
12815,20250308,1431,60,5,1,6,2,953,1091,2044,270,0.0066,1,,Chat
12816,20250129,1506,63,1,3,4,4,1420,474,1894,602,0.0142,1,3.8,Embedding
12817,20250315,1033,5,1,1,5,1,1191,488,1679,615,0.0133,1,,Embedding
12818,20250303,744,51,2,2,4,3,608,156,764,273,0.0002,1,3.9,Chat
12819,20250523,945,16,3,1,2,1,1408,453,1861,507,0.011,1,,Chat
12820,20250109,1554,27,1,1,1,3,1949,574,2523,779,0.0184,1,,Completion
12821,20250327,1248,80,3,5,4,2,1998,578,2576,422,0.0147,1,4.2,Chat
12822,20250528,1031,45,2,6,2,4,1898,1261,3159,349,0.001,1,3.9,Embedding
12823,20250204,1133,47,2,1,1,1,2404,555,2959,312,0.0007,1,4.5,Completion
12824,20250618,2148,17,2,1,1,1,306,637,943,200,0.0004,1,,Completion
12825,20250618,1127,37,4,4,3,1,6917,506,7423,461,0.0024,1,,Chat
12826,20250609,1627,1,6,2,1,4,955,193,1148,375,0.0001,1,3.8,Completion
12827,20250310,1413,18,3,4,2,2,1451,469,1920,627,0.0114,1,,Chat
12828,20250102,1404,51,2,4,3,3,742,316,1058,127,0.0003,1,,Chat
12829,20250403,1639,27,1,1,1,4,1184,25,1209,288,0.0063,1,,Completion
12830,20250610,1226,52,1,2,2,3,4810,1072,5882,493,0.0401,1,4.5,Chat
12831,20250620,1310,8,6,6,1,3,1797,195,1992,173,0.0002,1,,Chat
12832,20250213,1721,49,3,1,4,3,4089,338,4427,760,0.0173,1,,Embedding
12833,20250401,1345,54,2,2,1,4,390,891,1281,214,0.0006,1,3.3,Completion
12834,20250331,1752,12,2,3,4,1,707,285,992,225,0.0003,1,4.2,Chat
12835,20250421,1020,39,4,1,2,4,531,213,744,289,0.0004,1,,Chat
12836,20250106,931,43,5,5,1,3,580,466,1046,214,0.0031,1,,Vision
12837,20250206,1623,53,4,2,5,1,1428,118,1546,205,0.0005,1,4.1,Chat
12838,20250601,853,23,5,1,1,3,973,368,1341,123,0.0031,1,,Chat
12839,20250104,1144,62,1,1,3,2,1823,670,2493,925,0.0192,1,4.6,Chat
12840,20250427,950,32,1,3,2,1,1327,232,1559,675,0.0101,1,3.9,Chat
12841,20250113,1355,1,3,1,4,4,1757,408,2165,823,0.0114,1,4.0,Chat
12842,20250116,1121,15,2,1,5,3,266,399,665,461,0.0003,1,4.2,Chat
12843,20250215,700,5,1,3,3,3,426,749,1175,906,0.0134,1,4.1,Vision
12844,20250223,1541,30,2,1,3,4,384,472,856,330,0.0003,1,,Chat
12845,20250417,1159,4,1,5,1,3,3055,582,3637,251,0.024,1,,Chat
12846,20250528,1307,21,1,4,2,1,758,2079,2837,347,0.035,1,,Chat
12847,20250624,1229,24,2,5,3,3,838,2581,3419,471,0.0017,1,,Chat
12848,20250515,1318,5,3,1,2,4,1899,1066,2965,419,0.0217,1,,Completion
12849,20250317,1451,44,4,1,3,3,2254,372,2626,471,0.001,1,,Chat
12850,20250512,1252,70,1,3,1,2,1225,557,1782,353,0.0145,1,,Embedding
12851,20250626,1818,35,4,4,5,2,492,411,903,221,0.0006,1,3.8,Chat
12852,20250222,2040,77,4,3,4,1,2017,347,2364,160,0.0009,1,4.9,Vision
12853,20250125,1608,58,3,1,1,1,3955,249,4204,617,0.0156,1,,Chat
12854,20250505,1405,17,5,4,2,3,1769,290,2059,374,0.0037,1,,Completion
12855,20250310,1031,23,1,1,1,2,466,3428,3894,351,0.0537,1,,Vision
12856,20250526,1044,29,6,3,3,1,1348,210,1558,225,0.0002,1,,Completion
12857,20250104,1335,2,5,3,1,3,95,856,951,297,0.0044,1,3.5,Chat
12858,20250629,1056,46,1,2,4,1,240,164,404,287,0.0037,1,,Chat
12859,20250415,1425,37,1,5,3,2,1698,1076,2774,816,0.0246,1,,Embedding
12860,20250516,1636,34,1,1,4,1,6234,1873,8107,868,0.0593,1,,Embedding
12861,20250220,1429,1,2,1,1,4,1272,232,1504,258,0.0003,1,4.9,Completion
12862,20250322,2007,62,5,2,1,1,402,193,595,244,0.0015,1,,Completion
12863,20250307,1150,18,1,3,1,3,841,757,1598,712,0.0156,1,,Chat
12864,20250604,1717,23,5,2,1,4,4766,241,5007,273,0.0072,1,3.6,Chat
12865,20250618,631,18,6,2,2,2,207,291,498,325,0.0001,1,,Chat
12866,20250408,1553,62,1,2,3,2,2482,1987,4469,1038,0.0422,1,3.7,Chat
12867,20250106,1335,14,2,4,1,4,323,576,899,371,0.0004,1,,Vision
12868,20250628,1432,43,3,1,1,2,1119,372,1491,640,0.0089,1,,Chat
12869,20250114,1635,10,3,2,4,3,686,281,967,786,0.0063,1,3.5,Chat
12870,20250128,1001,9,1,2,5,4,1558,660,2218,650,0.0177,1,,Chat
12871,20250113,1104,66,4,2,4,2,3166,463,3629,229,0.0014,1,,Chat
12872,20250425,1521,16,5,1,1,4,3459,356,3815,430,0.0061,1,,Chat
12873,20250328,934,58,3,1,1,4,571,78,649,1099,0.0029,1,,Completion
12874,20250522,759,15,6,3,5,2,778,1446,2224,375,0.0005,1,3.3,Completion
12875,20250308,1505,71,2,1,3,2,2110,187,2297,330,0.0004,1,4.1,Completion
12876,20250623,1301,49,4,1,1,3,589,388,977,395,0.0006,1,,Completion
12877,20250604,2006,19,1,2,4,4,1025,213,1238,463,0.0083,1,,Chat
12878,20250326,2156,22,6,1,5,2,2521,130,2651,442,0.0002,1,,Embedding
12879,20250427,1151,12,5,2,3,3,1209,180,1389,491,0.0024,1,4.0,Embedding
12880,20250428,1129,79,1,6,4,4,468,390,858,1247,0.0082,1,,Chat
12881,20250418,1543,27,4,1,3,3,263,168,431,120,0.0003,1,,Completion
12882,20250508,1658,19,5,1,5,2,215,845,1060,357,0.0045,1,,Completion
12883,20250321,1308,25,2,3,2,3,2023,725,2748,295,0.0007,1,,Completion
12884,20250430,1036,62,3,1,2,2,2025,886,2911,761,0.0194,1,,Completion
12885,20250225,1402,40,3,4,1,1,1857,801,2658,959,0.0176,1,,Embedding
12886,20250219,846,69,1,2,1,2,491,646,1137,477,0.0121,1,,Completion
12887,20250613,1401,25,1,6,1,3,440,242,682,1118,0.0058,1,3.6,Chat
12888,20250610,1322,80,1,4,1,2,415,539,954,885,0.0102,1,4.4,Chat
12889,20250516,1856,21,6,1,2,2,178,172,350,301,0.0001,1,,Chat
12890,20250604,1325,62,2,1,6,3,157,97,254,175,0.0001,1,,Chat
12891,20250405,601,38,1,3,4,4,846,1872,2718,498,0.0323,1,3.8,Chat
12892,20250315,1827,11,1,1,3,2,1379,505,1884,271,0.0145,1,,Embedding
12893,20250522,1820,3,3,7,1,3,1504,131,1635,736,0.0065,0,3.2,Vision
12894,20250530,1114,57,2,4,2,1,702,405,1107,399,0.0003,1,,Chat
12895,20250207,926,64,1,1,1,2,2372,2125,4497,1223,0.0437,1,,Chat
12896,20250306,1839,40,5,1,2,3,920,417,1337,432,0.0032,1,3.8,Chat
12897,20250425,1224,80,6,1,2,2,1361,2132,3493,269,0.0007,1,,Embedding
12898,20250128,523,42,1,2,2,3,566,795,1361,459,0.0148,1,4.8,Chat
12899,20250403,1222,41,3,7,4,1,997,1025,2022,434,0.0184,1,,Chat
12900,20250227,1132,61,2,1,3,4,2359,219,2578,351,0.0005,1,3.5,Chat
12901,20250621,1448,78,1,2,5,3,1308,1213,2521,226,0.0247,1,4.6,Vision
12902,20250625,1514,39,2,2,1,4,1093,679,1772,243,0.0006,1,4.7,Chat
12903,20250606,1429,75,5,6,4,3,73,186,259,297,0.001,1,,Vision
12904,20250303,1940,62,1,1,3,3,8482,434,8916,848,0.0489,1,3.4,Chat
12905,20250225,1349,66,1,1,2,2,266,1069,1335,1066,0.0174,1,3.7,Vision
12906,20250323,1245,4,3,3,2,2,540,641,1181,622,0.0112,1,,Vision
12907,20250112,59,31,4,5,2,3,1644,368,2012,120,0.0009,1,,Chat
12908,20250424,1322,16,2,7,1,2,3522,353,3875,360,0.0007,1,,Vision
12909,20250123,1520,39,5,1,4,2,429,1390,1819,298,0.0075,1,4.0,Completion
12910,20250314,1128,78,2,6,1,1,678,1111,1789,135,0.0008,1,3.5,Chat
12911,20250207,1511,69,5,5,5,2,710,89,799,355,0.0013,1,,Vision
12912,20250223,1556,44,3,4,4,4,3224,1774,4998,637,0.0363,1,,Completion
12913,20250310,1149,66,2,1,4,3,184,191,375,281,0.0001,1,,Chat
12914,20250424,1006,3,2,1,5,2,1124,153,1277,120,0.0003,1,4.2,Chat
12915,20250511,1143,8,2,6,1,1,785,113,898,192,0.0002,1,4.6,Chat
12916,20250618,1156,63,3,1,1,4,813,798,1611,795,0.0144,1,,Completion
12917,20250102,1218,5,2,5,1,2,261,371,632,330,0.0003,1,,Chat
12918,20250213,2042,36,6,3,2,4,1866,113,1979,266,0.0002,1,,Chat
12919,20250128,1545,35,1,1,2,4,572,431,1003,803,0.0093,1,,Chat
12920,20250418,1446,52,5,4,2,3,666,189,855,138,0.0018,1,3.8,Chat
12921,20250319,1249,47,1,1,2,2,1222,149,1371,660,0.0083,1,,Chat
12922,20250327,1533,59,3,1,2,3,670,882,1552,712,0.0152,1,3.4,Chat
12923,20250124,1255,58,2,4,4,3,457,249,706,196,0.0002,1,4.6,Chat
12924,20250603,1558,21,1,3,2,3,575,286,861,763,0.0072,1,,Chat
12925,20250225,1321,23,4,4,3,2,703,77,780,228,0.0003,1,,Embedding
12926,20250630,2029,74,2,6,5,3,133,1461,1594,305,0.0009,1,,Completion
12927,20250215,1153,78,3,2,5,1,1091,1937,3028,131,0.0323,1,4.2,Chat
12928,20250611,1928,53,6,1,6,4,844,780,1624,120,0.0003,1,,Embedding
12929,20250426,1335,33,4,6,2,3,81,914,995,183,0.0012,1,4.1,Completion
12930,20250406,1032,50,1,1,1,3,193,917,1110,666,0.0147,1,4.2,Chat
12931,20250202,1115,33,2,4,4,4,842,170,1012,120,0.0002,1,3.7,Chat
12932,20250119,1251,62,1,1,1,3,6937,1514,8451,753,0.0574,1,,Chat
12933,20250620,1407,75,1,3,1,1,931,1210,2141,778,0.0228,1,4.7,Chat
12934,20250114,1340,60,5,1,5,3,795,84,879,232,0.0014,1,,Embedding
12935,20250203,904,39,5,1,3,3,223,492,715,156,0.0027,1,,Completion
12936,20250204,1732,65,1,1,1,4,3759,567,4326,512,0.0273,1,4.5,Completion
12937,20250331,1805,77,3,6,2,3,2327,1873,4200,403,0.0351,1,,Chat
12938,20250425,1245,13,2,5,1,2,546,394,940,341,0.0003,1,,Completion
12939,20250211,1441,32,2,1,1,4,2212,240,2452,177,0.0005,1,3.7,Chat
12940,20250603,1130,10,3,1,3,2,607,390,997,588,0.0077,1,,Completion
12941,20250311,1314,58,3,3,1,3,1689,388,2077,888,0.0109,1,4.5,Completion
12942,20250112,616,24,5,2,1,4,89,773,862,370,0.004,1,,Chat
12943,20250511,1822,19,2,3,1,1,1179,331,1510,254,0.0004,1,4.8,Chat
12944,20250525,700,33,5,6,1,4,759,97,856,521,0.0014,1,3.6,Chat
12945,20250509,946,72,3,1,1,2,1242,2517,3759,566,0.0415,1,,Chat
12946,20250424,1236,56,1,3,1,2,100,173,273,777,0.0031,1,,Vision
12947,20250120,2021,76,2,4,2,2,298,390,688,545,0.0003,1,,Chat
12948,20250407,1603,3,5,1,1,4,1601,172,1773,432,0.0029,1,,Completion
12949,20250531,1140,50,5,4,5,2,304,1161,1465,217,0.0062,1,,Completion
12950,20250509,1313,8,3,3,2,4,6810,252,7062,596,0.0242,1,,Chat
12951,20250401,1139,33,5,1,1,1,494,341,835,411,0.0023,1,,Chat
12952,20250527,2021,73,6,2,1,2,765,178,943,346,0.0001,1,,Chat
12953,20250528,1458,60,5,2,2,4,688,137,825,121,0.0015,1,,Chat
12954,20250311,1308,72,6,1,1,2,254,210,464,425,0.0001,1,,Embedding
12955,20250101,1352,57,2,3,4,2,1801,424,2225,337,0.0005,1,4.4,Vision
12956,20250111,1140,34,6,6,4,3,1877,430,2307,254,0.0003,1,3.6,Vision
12957,20250613,1513,53,4,6,2,3,349,257,606,274,0.0004,0,3.9,Chat
12958,20250208,1159,10,3,1,2,3,6365,405,6770,1123,0.0252,1,,Chat
12959,20250316,1442,57,3,1,2,4,1059,372,1431,746,0.0088,1,3.9,Chat
12960,20250506,1753,76,1,2,2,2,105,604,709,197,0.0096,1,,Embedding
12961,20250607,1707,16,1,2,1,2,3639,625,4264,697,0.0276,1,,Embedding
12962,20250424,834,2,2,4,5,4,406,196,602,235,0.0002,1,4.9,Chat
12963,20250327,1753,20,1,1,2,4,4825,1074,5899,576,0.0402,1,,Completion
12964,20250506,1126,34,6,7,3,3,721,424,1145,258,0.0002,1,,Chat
12965,20250129,1141,28,1,1,3,2,2478,1185,3663,351,0.0302,1,,Completion
12966,20250605,1213,6,6,6,2,3,1339,765,2104,286,0.0003,0,,Chat
12967,20250206,1528,75,1,1,6,3,1724,1490,3214,397,0.031,1,,Completion
12968,20250412,1551,11,2,1,1,4,298,832,1130,176,0.0005,1,3.2,Chat
12969,20250608,1523,28,1,6,1,1,553,1230,1783,749,0.0212,1,4.6,Chat
12970,20250110,1417,47,2,1,3,2,3884,181,4065,370,0.0007,1,3.3,Vision
12971,20250420,1846,37,2,3,1,2,1531,185,1716,257,0.0003,1,,Chat
12972,20250512,1142,4,1,1,1,4,994,270,1264,567,0.009,1,,Chat
12973,20250629,1914,64,4,7,4,3,499,361,860,208,0.0006,1,,Chat
12974,20250311,1306,46,3,7,6,2,3061,958,4019,972,0.0236,1,,Completion
12975,20250630,922,30,6,3,1,3,336,232,568,429,0.0001,1,,Chat
12976,20250206,1524,13,2,5,1,3,185,835,1020,290,0.0005,1,,Chat
12977,20250605,1754,1,1,6,1,3,6526,237,6763,1010,0.0362,1,4.4,Chat
12978,20250123,1323,20,1,1,3,3,885,697,1582,378,0.0149,1,,Chat
12979,20250516,1327,48,3,6,1,2,1050,246,1296,502,0.0068,1,,Chat
12980,20250113,1803,53,4,3,2,2,566,143,709,323,0.0003,1,3.6,Chat
12981,20250520,1714,66,6,1,3,3,663,115,778,120,0.0001,1,,Chat
12982,20250504,1026,64,2,2,2,2,1717,748,2465,201,0.0007,1,,Chat
12983,20250609,1322,29,4,7,3,3,1246,293,1539,371,0.0007,1,,Completion
12984,20250409,1329,68,3,1,1,3,2168,442,2610,471,0.0131,1,,Chat
12985,20250316,1833,27,4,4,1,3,172,198,370,270,0.0003,1,,Chat
12986,20250127,1728,61,2,6,4,1,301,367,668,144,0.0003,1,,Chat
12987,20250526,1502,69,6,1,1,2,3433,62,3495,208,0.0003,1,,Embedding
12988,20250509,1757,35,1,2,2,4,12000,1052,13052,484,0.0758,1,3.5,Chat
12989,20250225,1307,71,2,4,2,1,220,654,874,382,0.0004,0,,Completion
12990,20250218,1953,70,1,3,1,3,962,279,1241,990,0.009,1,,Chat
12991,20250305,1905,69,1,5,2,1,498,421,919,829,0.0088,1,3.8,Completion
12992,20250222,1259,10,5,6,3,3,684,94,778,170,0.0013,1,4.9,Completion
12993,20250316,1344,3,4,6,5,4,354,124,478,249,0.0002,1,,Chat
12994,20250127,1024,61,5,3,3,4,682,767,1449,250,0.0047,1,4.0,Chat
12995,20250404,1222,5,1,1,1,3,3919,1208,5127,831,0.0377,1,4.4,Chat
12996,20250315,306,66,2,1,2,4,444,203,647,199,0.0002,1,,Chat
12997,20250527,1837,29,6,3,2,3,407,101,508,304,0.0001,1,4.9,Chat
12998,20250316,1319,76,4,1,1,2,289,784,1073,332,0.0011,1,4.4,Chat
12999,20250409,1635,14,3,5,4,3,2173,1694,3867,614,0.0319,1,,Chat
13000,20250108,919,41,3,3,6,2,1088,124,1212,408,0.0051,1,,Completion
13001,20250420,2049,41,1,2,2,4,445,197,642,802,0.0052,1,,Chat
13002,20250118,1720,10,5,5,2,2,148,408,556,226,0.0022,1,,Vision
13003,20250328,1503,40,1,1,3,2,989,164,1153,540,0.0074,1,,Embedding
13004,20250601,1601,24,3,6,1,3,9355,871,10226,561,0.0411,1,,Chat
13005,20250524,917,48,2,3,1,4,576,239,815,309,0.0002,1,,Chat
13006,20250608,1320,24,1,4,1,2,2163,427,2590,1038,0.0172,1,,Chat
13007,20250405,1613,71,2,7,1,1,352,773,1125,166,0.0005,1,4.2,Completion
13008,20250528,1039,65,2,4,2,3,323,1021,1344,262,0.0007,1,,Vision
13009,20250409,1144,71,5,1,1,1,771,523,1294,435,0.0036,1,,Embedding
13010,20250502,854,20,6,4,2,1,2073,56,2129,368,0.0002,1,3.9,Completion
13011,20250314,1821,9,6,1,1,2,1985,535,2520,175,0.0003,1,,Embedding
13012,20250315,1611,40,5,5,2,1,254,148,402,235,0.0011,1,,Chat
13013,20250525,1201,33,2,2,1,3,826,182,1008,312,0.0002,1,,Chat
13014,20250210,830,37,6,4,1,4,688,262,950,379,0.0001,1,,Chat
13015,20250121,1849,42,2,1,1,1,570,62,632,135,0.0001,1,,Completion
13016,20250119,1833,22,5,6,4,3,584,1460,2044,367,0.008,1,,Chat
13017,20250223,1506,17,4,2,1,1,746,124,870,218,0.0003,0,,Embedding
13018,20250529,1540,56,2,5,1,4,487,491,978,380,0.0004,1,,Chat
13019,20250610,1337,7,3,1,3,3,869,256,1125,839,0.0064,1,,Chat
13020,20250507,1717,3,3,3,6,1,11933,711,12644,628,0.0465,1,,Chat
13021,20250211,1515,25,4,1,1,2,513,155,668,288,0.0003,1,4.1,Chat
13022,20250513,1506,20,1,6,4,3,2262,917,3179,892,0.0251,1,,Chat
13023,20250315,1611,25,1,5,4,3,1755,180,1935,705,0.0115,1,,Chat
13024,20250603,1337,50,5,2,5,2,242,505,747,330,0.0028,1,,Completion
13025,20250220,1552,29,1,6,2,3,2334,677,3011,593,0.0218,1,,Chat
13026,20250409,2116,16,1,1,2,3,1553,53,1606,120,0.0086,1,3.4,Chat
13027,20250523,1830,5,2,1,4,2,127,207,334,160,0.0001,1,,Vision
13028,20250627,1240,19,1,3,6,1,1970,320,2290,464,0.0146,1,,Chat
13029,20250404,1601,80,1,7,1,4,12000,1005,13005,442,0.0751,1,,Chat
13030,20250419,1722,78,4,4,5,3,3196,815,4011,128,0.0018,1,,Chat
13031,20250204,1606,51,4,2,6,2,440,345,785,243,0.0005,1,3.7,Vision
13032,20250312,1619,6,1,3,3,3,941,2314,3255,649,0.0394,1,,Chat
13033,20250604,1344,49,5,7,6,4,1112,447,1559,338,0.0036,1,3.3,Chat
13034,20250121,1349,52,3,2,4,3,5087,1541,6628,647,0.0384,0,,Completion
13035,20250117,1744,25,3,1,4,1,1029,1034,2063,837,0.0186,1,,Chat
13036,20250527,1453,7,6,6,1,4,317,119,436,308,0.0001,1,,Chat
13037,20250628,1106,71,1,1,1,1,3844,143,3987,949,0.0214,1,4.6,Embedding
13038,20250222,1419,5,5,4,2,2,308,225,533,260,0.0015,1,3.9,Chat
13039,20250327,1506,19,4,5,2,2,220,146,366,248,0.0002,1,,Embedding
13040,20250624,1316,45,2,2,2,4,1267,415,1682,241,0.0004,1,,Embedding
13041,20250212,1440,35,4,4,5,3,771,266,1037,291,0.0005,1,4.9,Chat
13042,20250203,522,60,1,7,2,3,3406,1012,4418,990,0.0322,1,,Completion
13043,20250504,1040,70,3,5,5,4,2372,98,2470,248,0.0086,1,4.7,Chat
13044,20250219,1324,8,1,4,2,1,750,1627,2377,918,0.0282,1,3.2,Vision
13045,20250308,1903,10,1,4,2,4,2435,1106,3541,358,0.0288,1,,Chat
13046,20250328,1929,3,1,1,1,1,4683,162,4845,756,0.0258,1,,Chat
13047,20250128,1143,63,1,1,1,4,8515,238,8753,671,0.0461,1,3.5,Completion
13048,20250307,1444,77,5,3,3,2,633,2051,2684,445,0.011,1,,Completion
13049,20250221,718,60,5,1,4,3,1031,327,1358,361,0.0029,1,4.6,Chat
13050,20250616,1401,60,3,6,1,4,594,224,818,558,0.0051,1,,Completion
13051,20250508,1304,46,3,4,1,3,1626,350,1976,1038,0.0101,1,,Vision
13052,20250504,1636,57,1,4,5,3,3209,527,3736,413,0.0239,1,,Chat
13053,20250213,1754,3,2,1,1,2,272,59,331,335,0.0001,1,,Chat
13054,20250217,1009,54,2,3,5,2,492,595,1087,188,0.0004,1,4.4,Chat
13055,20250401,701,35,2,2,5,2,1993,314,2307,403,0.0005,1,3.8,Embedding
13056,20250528,1656,68,3,5,4,2,2580,702,3282,686,0.0183,1,3.4,Chat
13057,20250604,1837,17,1,4,2,4,3024,343,3367,762,0.0203,1,,Embedding
13058,20250204,1119,54,2,4,4,4,502,535,1037,217,0.0004,1,,Completion
13059,20250626,1421,39,1,2,4,1,1958,435,2393,813,0.0163,1,,Vision
13060,20250202,1229,70,2,6,3,2,1553,369,1922,296,0.0005,1,,Embedding
13061,20250216,1030,77,6,7,1,3,538,389,927,380,0.0002,1,,Completion
13062,20250304,1252,52,4,1,1,4,1666,173,1839,312,0.0006,1,,Embedding
13063,20250228,1150,62,2,3,3,4,2669,1052,3721,307,0.001,1,4.8,Embedding
13064,20250406,1107,60,4,1,5,3,169,455,624,300,0.0006,1,,Chat
13065,20250616,1743,12,3,1,1,4,309,688,997,747,0.0112,1,3.7,Chat
13066,20250611,1012,43,2,5,3,3,738,178,916,199,0.0002,1,4.7,Completion
13067,20250511,1118,13,5,6,4,2,523,946,1469,248,0.0054,1,3.9,Chat
13068,20250106,1017,69,3,3,1,2,3019,1597,4616,836,0.033,1,,Completion
13069,20250303,1926,74,1,2,4,3,1623,697,2320,489,0.0186,1,3.7,Chat
13070,20250612,1922,9,1,1,1,3,1221,451,1672,560,0.0129,1,,Chat
13071,20250422,1620,61,2,6,1,1,717,388,1105,248,0.0003,1,,Chat
13072,20250514,1307,33,5,1,3,3,582,1105,1687,120,0.0063,1,,Completion
13073,20250110,1544,68,5,1,2,3,1771,69,1840,272,0.0026,1,3.2,Completion
13074,20250625,1756,75,5,2,3,4,337,414,751,188,0.0025,1,,Vision
13075,20250523,1450,8,2,1,1,3,2100,1395,3495,305,0.0012,1,,Embedding
13076,20250206,822,48,1,6,4,4,981,107,1088,583,0.0065,1,4.0,Chat
13077,20250107,1720,75,1,5,5,2,342,494,836,464,0.0091,1,,Chat
13078,20250626,2119,19,4,5,2,2,952,680,1632,308,0.0011,1,3.8,Chat
13079,20250410,1709,7,1,3,2,1,3946,624,4570,529,0.0291,1,,Completion
13080,20250618,1048,60,3,5,3,1,7775,1312,9087,144,0.043,1,,Embedding
13081,20250130,1307,32,1,3,2,4,2030,2947,4977,399,0.0544,1,,Chat
13082,20250110,1525,23,1,1,1,2,898,193,1091,956,0.0074,1,,Chat
13083,20250114,1022,18,4,5,3,2,1593,85,1678,231,0.0005,1,,Completion
13084,20250419,1658,79,2,6,1,3,1267,478,1745,376,0.0005,1,,Chat
13085,20250218,1221,18,5,6,1,3,2328,447,2775,352,0.0051,1,3.3,Embedding
13086,20250118,1520,5,1,2,1,3,2189,232,2421,435,0.0144,1,,Completion
13087,20250528,1110,40,4,5,2,1,1056,200,1256,250,0.0005,1,,Chat
13088,20250424,1359,63,2,2,4,2,2382,551,2933,136,0.0007,1,,Chat
13089,20250126,1452,76,2,5,1,4,506,272,778,280,0.0002,1,,Completion
13090,20250309,1826,40,5,3,1,3,319,392,711,308,0.0024,1,,Chat
13091,20250630,1311,27,4,2,1,4,374,173,547,238,0.0003,1,,Vision
13092,20250327,1633,10,1,1,3,3,936,547,1483,386,0.0129,1,,Chat
13093,20250307,1228,12,1,1,2,4,1684,123,1807,887,0.0103,1,,Chat
13094,20250604,1139,54,1,1,1,1,7808,896,8704,232,0.0525,1,,Completion
13095,20250427,1535,7,4,3,4,3,499,422,921,438,0.0007,1,4.0,Chat
13096,20250401,1616,58,3,2,2,3,1068,159,1227,848,0.0056,1,4.4,Embedding
13097,20250524,1626,11,3,5,5,4,4263,525,4788,717,0.0207,1,,Chat
13098,20250101,1309,23,5,7,3,3,719,91,810,311,0.0014,1,,Completion
13099,20250408,1544,62,3,3,1,2,809,1070,1879,848,0.0185,1,3.6,Chat
13100,20250612,1937,44,5,2,1,4,265,583,848,411,0.0032,1,,Embedding
13101,20250508,1256,76,1,2,2,3,5404,301,5705,665,0.0315,1,,Completion
13102,20250607,724,33,2,4,2,4,123,88,211,419,0.0001,1,3.8,Completion
13103,20250531,1006,56,4,6,3,4,331,467,798,207,0.0007,1,,Chat
13104,20250307,1849,43,3,5,3,3,8635,72,8707,768,0.027,1,4.5,Chat
13105,20250225,552,48,2,2,2,4,195,495,690,187,0.0003,1,,Chat
13106,20250107,1517,20,2,3,2,3,683,81,764,344,0.0002,1,4.9,Chat
13107,20250509,1539,73,4,5,1,3,688,190,878,318,0.0004,1,4.7,Completion
13108,20250325,808,21,2,5,4,2,268,433,701,380,0.0003,1,,Embedding
13109,20250524,1236,35,4,1,1,3,1003,393,1396,320,0.0007,1,,Chat
13110,20250422,1115,7,4,3,1,2,581,319,900,426,0.0005,1,,Completion
13111,20250523,946,47,2,5,2,3,188,4000,4188,310,0.0024,1,4.3,Chat
13112,20250403,1642,63,4,7,5,3,1185,636,1821,368,0.0011,1,,Embedding
13113,20250522,1717,25,5,6,1,4,1834,380,2214,385,0.0042,1,,Chat
13114,20250603,2151,40,6,3,3,2,793,497,1290,223,0.0002,1,,Chat
13115,20250301,1313,80,1,4,3,2,1906,415,2321,671,0.0158,1,5.0,Embedding
13116,20250325,1558,24,1,2,5,3,6127,264,6391,745,0.0346,1,,Completion
13117,20250621,1130,5,1,2,2,4,2881,1343,4224,1031,0.0345,1,,Completion
13118,20250107,1255,44,3,2,4,3,1549,1291,2840,799,0.024,1,,Completion
13119,20250622,430,5,2,1,1,2,358,536,894,259,0.0004,1,,Chat
13120,20250425,1726,53,5,1,2,2,1699,275,1974,338,0.0035,1,,Completion
13121,20250415,1928,78,1,1,2,3,3708,289,3997,607,0.0229,1,5.0,Completion
13122,20250327,1402,6,1,1,2,4,525,1663,2188,503,0.0276,1,4.0,Embedding
13123,20250406,1344,35,1,2,5,3,3912,392,4304,573,0.0254,1,4.0,Vision
13124,20250125,1544,39,1,1,2,2,889,2581,3470,441,0.0432,1,,Embedding
13125,20250212,424,65,3,1,1,2,3111,428,3539,466,0.0158,1,,Chat
13126,20250506,1534,4,2,4,1,3,970,172,1142,396,0.0002,1,,Embedding
13127,20250120,1723,71,5,5,6,2,3932,223,4155,295,0.006,1,,Completion
13128,20250324,1416,49,5,4,3,2,495,465,960,326,0.0029,1,,Chat
13129,20250117,1513,61,3,4,3,2,966,493,1459,520,0.0103,1,4.6,Embedding
13130,20250515,1056,4,3,2,1,1,1256,2541,3797,1113,0.0419,1,3.5,Chat
13131,20250512,1945,48,4,3,1,3,438,467,905,120,0.0007,1,4.6,Completion
13132,20250209,1328,70,2,4,1,3,468,1624,2092,305,0.001,1,,Completion
13133,20250614,1413,17,5,4,3,3,625,257,882,332,0.0021,1,4.3,Chat
13134,20250407,1146,39,4,5,2,3,1091,1115,2206,291,0.0017,1,,Chat
13135,20250513,1217,56,6,1,1,2,621,916,1537,293,0.0003,1,,Chat
13136,20250312,1154,21,3,4,4,4,3006,306,3312,596,0.0136,1,,Embedding
13137,20250623,1438,66,5,2,3,3,321,72,393,324,0.0008,1,3.6,Chat
13138,20250403,559,74,3,7,1,4,530,1260,1790,745,0.0205,1,,Chat
13139,20250203,1352,29,4,2,1,3,297,228,525,336,0.0004,1,,Chat
13140,20250614,1306,37,1,4,4,3,389,260,649,551,0.0058,1,4.6,Chat
13141,20250322,1518,6,1,1,2,4,1487,184,1671,956,0.0102,1,4.1,Completion
13142,20250309,1119,6,1,3,2,2,2081,244,2325,1214,0.0141,1,,Chat
13143,20250328,1903,12,3,1,1,1,617,654,1271,415,0.0117,1,3.4,Chat
13144,20250306,1229,16,2,6,1,4,973,677,1650,158,0.0006,1,,Chat
13145,20250624,1120,5,3,2,1,4,3434,2116,5550,474,0.042,1,,Completion
13146,20250329,1724,6,3,1,2,2,389,453,842,389,0.008,1,,Completion
13147,20250416,1224,52,5,6,4,3,3708,315,4023,252,0.0062,1,,Chat
13148,20250328,1151,22,3,1,1,2,992,279,1271,681,0.0072,1,,Chat
13149,20250616,1337,77,2,2,3,3,440,207,647,297,0.0002,1,3.5,Chat
13150,20250628,1128,49,2,4,4,2,535,225,760,120,0.0002,1,,Chat
13151,20250401,1726,41,4,3,1,1,127,73,200,367,0.0001,1,,Chat
13152,20250310,925,69,3,5,3,4,167,2144,2311,504,0.0327,1,,Chat
13153,20250126,1846,63,4,7,2,2,291,81,372,248,0.0002,1,,Vision
13154,20250624,915,70,5,3,1,2,957,586,1543,371,0.0041,1,,Chat
13155,20250503,1225,68,6,4,3,3,2303,150,2453,293,0.0002,1,3.7,Chat
13156,20250218,1328,72,4,1,3,4,3925,922,4847,283,0.0021,1,3.7,Chat
13157,20250219,1456,42,1,2,4,2,6220,294,6514,187,0.0355,1,,Completion
13158,20250527,1045,51,6,7,4,3,458,1050,1508,381,0.0003,1,,Chat
13159,20250327,1303,29,1,2,3,4,2135,306,2441,1125,0.0153,1,3.3,Completion
13160,20250530,1856,48,4,2,2,2,697,310,1007,348,0.0006,1,4.8,Completion
13161,20250408,1304,39,1,5,3,3,216,2582,2798,915,0.0398,1,,Embedding
13162,20250613,1551,4,2,5,5,2,455,333,788,120,0.0003,1,,Chat
13163,20250103,918,11,1,4,1,2,7840,983,8823,206,0.0539,1,,Chat
13164,20250623,1040,24,3,1,3,2,195,286,481,612,0.0049,1,,Chat
13165,20250409,2023,65,1,6,1,4,2936,451,3387,592,0.0214,1,,Chat
13166,20250420,1018,23,5,3,2,2,1774,923,2697,148,0.0068,1,,Completion
13167,20250107,723,2,6,1,2,4,499,279,778,305,0.0001,1,,Embedding
13168,20250125,711,38,5,1,2,2,349,307,656,203,0.002,1,,Vision
13169,20250614,1720,60,3,2,1,1,8677,360,9037,852,0.0314,1,,Completion
13170,20250518,1233,22,4,1,1,1,287,180,467,355,0.0003,1,3.7,Completion
13171,20250122,1113,52,1,2,1,3,857,203,1060,794,0.0073,1,,Chat
13172,20250503,1502,9,2,7,2,4,2463,548,3011,320,0.0007,1,,Embedding
13173,20250306,1629,31,5,4,2,2,528,362,890,371,0.0025,1,,Embedding
13174,20250413,1040,66,6,2,3,1,3076,568,3644,478,0.0004,1,,Chat
13175,20250119,911,47,4,7,3,4,230,453,683,292,0.0006,1,,Chat
13176,20250130,1225,9,3,4,1,1,376,466,842,699,0.0081,1,4.5,Chat
13177,20250107,840,24,1,1,4,3,888,865,1753,829,0.0174,1,,Vision
13178,20250109,1227,74,4,1,1,2,323,364,687,259,0.0005,1,,Embedding
13179,20250131,834,26,1,3,4,3,853,343,1196,655,0.0094,1,3.3,Completion
13180,20250403,1151,10,4,2,3,2,406,282,688,342,0.0005,1,4.9,Chat
13181,20250301,1440,11,1,1,3,2,12000,180,12180,857,0.0627,1,4.8,Vision
13182,20250617,1355,20,1,3,1,3,332,420,752,305,0.008,1,,Chat
13183,20250131,1449,37,4,3,1,1,505,184,689,176,0.0004,1,,Chat
13184,20250523,1825,75,6,3,1,4,576,394,970,297,0.0002,1,4.1,Embedding
13185,20250420,1424,67,2,4,1,2,495,1199,1694,499,0.0008,1,4.5,Chat
13186,20250621,1914,36,6,2,3,4,678,317,995,387,0.0001,1,,Vision
13187,20250402,1053,71,1,2,2,2,7407,1276,8683,586,0.0562,1,,Chat
13188,20250608,1521,25,4,7,4,3,1169,229,1398,381,0.0006,1,3.5,Vision
13189,20250110,1902,69,1,4,5,4,1030,383,1413,626,0.0109,1,,Completion
13190,20250402,938,26,4,7,3,2,148,228,376,185,0.0003,1,,Chat
13191,20250111,2124,16,4,5,3,3,441,486,927,218,0.0007,1,,Chat
13192,20250118,2137,59,6,2,2,3,558,114,672,345,0.0001,1,4.5,Chat
13193,20250305,1549,24,6,6,4,3,1964,289,2253,290,0.0002,1,4.4,Completion
13194,20250427,727,70,1,1,1,4,3088,638,3726,621,0.025,1,,Completion
13195,20250513,1338,65,2,2,6,1,515,679,1194,189,0.0005,1,,Completion
13196,20250511,1642,3,1,1,3,4,268,97,365,970,0.0028,1,,Chat
13197,20250421,946,40,2,1,1,3,731,263,994,313,0.0003,1,3.3,Vision
13198,20250322,1442,61,6,2,1,3,1700,98,1798,345,0.0002,1,4.2,Chat
13199,20250618,1329,24,1,3,1,1,289,363,652,285,0.0069,1,,Chat
13200,20250420,756,58,5,2,1,1,449,905,1354,310,0.0051,1,,Chat
13201,20250417,1956,63,3,2,2,4,1445,2623,4068,979,0.0437,1,3.9,Chat
13202,20250322,1041,64,2,3,3,4,709,178,887,265,0.0002,1,4.9,Chat
13203,20250406,2005,11,2,1,2,2,373,120,493,170,0.0001,0,4.3,Chat
13204,20250518,1235,61,1,5,2,4,12000,2438,14438,120,0.0966,1,,Chat
13205,20250131,1348,54,1,5,2,2,714,1536,2250,381,0.0266,1,3.8,Chat
13206,20250108,920,13,2,2,1,3,397,183,580,343,0.0002,1,,Completion
13207,20250624,1207,64,1,7,2,2,3652,278,3930,846,0.0224,0,,Embedding
13208,20250403,950,17,4,1,1,2,1156,215,1371,367,0.0006,1,,Chat
13209,20250429,401,74,3,1,1,3,612,1826,2438,604,0.0292,1,,Chat
13210,20250401,737,32,1,4,2,2,660,866,1526,465,0.0163,1,4.3,Embedding
13211,20250224,1821,66,3,3,3,1,3964,1134,5098,884,0.0289,1,,Embedding
13212,20250114,1131,17,4,3,1,3,2536,824,3360,267,0.0017,1,4.2,Completion
13213,20250222,716,47,5,1,1,3,79,766,845,122,0.0039,1,,Chat
13214,20250125,1027,2,2,1,2,3,1021,109,1130,518,0.0002,1,,Chat
13215,20250604,1413,74,1,3,1,4,5872,1620,7492,120,0.0537,1,,Chat
13216,20250630,1649,1,3,3,2,3,1317,567,1884,644,0.0125,1,3.8,Chat
13217,20250310,1816,46,5,1,1,2,2924,119,3043,287,0.0042,1,4.8,Chat
13218,20250604,1908,44,1,4,1,3,1088,729,1817,699,0.0164,1,,Chat
13219,20250222,2208,52,3,5,2,4,2830,4000,6830,1046,0.0685,1,4.6,Chat
13220,20250409,1303,34,6,4,4,4,871,1889,2760,168,0.0006,1,,Chat
13221,20250202,1704,77,2,1,3,4,1331,261,1592,242,0.0004,1,3.6,Chat
13222,20250312,1322,41,3,6,2,3,2703,2438,5141,818,0.0447,1,,Chat
13223,20250607,800,52,2,6,6,4,2579,910,3489,255,0.0009,1,4.9,Chat
13224,20250407,1159,62,6,1,3,2,293,823,1116,120,0.0003,1,4.6,Embedding
13225,20250126,1834,26,6,1,1,3,443,420,863,120,0.0002,1,,Chat
13226,20250311,626,6,6,4,1,1,360,152,512,354,0.0001,1,,Completion
13227,20250608,1531,62,6,7,3,3,3792,510,4302,216,0.0004,1,,Chat
13228,20250606,1838,19,1,6,6,2,842,367,1209,650,0.0097,1,3.2,Chat
13229,20250610,2022,20,4,3,1,3,1712,785,2497,472,0.0014,1,,Completion
13230,20250612,1733,17,1,4,1,3,392,1003,1395,1019,0.017,1,,Chat
13231,20250618,700,69,2,2,3,2,656,133,789,292,0.0002,1,,Chat
13232,20250324,1838,17,1,1,5,4,5129,505,5634,800,0.0332,1,,Embedding
13233,20250122,710,8,3,4,4,2,233,1743,1976,120,0.0268,1,,Chat
13234,20250627,1128,65,4,2,1,1,1223,398,1621,120,0.0008,1,,Embedding
13235,20250210,1648,57,1,1,2,3,566,675,1241,508,0.013,1,,Vision
13236,20250118,1139,19,4,4,1,3,131,243,374,401,0.0003,1,,Chat
13237,20250613,1208,34,5,3,1,4,473,181,654,153,0.0015,1,,Chat
13238,20250415,1011,25,1,2,1,3,1671,4000,5671,871,0.0684,1,,Embedding
13239,20250104,1656,34,2,2,4,2,3993,491,4484,385,0.0009,1,,Completion
13240,20250418,1443,11,3,3,1,3,2104,157,2261,579,0.0087,1,4.0,Completion
13241,20250128,1111,12,2,3,1,1,382,186,568,420,0.0002,1,,Vision
13242,20250405,1227,77,5,1,1,4,584,2264,2848,355,0.012,1,,Chat
13243,20250213,1409,5,4,2,3,1,1724,187,1911,238,0.0007,1,,Chat
13244,20250210,1217,61,1,3,6,2,1719,937,2656,434,0.0226,1,,Completion
13245,20250223,1535,21,2,5,3,4,1145,221,1366,263,0.0003,1,4.3,Chat
13246,20250327,939,4,1,1,1,4,296,202,498,813,0.0045,1,,Vision
13247,20250531,1643,45,3,4,1,4,9205,624,9829,661,0.037,1,,Completion
13248,20250108,1527,70,1,5,2,3,460,1419,1879,736,0.0236,1,,Embedding
13249,20250429,1047,6,3,6,1,4,1942,1237,3179,347,0.0244,1,4.1,Completion
13250,20250220,1800,23,6,5,1,2,443,24,467,375,0.0,1,4.0,Chat
13251,20250604,1922,46,2,1,1,4,241,79,320,410,0.0001,1,,Chat
13252,20250315,1103,39,5,1,1,1,2231,72,2303,417,0.0031,1,,Chat
13253,20250620,1804,6,3,1,1,2,2299,89,2388,567,0.0082,1,3.9,Chat
13254,20250309,1821,67,1,6,1,4,247,366,613,740,0.0067,1,,Completion
13255,20250513,941,7,3,6,1,3,4917,1715,6632,705,0.0405,1,,Chat
13256,20250628,1550,16,1,7,1,3,780,1053,1833,514,0.0197,1,3.4,Embedding
13257,20250226,1327,33,3,1,1,2,818,2353,3171,924,0.0377,1,,Chat
13258,20250307,900,25,5,1,3,3,2216,167,2383,461,0.0036,1,,Completion
13259,20250611,2009,12,1,2,1,4,12000,794,12794,586,0.0719,1,,Completion
13260,20250328,1206,31,3,5,3,3,1949,229,2178,120,0.0093,1,3.9,Vision
13261,20250119,1254,19,1,7,1,2,1395,1020,2415,740,0.0223,1,,Chat
13262,20250121,1423,80,2,1,1,1,1905,157,2062,214,0.0004,1,,Embedding
13263,20250116,2256,6,6,7,6,2,50,855,905,335,0.0003,1,,Chat
13264,20250404,1335,15,1,2,4,3,3281,1191,4472,318,0.0343,1,,Embedding
13265,20250610,1041,18,5,1,4,4,431,54,485,279,0.0008,1,,Chat
13266,20250630,1650,47,4,1,4,1,1899,352,2251,206,0.0009,1,4.6,Chat
13267,20250108,1400,55,6,5,1,2,619,643,1262,275,0.0002,1,,Chat
13268,20250215,1732,56,1,3,1,4,1031,2050,3081,690,0.0359,1,,Completion
13269,20250419,1124,48,1,5,2,4,959,1200,2159,360,0.0228,1,,Chat
13270,20250303,1340,80,1,4,6,3,3901,983,4884,388,0.0342,1,,Vision
13271,20250130,1523,65,1,1,2,2,350,718,1068,963,0.0125,1,,Chat
13272,20250202,1442,76,1,4,4,4,431,501,932,694,0.0097,1,,Chat
13273,20250526,1844,71,2,2,4,4,1763,130,1893,248,0.0003,1,,Completion
13274,20250414,1556,21,2,2,1,2,385,504,889,147,0.0004,1,,Vision
13275,20250618,1516,78,1,1,2,4,3741,633,4374,689,0.0282,1,,Chat
13276,20250202,1757,47,5,6,1,3,445,560,1005,277,0.0034,1,3.5,Chat
13277,20250505,1015,43,1,2,3,2,3302,2277,5579,913,0.0507,1,,Chat
13278,20250521,1737,31,1,2,1,3,2231,849,3080,628,0.0239,1,,Completion
13279,20250104,1149,39,2,6,2,3,103,87,190,281,0.0001,1,,Completion
13280,20250524,806,56,5,5,4,2,965,1458,2423,120,0.0085,1,,Completion
13281,20250324,1032,21,2,1,3,2,4756,671,5427,269,0.0011,1,,Chat
13282,20250124,1110,30,4,1,1,1,1126,759,1885,155,0.0012,1,,Completion
13283,20250405,1920,36,5,1,4,3,952,733,1685,380,0.0049,1,,Vision
13284,20250118,1559,61,3,1,1,4,2091,984,3075,568,0.021,1,4.6,Completion
13285,20250324,1637,38,3,1,5,4,1033,602,1635,1005,0.0121,1,,Chat
13286,20250528,1349,44,5,6,1,4,965,284,1249,244,0.0026,1,3.7,Chat
13287,20250527,2107,18,4,4,2,4,178,345,523,162,0.0005,1,,Chat
13288,20250411,1946,73,1,3,2,2,1259,385,1644,232,0.0121,1,,Chat
13289,20250623,2028,80,3,6,3,4,355,955,1310,861,0.0154,1,,Embedding
13290,20250409,2256,8,1,4,1,2,771,267,1038,552,0.0079,0,,Chat
13291,20250505,1156,62,3,1,5,4,203,2846,3049,554,0.0433,1,4.3,Chat
13292,20250422,1330,62,6,1,1,1,1169,1072,2241,166,0.0004,1,,Chat
13293,20250522,1556,24,1,2,4,3,397,826,1223,716,0.0144,1,4.4,Chat
13294,20250514,1216,5,2,1,1,4,820,409,1229,271,0.0004,1,,Completion
13295,20250216,1356,59,2,1,4,4,194,130,324,219,0.0001,1,3.9,Chat
13296,20250121,902,49,4,5,1,3,397,309,706,288,0.0005,1,,Chat
13297,20250609,1649,48,2,1,2,2,766,365,1131,332,0.0003,1,,Completion
13298,20250427,1041,25,3,1,1,2,582,422,1004,491,0.0081,1,,Completion
13299,20250430,621,9,3,1,2,4,2382,233,2615,1062,0.0106,1,5.0,Vision
13300,20250117,1404,78,3,1,3,4,298,1134,1432,657,0.0179,1,,Completion
13301,20250130,1517,54,1,1,1,3,814,248,1062,317,0.0078,1,,Chat
13302,20250220,800,42,4,5,3,2,194,243,437,274,0.0004,1,,Vision
13303,20250212,746,16,4,2,1,3,1498,372,1870,517,0.0008,1,,Completion
13304,20250610,1222,46,2,1,2,2,4962,622,5584,120,0.0011,1,,Chat
13305,20250604,910,38,2,7,2,4,885,74,959,192,0.0002,1,,Chat
13306,20250627,730,27,3,1,1,1,11369,1709,13078,572,0.0597,1,,Completion
13307,20250221,2029,16,4,3,1,4,2063,1006,3069,225,0.0018,1,4.2,Chat
13308,20250514,1237,77,2,7,1,2,247,299,546,200,0.0002,1,,Chat
13309,20250121,908,36,3,2,1,3,4153,1139,5292,449,0.0295,1,,Chat
13310,20250329,1730,51,3,2,3,3,1824,446,2270,1011,0.0122,1,4.6,Chat
13311,20250312,1513,43,1,1,4,3,7922,1030,8952,798,0.0551,1,3.9,Chat
13312,20250621,907,1,1,3,5,3,767,2403,3170,914,0.0399,1,,Chat
13313,20250315,1231,22,1,1,4,1,346,2912,3258,892,0.0454,1,,Chat
13314,20250516,922,18,2,5,4,2,237,1569,1806,230,0.001,1,4.8,Chat
13315,20250416,1214,16,3,1,6,4,678,843,1521,331,0.0147,1,,Vision
13316,20250214,1454,72,1,2,1,4,328,159,487,339,0.004,1,,Completion
13317,20250608,848,28,3,6,3,3,2758,1195,3953,612,0.0262,1,3.7,Chat
13318,20250505,1150,34,5,5,1,4,2306,596,2902,164,0.0059,1,,Completion
13319,20250605,1527,71,4,2,2,3,870,608,1478,549,0.001,1,,Completion
13320,20250330,1008,58,6,7,2,1,1095,1178,2273,448,0.0004,1,,Chat
13321,20250401,1455,9,1,4,1,3,362,109,471,838,0.0034,1,,Chat
13322,20250625,1535,45,6,1,3,1,746,419,1165,375,0.0002,1,,Completion
13323,20250628,1600,68,3,2,2,3,1971,342,2313,886,0.011,1,,Chat
13324,20250321,1117,12,1,7,1,2,3525,414,3939,784,0.0238,1,,Embedding
13325,20250528,2150,42,1,1,1,4,2593,2311,4904,565,0.0476,1,,Chat
13326,20250409,1401,13,2,2,4,4,483,80,563,384,0.0001,1,,Chat
13327,20250322,1630,78,1,2,1,3,2203,1939,4142,391,0.0401,1,,Embedding
13328,20250413,816,40,4,3,1,2,2032,311,2343,301,0.0009,1,,Chat
13329,20250103,859,10,2,1,1,3,2502,584,3086,223,0.0007,1,4.9,Chat
13330,20250308,2205,30,1,6,3,3,342,440,782,874,0.0083,1,,Completion
13331,20250422,1844,13,6,1,5,2,173,259,432,353,0.0001,1,3.9,Completion
13332,20250216,1959,4,4,4,6,3,2321,599,2920,288,0.0013,1,,Embedding
13333,20250318,1349,50,1,1,1,3,2204,2350,4554,601,0.0463,1,4.8,Chat
13334,20250503,1213,77,1,1,1,1,4210,1649,5859,536,0.0458,1,,Chat
13335,20250203,858,59,5,1,1,4,142,368,510,171,0.002,1,,Embedding
13336,20250529,1723,13,2,4,5,1,141,1301,1442,246,0.0008,0,,Chat
13337,20250328,1041,47,6,1,1,1,408,158,566,428,0.0001,1,,Completion
13338,20250608,1632,28,2,7,5,3,725,118,843,274,0.0002,1,3.3,Embedding
13339,20250412,1054,55,3,4,4,3,96,311,407,787,0.005,1,,Completion
13340,20250222,1230,32,2,3,5,1,583,800,1383,364,0.0006,1,,Chat
13341,20250402,2153,60,4,1,2,4,92,161,253,2944,0.0002,1,,Completion
13342,20250311,1540,30,6,2,4,1,727,197,924,302,0.0001,1,3.4,Completion
13343,20250204,1411,24,4,1,2,3,125,396,521,229,0.0005,1,,Chat
13344,20250628,1733,34,3,6,5,3,1890,3858,5748,649,0.0635,1,,Completion
13345,20250405,921,48,3,2,1,3,111,246,357,735,0.004,1,,Embedding
13346,20250619,1651,57,2,3,1,3,385,229,614,286,0.0002,1,,Completion
13347,20250610,1555,17,3,6,2,2,3714,344,4058,481,0.0163,0,4.5,Completion
13348,20250305,2259,67,1,1,3,3,7968,363,8331,909,0.0453,0,3.6,Completion
13349,20250312,2252,72,2,2,6,2,2176,172,2348,290,0.0004,1,,Chat
13350,20250528,610,24,4,2,3,1,279,326,605,301,0.0005,1,,Chat
13351,20250525,1112,52,2,2,2,1,55,389,444,351,0.0002,1,,Chat
13352,20250624,1739,72,4,1,1,3,552,294,846,304,0.0005,1,3.5,Vision
13353,20250623,1522,49,3,1,2,4,1219,66,1285,967,0.0046,1,4.5,Chat
13354,20250212,1251,80,2,1,4,1,221,236,457,290,0.0002,1,,Chat
13355,20250407,1102,54,1,1,3,2,780,442,1222,732,0.0105,1,,Completion
13356,20250311,1048,7,2,3,4,3,901,102,1003,476,0.0002,1,,Chat
13357,20250119,1838,5,1,2,1,1,1017,827,1844,384,0.0175,1,4.4,Chat
13358,20250203,1622,70,4,6,5,2,1423,414,1837,368,0.0009,1,,Chat
13359,20250221,1356,26,1,1,5,2,1210,321,1531,776,0.0109,1,,Vision
13360,20250621,1026,11,3,2,1,1,2027,802,2829,955,0.0181,1,,Chat
13361,20250311,1655,57,5,2,5,3,136,187,323,212,0.0011,1,,Vision
13362,20250430,1129,71,1,7,1,3,3521,74,3595,974,0.0187,1,,Chat
13363,20250207,1706,3,2,2,2,3,786,444,1230,287,0.0004,1,,Embedding
13364,20250113,1459,68,2,5,1,3,1832,273,2105,338,0.0004,1,,Chat
13365,20250615,1037,8,2,2,1,4,1074,261,1335,321,0.0003,1,,Chat
13366,20250510,1017,70,2,1,5,3,996,317,1313,433,0.0003,1,,Chat
13367,20250606,1542,19,2,1,2,4,1036,226,1262,310,0.0003,1,,Chat
13368,20250511,1522,6,2,7,1,3,483,228,711,200,0.0002,1,,Chat
13369,20250618,1350,18,2,1,1,4,369,423,792,202,0.0003,1,,Chat
13370,20250408,1335,24,2,3,1,1,283,873,1156,282,0.0006,1,,Chat
13371,20250626,1412,13,2,5,2,3,1136,1493,2629,287,0.0011,1,3.3,Embedding
13372,20250125,827,6,2,1,1,3,1927,104,2031,231,0.0004,1,3.2,Embedding
13373,20250126,1829,38,1,3,2,4,957,349,1306,713,0.01,1,,Chat
13374,20250311,1434,79,5,3,2,3,356,696,1052,400,0.0039,1,,Completion
13375,20250206,1931,11,1,5,1,3,2325,309,2634,364,0.0163,1,,Chat
13376,20250521,456,47,3,7,5,1,3763,724,4487,554,0.0221,1,4.6,Completion
13377,20250321,646,61,4,5,1,2,229,73,302,421,0.0001,1,,Completion
13378,20250525,1659,3,2,6,1,2,205,1325,1530,209,0.0008,1,4.3,Chat
13379,20250412,1516,49,1,4,1,2,1903,550,2453,581,0.0178,1,,Chat
13380,20250102,1419,43,1,2,4,4,1012,762,1774,715,0.0165,1,,Completion
13381,20250302,1100,8,2,3,3,3,1792,162,1954,318,0.0004,1,,Embedding
13382,20250515,1250,42,3,1,2,3,561,462,1023,499,0.0086,1,5.0,Completion
13383,20250309,1629,46,2,1,3,2,610,1057,1667,186,0.0007,1,,Completion
13384,20250309,530,10,3,3,1,4,1987,3091,5078,761,0.0523,1,3.4,Completion
13385,20250412,1052,65,4,1,1,3,264,1848,2112,242,0.0024,1,4.0,Completion
13386,20250101,932,69,1,2,4,3,4404,523,4927,188,0.0299,1,4.5,Chat
13387,20250507,2255,74,5,2,2,2,1125,91,1216,416,0.0019,1,3.4,Completion
13388,20250328,953,68,5,1,3,1,245,154,399,470,0.0011,1,,Chat
13389,20250330,2244,61,2,4,1,2,406,1407,1813,120,0.0009,1,,Vision
13390,20250629,1735,48,1,6,1,4,5240,2517,7757,667,0.064,1,,Completion
13391,20250529,1609,30,2,1,6,1,348,337,685,263,0.0003,1,4.9,Chat
13392,20250624,1341,67,1,5,1,3,4165,738,4903,1035,0.0319,1,,Completion
13393,20250308,1421,44,1,5,2,3,11983,1931,13914,630,0.0889,1,3.9,Completion
13394,20250403,1420,1,6,1,2,2,312,378,690,183,0.0001,1,,Chat
13395,20250402,1936,36,2,4,2,3,488,446,934,120,0.0003,1,4.9,Chat
13396,20250531,1241,44,1,4,1,1,923,1443,2366,768,0.0263,1,,Embedding
13397,20250609,1831,39,5,6,4,2,990,940,1930,321,0.0059,1,3.3,Chat
13398,20250417,805,63,5,7,1,4,613,319,932,120,0.0024,1,,Chat
13399,20250207,927,17,3,1,1,4,10318,463,10781,626,0.0379,1,,Chat
13400,20250324,559,55,3,6,1,2,348,953,1301,544,0.0153,1,,Chat
13401,20250405,920,14,4,1,1,2,2138,182,2320,152,0.0008,1,4.1,Chat
13402,20250424,1441,46,2,3,3,3,319,165,484,274,0.0001,1,,Chat
13403,20250324,1112,69,1,1,5,1,252,1023,1275,846,0.0166,1,5.0,Chat
13404,20250518,1234,47,1,1,2,3,2490,423,2913,215,0.0188,1,,Chat
13405,20250323,1713,31,1,2,2,4,1212,694,1906,625,0.0165,1,5.0,Completion
13406,20250121,1315,7,4,1,1,2,755,378,1133,403,0.0007,1,3.6,Chat
13407,20250422,1548,33,6,1,3,4,1917,1189,3106,122,0.0005,1,,Chat
13408,20250524,1948,53,5,1,1,1,1197,500,1697,376,0.004,1,4.9,Completion
13409,20250406,1245,43,1,7,1,3,2446,220,2666,328,0.0155,1,,Completion
13410,20250228,1600,74,2,4,5,3,624,329,953,201,0.0003,1,,Chat
13411,20250620,1518,13,5,2,2,4,453,317,770,232,0.0022,0,,Embedding
13412,20250210,1009,22,1,1,3,3,1088,1856,2944,542,0.0333,1,,Chat
13413,20250409,1356,53,2,7,1,2,523,192,715,400,0.0002,1,,Completion
13414,20250426,815,48,2,2,2,2,615,161,776,335,0.0002,1,4.4,Embedding
13415,20250201,1458,62,6,1,5,3,1927,616,2543,287,0.0003,1,4.8,Chat
13416,20250419,1656,76,2,5,4,3,1411,152,1563,355,0.0003,1,,Chat
13417,20250511,1515,69,1,4,4,1,2185,408,2593,455,0.017,1,3.3,Completion
13418,20250313,932,80,5,1,1,3,50,180,230,519,0.001,1,4.6,Chat
13419,20250311,1707,64,3,6,3,3,1841,1499,3340,590,0.028,1,,Chat
13420,20250512,1229,41,3,1,6,3,1002,299,1301,501,0.0075,1,,Completion
13421,20250606,1329,17,6,1,3,3,704,1019,1723,380,0.0004,1,4.5,Vision
13422,20250216,815,64,6,3,1,2,510,129,639,120,0.0001,1,,Completion
13423,20250331,1450,21,1,1,5,2,2385,644,3029,749,0.0216,1,,Chat
13424,20250531,1234,32,2,6,5,4,263,241,504,414,0.0002,1,,Completion
13425,20250213,1522,46,1,7,5,3,292,681,973,939,0.0117,1,,Chat
13426,20250128,1746,70,2,2,4,4,2117,93,2210,292,0.0004,1,3.9,Chat
13427,20250417,1238,43,2,1,1,3,1136,160,1296,195,0.0003,1,,Completion
13428,20250510,1322,2,2,1,4,2,290,411,701,120,0.0003,1,,Chat
13429,20250416,1849,70,4,5,1,4,54,712,766,223,0.0009,1,,Completion
13430,20250528,802,77,1,1,1,2,1587,1395,2982,913,0.0289,1,,Chat
13431,20250615,1835,62,4,2,2,3,307,393,700,120,0.0006,1,,Chat
13432,20250303,1441,17,3,2,1,3,1878,421,2299,232,0.0119,1,,Completion
13433,20250225,1113,20,2,1,3,3,3701,460,4161,232,0.0008,1,5.0,Chat
13434,20250626,1322,30,5,4,1,3,940,88,1028,133,0.0016,1,4.3,Chat
13435,20250506,1149,77,1,2,3,2,803,3308,4111,666,0.0536,1,,Chat
13436,20250307,1100,26,5,1,4,3,699,59,758,191,0.0012,1,,Chat
13437,20250521,1146,53,5,2,5,2,265,943,1208,344,0.005,1,,Chat
13438,20250427,923,37,1,2,2,2,377,181,558,607,0.0046,1,,Chat
13439,20250202,1412,8,1,2,4,1,2030,229,2259,609,0.0136,1,,Chat
13440,20250226,1345,48,5,1,3,2,1953,637,2590,139,0.0056,1,,Chat
13441,20250103,649,76,1,1,1,3,1198,328,1526,431,0.0109,1,,Chat
13442,20250506,1052,74,4,3,2,2,1120,92,1212,461,0.0004,1,3.2,Vision
13443,20250301,1108,49,5,2,3,1,1175,187,1362,131,0.0024,1,,Completion
13444,20250404,1349,36,5,7,1,2,215,374,589,277,0.0021,1,,Chat
13445,20250528,1126,18,4,4,1,3,762,798,1560,269,0.0012,1,,Chat
13446,20250407,1149,56,3,7,3,3,1998,915,2913,585,0.0197,1,,Chat
13447,20250417,1952,60,3,4,6,3,992,2473,3465,501,0.0401,1,3.2,Chat
13448,20250608,1756,59,3,1,6,3,1075,776,1851,189,0.0149,1,,Chat
13449,20250227,2256,15,2,4,4,3,884,783,1667,144,0.0006,1,,Embedding
13450,20250608,1422,73,3,1,4,4,1119,220,1339,942,0.0067,1,,Completion
13451,20250421,1444,70,3,3,1,2,1268,1089,2357,455,0.0201,1,,Completion
13452,20250407,1412,70,5,6,1,3,721,370,1091,380,0.0028,1,,Chat
13453,20250427,1224,55,1,3,1,3,788,335,1123,500,0.009,1,,Chat
13454,20250620,1858,56,3,2,1,3,1248,1590,2838,711,0.0276,1,,Chat
13455,20250210,1051,28,2,5,2,2,171,96,267,192,0.0001,1,,Completion
13456,20250110,1843,5,6,5,2,2,2144,357,2501,370,0.0003,1,4.6,Completion
13457,20250112,1138,55,3,5,1,3,714,1251,1965,687,0.0209,1,,Chat
13458,20250411,1640,69,1,1,1,2,1409,421,1830,600,0.0134,1,,Chat
13459,20250208,1545,28,3,6,1,3,1702,248,1950,622,0.0088,1,,Completion
13460,20250311,712,31,3,1,6,1,944,250,1194,120,0.0066,1,3.6,Chat
13461,20250227,2224,57,5,3,4,2,331,148,479,439,0.0012,1,,Chat
13462,20250327,945,16,4,1,1,4,180,277,457,231,0.0004,1,,Chat
13463,20250217,1155,53,3,1,2,3,535,503,1038,1022,0.0092,1,,Chat
13464,20250120,750,51,3,2,2,3,3104,2583,5687,507,0.0481,1,,Chat
13465,20250604,1512,19,5,5,5,2,595,76,671,399,0.0011,1,,Chat
13466,20250109,1431,51,5,7,4,2,416,90,506,331,0.001,1,,Chat
13467,20250405,1436,38,4,4,3,2,1147,529,1676,200,0.0009,1,4.1,Chat
13468,20250331,0,65,1,2,2,3,1199,508,1707,687,0.0136,1,,Chat
13469,20250525,2004,68,5,1,1,2,636,595,1231,316,0.0038,1,,Chat
13470,20250124,843,21,4,3,1,4,208,880,1088,193,0.0012,1,,Vision
13471,20250218,1550,46,2,2,5,1,264,622,886,304,0.0004,1,,Completion
13472,20250103,1219,14,3,1,1,1,2608,770,3378,485,0.0194,1,,Completion
13473,20250316,1403,5,1,1,2,1,2615,1723,4338,620,0.0389,1,4.7,Vision
13474,20250427,2120,72,6,4,2,3,340,87,427,141,0.0001,1,3.9,Embedding
13475,20250525,1350,58,5,4,3,2,672,367,1039,214,0.0027,1,4.4,Chat
13476,20250618,2243,2,2,3,3,3,2591,124,2715,270,0.0005,0,,Embedding
13477,20250317,1423,59,2,1,6,2,1232,90,1322,120,0.0002,1,4.7,Chat
13478,20250309,959,58,2,2,1,2,2575,189,2764,359,0.0005,1,,Chat
13479,20250416,1629,40,1,1,1,3,1119,1320,2439,370,0.0254,1,3.3,Chat
13480,20250129,1227,80,1,1,1,2,145,660,805,469,0.0106,1,4.6,Chat
13481,20250301,2259,67,2,1,1,2,701,662,1363,343,0.0005,1,3.3,Vision
13482,20250207,1354,7,5,1,1,1,1624,339,1963,326,0.0037,1,3.9,Chat
13483,20250409,2300,31,2,3,1,1,790,210,1000,210,0.0002,1,,Vision
13484,20250123,1325,3,3,2,2,3,1505,636,2141,290,0.0141,1,,Chat
13485,20250108,423,27,3,1,4,3,508,636,1144,664,0.0111,1,4.2,Chat
13486,20250314,1531,7,6,7,6,3,922,216,1138,179,0.0001,1,,Embedding
13487,20250319,1633,56,2,4,1,3,815,130,945,341,0.0002,1,4.2,Chat
13488,20250223,1723,23,1,3,1,3,2949,1504,4453,479,0.0373,1,3.8,Chat
13489,20250520,1721,73,6,2,2,3,577,1878,2455,367,0.0006,1,,Vision
13490,20250414,1516,15,4,1,2,3,3117,214,3331,333,0.001,1,,Vision
13491,20250304,2239,14,1,2,6,4,3020,694,3714,588,0.0255,1,,Chat
13492,20250318,1044,49,3,7,4,3,1002,276,1278,597,0.0071,1,4.3,Chat
13493,20250208,1347,67,1,1,4,2,3600,408,4008,514,0.0241,1,4.6,Completion
13494,20250303,1752,40,4,5,6,3,1245,268,1513,338,0.0006,1,4.2,Embedding
13495,20250131,1201,29,5,5,1,3,549,1237,1786,266,0.0069,1,,Completion
13496,20250207,1256,40,6,2,2,1,675,62,737,263,0.0001,1,,Completion
13497,20250531,1521,39,2,1,3,2,3957,357,4314,322,0.0008,1,4.7,Completion
13498,20250516,1552,46,1,2,1,4,12000,1560,13560,319,0.0834,1,,Completion
13499,20250612,1818,80,2,7,1,3,284,189,473,152,0.0002,1,,Chat
13500,20250121,2100,16,1,3,2,4,4386,1937,6323,885,0.051,1,4.3,Vision
